Workbook
Name _PM25: #REF!
Name _PM25: #REF!
Name _PM25: #REF!
Name _PM25: #REF!
Name _PM25: #REF!
Name _PM25: #REF!
Name _PM25: #REF!
Name _PM25: #REF!
Name _PM32: #REF!
Name _PM32: #REF!
Name _PM32: #REF!
Name _PM32: #REF!
Name _PM32: #REF!
Name _PM32: #REF!
Name _PM32: #REF!
Name _PM32: #REF!
Name KONST1: #REF!
Name KONST1: #REF!
Name KONST1: #REF!
Name KONST1: #REF!
Name KONST1: #REF!
Name KONST1: #REF!
Name KONST1: #REF!
Name KONST1: #REF!
Name KONST2: #REF!
Name KONST2: #REF!
Name KONST2: #REF!
Name KONST2: #REF!
Name KONST2: #REF!
Name KONST2: #REF!
Name KONST2: #REF!
Name KONST2: #REF!
Name KONST3: #REF!
Name KONST3: #REF!
Name KONST3: #REF!
Name KONST3: #REF!
Name KONST3: #REF!
Name KONST3: #REF!
Name KONST3: #REF!
Name KONST3: #REF!
Name MASS1: #REF!
Name MASS1: #REF!
Name MASS1: #REF!
Name MASS1: #REF!
Name MASS2: #REF!
Name MASS2: #REF!
Name MASS2: #REF!
Name MASS2: #REF!
Name MASS3: #REF!
Name MASS3: #REF!
Name MASS3: #REF!
Name MASS3: #REF!
Name MASS4: #REF!
Name MASS4: #REF!
Name MASS4: #REF!
Name MASS4: #REF!
Name MASS5: #REF!
Name MASS5: #REF!
Name MASS5: #REF!
Name MASS5: #REF!

Sheet Data
B1: PP | E1: GS | I1: CT90 | R1: UCS | S1: Undis | T1: Remol | V1: TRX UU | Z1: DS
A2: SG | B2: 1 | C2: 2 | E2: 0 | F2: 60.1 | G2: berat | I2: 0.9945 | J2: 0.9909 | K2: 0.98 | L2: 0.954 | M2: 0.896 | N2: 0.8152 | O2: 0.7 | P2: 0.7182 | V2: 0 | W2: 0 | X2: 0
B3: 10.454 | C3: 10.46 | E3: 0 | F3: 20 | G3: suhu | I3: 0.9923 | J3: 0.9873 | K3: 0.9716 | L3: 0.94 | M3: 0.8814 | N3: 0.8012 | V3: 6 | W3: 15 | X3: 33
B4: 25 | C4: 25 | E4: 0 | F4: 55 | I4: 0.992 | J4: 0.9868 | K4: 0.9702 | L4: 0.9378 | M4: 0.8792 | N4: 0.7967 | V4: 11 | W4: 25 | X4: 45
B5: 158.621 | C5: 159.368 | E5: 0 | F5: 54 | I5: 0.9917 | J5: 0.986 | K5: 0.968 | L5: 0.9356 | M5: 0.8761 | N5: 0.7928 | V5: 16 | W5: 33 | X5: 55
A6: MC | B6: 137 | C6: 46 | E6: 0 | F6: 53 | I6: 0.9914 | J6: 0.9853 | K6: 0.9664 | L6: 0.933 | M6: 0.8721 | N6: 0.7886 | V6: 21 | W6: 38 | X6: 63
B7: 96.888 | C7: 105.404 | E7: 0 | F7: 51 | I7: 0.9912 | J7: 0.9847 | K7: 0.9648 | L7: 0.9293 | M7: 0.8681 | N7: 0.7814 | V7: 25 | W7: 43 | X7: 69
B8: 70.671 | C8: 75.591 | E8: 0 | F8: 48 | I8: 0.991 | J8: 0.984 | K8: 0.9633 | L8: 0.926 | M8: 0.8614 | N8: 0.7732 | V8: 29 | W8: 47 | X8: 75
A9: UW | B9: 1 | E9: 0 | F9: 46 | I9: 0.9909 | J9: 0.9832 | K9: 0.9616 | L9: 0.922 | M9: 0.8541 | N9: 0.7654 | V9: 31 | W9: 51 | X9: 80
B10: 94.969 | E10: 0.957 | F10: 44 | I10: 0.9909 | J10: 0.9826 | K10: 0.9599 | L10: 0.917 | M10: 0.8447 | N10: 0.7541 | V10: 35 | W10: 54 | X10: 85
E11: 1.982 | F11: 37 | I11: 0.9909 | J11: 0.982 | K11: 0.958 | L11: 0.9098 | M11: 0.8355 | N11: 0.7415 | V11: 37 | W11: 58 | X11: 89
E12: 2.222 | F12: 25 | I12: 0.9909 | J12: 0.9812 | K12: 0.9562 | L12: 0.9041 | M12: 0.8287 | N12: 0.7272 | V12: 39 | W12: 60 | X12: 94
E13: 1.968 | I13: 0.9909 | J13: 0.9809 | K13: 0.9548 | L13: 0.9 | M13: 0.8222 | N13: 0.7163 | V13: 41 | W13: 62 | X13: 100
E14: 0.818 | I14: 0.9909 | J14: 0.9806 | K14: 0.9544 | L14: 0.897 | M14: 0.8193 | N14: 0.7102 | V14: 43 | W14: 64 | X14: 102
E15: 1.14 | I15: 0.9909 | J15: 0.98 | K15: 0.954 | L15: 0.896 | M15: 0.8152 | N15: 0.7 | O15: 0.7182 | P15: 0.7436 | V15: 45 | W15: 66 | X15: 105
H16: dry soil | I16: 47.283937 | K16: 47.283937 | V16: 47 | W16: 68 | X16: 110
H17: container no | I17: 1 | K17: 1 | V17: 49 | W17: 70 | X17: 113
H18: con + wet soil | I18: 75.611 | K18: 75.611 | V18: 51 | W18: 72 | X18: 115
H19: container w | I19: 8.834 | K19: 8.834 | V19: 53 | W19: 74 | X19: 118
V20: 55 | W20: 76 | X20: 120
V21: 56 | W21: 77 | X21: 122
V22: 58 | W22: 78 | X22: 124
V23: 59 | W23: 79 | X23: 126
V24: 59 | W24: 79.5 | X24: 128
V25: 59 | W25: 80 | X25: 130
V26: 59 | W26: 80 | X26: 131
V27: 59 | W27: 80 | X27: 131.5
V28: 59 | W28: 80 | X28: 132
W29: 80 | X29: 132
W30: 80 | X30: 132
X31: 132
X32: 132

Sheet Resume
D3: GEOLAND QUATTRO TECHNOLAB
D4: JL. Nata Endah, Komplek Indahco No.22 Kel. Margahayu Tengah
D5: Kec. Margahayu, Kab. Bandung 40225
D6: Telp/WhatsApp : 082115618130
D7: Email : geolandquattro@gmail.com; geolandquattro@geolandtechnolab.com
C9: LAPORAN HASIL UJI
C10: Report of Analysis
C11: =Details!B2 -> MGS/02/VI/2026
C12: Nama Pelanggan | E12: : | F12: =Details!B4 -> PT Itamatra Nusantara
C13: ( Customer Name ) | J13: LAB ID | K13: =": "&Details!B7 -> : 23-GQT--19-UDS-1-BH-05-0,00-0,50-100726-001
C15: Alamat | E15: : | F15: =Details!B5 -> Ganda Ganda, Petasia, Morowali Regency, Central Sulawesi | J15: Kode Sampel | L15: : | M15: =Details!B1 -> BH-05_UDS-01
C16: ( Addres ) | J16: ( Sampel Code )
C18: Proyek | E18: : | F18: =Details!B8 -> hidroplogi | J18: Kedalaman | L18: : | M18: =Details!B13&" m" -> 0,00-0,50 m
C19: ( Project ) | J19: ( Depth )
C21: Lokasi | E21: : | F21: =Details!B9 -> Morowali Utara | J21: Tanggal Terima Sampel | L21: : | M21: =Details!B18 -> 46213
C22: ( Location ) | J22: ( Received Date )
J24: Tanggal Analisis | L24: : | M24: =TEXT(Details!B19, "dd mmmm yyyy") & " - " & TEXT(Details!C18,"dd mmmm yyyy") -> 14 July 2026 - 00 January 1900
J25: ( Date of Analysis )
J27: Tanggal Laporan | L27: : | M27: =Details!B17 -> 0
J28: ( Report Date )
C30: No | D30: Parameter | G30: Metode Uji | H30: Sampel | K30: Hasil Pengujian
H31: Unit | I31: Satuan | K31: Hasil | N31: Keterangan
C32: Batas & Parameter Fisik / Index and Physical Properties
C33: 1 | D33: Berat Isi | G33: SNI 03 - 3637 : 1994 | H33: Yn | I33: gr/cm3 | K33: =PP!J39 -> 1.6849798 | N33: -
D34: Unit Weight
C35: 2 | D35: Berat Jenis | G35: SNI 1964 : 2008 | H35: Gs | I35: - | K35: =PP!J24 -> 2.6497359 | N35: -
D36: Specific Gravity
C37: 3 | D37: Kadar Air | G37: SNI 1965 : 2008 | H37: W | I37: % | K37: =PP!J33 -> 44.621389 | N37: -
D38: Moisture Content
C39: 4 | D39: Berat Kering | G39: SNI 03 - 3637 : 1994 | H39: ρd | I39: gr/cm3 | K39: =PP!J41 -> 1.1650972 | N39: -
D40: Dry Density
C41: 5 | D41: Rasio Pori | G41: SNI 03 - 3637 : 1994 | H41: n | I41: - | K41: =PP!J43 -> 0.56029686 | N41: -
D42: Porosity
C43: 6 | D43: Derajat Saturasi | G43: SNI 03 - 3637 : 1994 | H43: Sr | I43: % | K43: =PP!J44 -> 92.786986 | N43: -
D44: Degree of Saturation
C45: Sieve Analysis & Hydrometer test
C46: 7 | D46: Lempung | G46: SNI 3423 : 2008 | H46: - | I46: % | K46: ='A. GS'!Z3 -> 65.05 | N46: -
D47: Clay
C48: 8 | D48: Lanau | G48: SNI 3423 : 2008 | H48: - | I48: % | K48: ='A. GS'!Y3 -> 20.8 | N48: -
D49: Silt
C50: 9 | D50: Pasir | G50: SNI 3423 : 2008 | H50: - | I50: % | K50: ='A. GS'!X3 -> 14.145469 | N50: -
D51: Sand
C52: 10 | D52: Kerikil Halus | G52: SNI 3423 : 2008 | H52: - | I52: % | K52: =GS!M27 -> 0.004530709 | N52: -
D53: Fine Gravel
C54: 11 | D54: Kerikil Kasar | G54: SNI 3423 : 2008 | H54: - | I54: % | K54: =GS!P27 -> 0 | N54: -
D55: Coarse Gravel
C56: Uji Batas Plastis, Indeks Plastisitas dan Batas Cair Tanah / Atterberg Limit Test
C57: 7 | D57: Batas Cair | G57: SNI 1967 : 2008 | H57: LL | I57: % | K57: =ATB!AI32 -> NP | N57: -
D58: Liquid Limit
C59: 8 | D59: Batas Plastis | G59: SNI 1966 : 2008 | H59: PL | I59: % | K59: =ATB!AI33 -> NP | N59: -
D60: Plastic Limit
C61: 9 | D61: Indeks Plastis | G61: SNI 1966 : 2008 | H61: PI | I61: % | K61: =ATB!AI34 -> NP | N61: -
D62: Plastic Index
C63: =ATB!AH78 -> Klasifikasi Tanah/Soil Classification (USCS ) : NP
C64: Uji Konsolidasi / Consolidation Test
C65: 10 | D65: Index Kompresibiltas | G65: SNI 2812 : 2011 | H65: Cc | I65: - | K65: =Consol!J24 -> 0.43294973 | N65: -
D66: Compression Ratio
C67: 11 | D67: Koefisien Konsolidasi | G67: SNI 2812 : 2011 | H67: Cv | I67: cm2/s | K67: =Consol!J25 -> 0.00018185268 | N67: -
D68: Coefficient of Consolidation
C69: 12 | D69: Angka pori awal | G69: SNI 2812 : 2011 | H69: e0 | I69: - | K69: =Consol!J27 -> 1.2742617 | N69: -
D70: Initial Void Ratio
C71: 13 | D71: Koefisien Kompresibilitas | G71: SNI 2812 : 2011 | H71: mv | I71: cm2/kg | K71: =Consol!J26 -> 0.016811528 | N71: -
D72: Compressability Coeff.
C73: 14 | D73: Koefisien Permeabiltas | G73: SNI 2812 : 2011 | H73: k | I73: cm/s | K73: =Consol!J23 -> 3.0572215e-09 | N73: -
D74: Permeability Coefficient
C75: Uji Triaxial UU / Triaxial Unconsolidated Undrained Test
C76: 15 | D76: Sudut Geser Dalam | G76: SNI 4813 : 2015 | H76: φ | I76: ⁰ | K76: ='TR UU'!N30 -> 10.991402 | N76: -
D77: Internal Friction Angle
C78: 16 | D78: Kohesi | G78: SNI 4813 : 2015 | H78: C | I78: kg/cm2 | K78: ='TR UU'!N35 -> 0.13122991 | N78: -
D79: Cohesion
C80: Uji Triaxial CU / Triaxial Consolidated Undrained Test
C81: 10 | D81: Kohesi | G81: SNI 2455 : 2015 | H81: C | I81: kN/m2 | K81: ='Cu_Multi Graph'!Q48 -> 23.163921 | N81: -
D82: Cohesion
C83: 11 | D83: Sudut Geser Dalam | G83: SNI 2455 : 2015 | H83: φ | I83: ⁰ | K83: ='Cu_Multi Graph'!Q49 -> 27.402041 | N83: -
D84: Internal Friction Angle
C85: 12 | D85: Kohesi Efektif | G85: SNI 2455 : 2015 | H85: C' | I85: kN/m2 | K85: ='Cu_Multi Graph'!Q50 -> 25.37772 | N85: -
D86: Cohesion Effective
C87: 13 | D87: Sudut Geser Dalam Efektif | G87: SNI 2455 : 2015 | H87: φ' | I87: ⁰ | K87: ='Cu_Multi Graph'!Q51 -> 31.157704 | N87: -
D88: Internal Friction Angle Effective
C89: Uji Tekan Bebas / Unconfined Compression Test
C90: 14 | D90: Kuat Tekan Bebas - Tidak Terganggu | G90: SNI 3638 : 2012 | H90: quu | I90: kg/cm2 | K90: =UCS!$G$27 -> #VALUE! | N90: -
D91: unconfined compressive strength - Undisturb
C92: 15 | D92: Kuat Tekan Bebas - Cetak Ulang | G92: SNI 3638 : 2012 | H92: qur | I92: kg/cm2 | K92: =UCS!$G$28 -> #VALUE! | N92: -
D93: unconfined compressive strength - Remolded
C94: 16 | D94: Sensitivitas | G94: SNI 3638 : 2012 | H94: - | I94: - | K94: =UCS!G29 -> #VALUE! | N94: -
D95: Sensitivity
C96: 17 | D96: Regangan - Tidak Terganggu | G96: SNI 3638 : 2012 | H96: - | I96: % | K96: =UCS!H27 -> #VALUE! | N96: -
D97: Strain - Undisturb
C98: 18 | D98: Regangan - Cetak Ulang | G98: SNI 3638 : 2012 | H98: - | I98: % | K98: =UCS!H28 -> #VALUE! | N98: -
D99: Strain - Remolded
C100: Uji Geser Langsung / Direct Shear Test
C101: 22 | D101: Sudut Geser Dalam | G101: SNI 3420 : 2016 | H101: φ | I101: ⁰ | K101: =DS!M36 -> 0 | N101: -
D102: Internal Friction Angle
C103: 23 | D103: Kohesi | G103: SNI 3420 : 2016 | H103: C | I103: kg/cm² | K103: =DS!M37 -> 0 | N103: -
D104: Cohession
C105: 24 | D105: Kuat Geser Langsung | G105: SNI 3420 : 2016 | H105: s | I105: kg/cm² | K105: =DS!M38 -> 0 | N105: -
D106: Direct Shear
C107: Uji Geser Langsung Terkonsolidasi Terdrainase (Direct Shear Test – Consolidated Drained / CD)
C108: 34 | D108: Sudut Geser Dalam | G108: SNI 2813 : 2008 | H108: φ' | I108: ⁰ | K108: ='Graph Ds CD'!$AH$59 -> 29.362394 | N108: -
D109: Internal Friction Angle
...

Sheet PP
K2: Client | M2: =Details!B4 -> PT Itamatra Nusantara
K3: Project | M3: =Details!B8 -> hidroplogi
K4: Job No. | M4: =Details!B3 -> PO-GQT-19 | P4: Date | R4: =Details!B28 -> 46204
K5: Tested By | M5: =Details!B20 -> Rizki | P5: Checked By | R5: =Details!B22 -> AS Sumartadji
B7: INDEX PROPERTIES
AA8: 45819.675 | AC8: 0
C9: Location | E9: : AW 1 - 10 SALAK | F9: JL.MAYAMIN -SAMARINDA / KAWASAN STATION SEMPAJA | G9: =Details!B9 -> Morowali Utara | N9: Sample Type | O9: : | V9: temperature | W9: relative density | X9: correction | Z9: calibration of picnometer + water at 25 C | AD9: berat picnometer
N10: Sample No. | O10: : | W10: of water | X10: factor of K | Z10: No | AA10: weight (gr) | AD10: No. | AE10: berat (gr)
C11: Bore Hole No | J11: =Details!B1 -> BH-05_UDS-01 | V11: 18 | W11: 0.9986244 | X11: 1.0004 | Z11: 1 | AA11: 152.1022 | AD11: 1 | AE11: 52.9908
C12: Sample ID | Z12: 2 | AA12: 152.857 | AD12: 2 | AE12: 53.7774
C13: Depth | H13: meter | J13: =Details!B13 -> 0,00-0,50 | V13: 19 | W13: 0.9984347 | X13: 1.0002 | Z13: 3 | AA13: 153.2238 | AD13: 3 | AE13: 53.9802
C14: Soil Description | J14: ='A. GS'!H12 -> silty CLAY with sand | V14: 20 | W14: 0.9982343 | X14: 1 | Z14: 4 | AA14: 151.1122 | AD14: 4 | AE14: 51.4122
V15: 21 | W15: 0.9980233 | X15: 0.9998 | Z15: 5 | AA15: 154.83 | AD15: 5 | AE15: 55.0112
C16: SPECIFIC GRAVITY TEST (SNI 1964 : 2008) | V16: 22 | W16: 0.9978019 | X16: 0.9996 | Z16: 6 | AA16: 159.4988 | AD16: 6 | AE16: 63.0732
C17: Pycnometer No. | I17: R | J17: =Data!B2 -> 1 | K17: =Data!C2 -> 2 | V17: 23 | W17: 0.9975702 | X17: 0.9993 | Z17: 7 | AA17: 153.368 | AD17: 7 | AE17: 53.5314
C18: Wt. Of dry Soil (A) | H18: g | I18: 50 | J18: =Data!B3 -> 10.454 | K18: =Data!C3 -> 10.46 | V18: 24 | W18: 0.9973286 | X18: 0.9991 | Z18: 8 | AA18: 154.6622 | AD18: 8 | AE18: 59.7316
C19: Temperature (T) | H19: 0C | I19: 27 | J19: =Data!B4 -> 25 | K19: =Data!C4 -> 25 | V19: 25 | W19: 0.997077 | X19: 0.9989 | Z19: 9 | AA19: 164.126 | AD19: 9 | AE19: 59.7628
C20: Wt. Pycnometer + Water + Soil (B) | H20: g | I20: 165.92 | J20: =Data!B5 -> 158.621 | K20: =Data!C5 -> 159.368 | V20: 26 | W20: 0.9968156 | X20: 0.9986 | Z20: 10 | AA20: 155.2866 | AD20: 10 | AE20: 59.0038
C21: Wt Pycnometer + Water at T 0C (C) | H21: g | I21: 134.67 | J21: =IF(OR(J17="",J18="",J19="",J20=""),"",((VLOOKUP(J19,$V$11:$X$24,2)/$W$19)*(VLOOKUP(J17,$Z$11:$AA$68,2)-VLOOKUP(J17,$AD$11:$AE$68,2)))+VLOOKUP(J17,$AD$11:$AE$68,2,FALSE)) -> 152.1022 | K21: =IF(OR(K17="",K18="",K19="",K20=""),"",((VLOOKUP(K19,$V$11:$X$24,2)/$W$19)*(VLOOKUP(K17,$Z$11:$AA$68,2)-VLOOKUP(K17,$AD$11:$AE$68,2)))+VLOOKUP(K17,$AD$11:$AE$68,2,FALSE)) -> 152.857 | V21: 27 | W21: 0.9965451 | X21: 0.9983 | Z21: 11 | AA21: 156.669 | AD21: 11 | AE21: 58.2254
C22: A+(C-B) | H22: g | I22: =+(I18+I21)-I20 -> 18.75 | J22: =IF(OR(J17="",J18="",J19="",J20=""),"",J18+(J21-J20)) -> 3.9352 | K22: =IF(OR(K17="",K18="",K19="",K20=""),"",K18+(K21-K20)) -> 3.949 | V22: 28 | W22: 0.9962652 | X22: 0.998 | Z22: 12 | AA22: 158.2136 | AD22: 12 | AE22: 62.6674
C23: Specific Gravity (Gs) | I23: =+(I18/I22)*(0.99655) -> 2.6574667 | J23: =IF(OR(J17="",J18="",J20=""),"",(J18/J22)*(VLOOKUP(J19,$V$11:$X$24,3))) -> 2.6536137 | K23: =IF(OR(K17="",K18="",K20=""),"",(K18/K22)*(VLOOKUP(K19,$V$11:$X$24,3))) -> 2.6458582 | V23: 29 | W23: 0.9959761 | X23: 0.9977 | Z23: 13 | AA23: 156.4662 | AD23: 13 | AE23: 59.2952
C24: SPECIFIC GRAVITY Average (Gs) | J24: =IF(OR(J17="",J18="",J19="",J20=""),"",AVERAGE(J23:K23)) -> 2.6497359 | V24: 30 | W24: 0.995678 | X24: 0.9974 | Z24: 14 | AA24: 158.0556 | AD24: 14 | AE24: 61.0316
C25: MOISTURE CONTENT TEST (SNI 1965 : 2008) | Z25: 15 | AA25: 155.1908 | AD25: 15 | AE25: 60.3026
C26: No. Container | I26: ID | J26: =Data!B6 -> 137 | K26: =Data!C6 -> 46 | Z26: 16 | AA26: 159.4982 | AD26: 16 | AE26: 86.9434
C27: Wt. Container + Wet Soil | H27: g | I27: 203.12 | J27: =Data!B7 -> 96.888 | K27: =Data!C7 -> 105.404 | Z27: 17 | AA27: 155.9656 | AD27: 17 | AE27: 59.3672 | AG27: =60.14-7.47 -> 52.67 | AH27: =AG27/31.865 -> 1.6529107
C28: Wt. Container + Dry Soil | H28: g | I28: 166.84 | J28: =Data!B8 -> 70.671 | K28: =Data!C8 -> 75.591 | Z28: 18 | AA28: 157.4324 | AD28: 18 | AE28: 59.6842 | AG28: =51.74-7.47 -> 44.27
C29: Wt. Container | H29: g | I29: 45.87 | J29: =IFERROR(VLOOKUP(J26,ATB!$AN$9:$AO$212,2,0),"") -> 11.711 | K29: =IFERROR(VLOOKUP(K26,ATB!$AN$9:$AO$212,2,0),"") -> 9.01 | Z29: 19 | AA29: 156.4718 | AD29: 19 | AE29: 59.9944 | AG29: =((AG27-AG28)/AG28)*100 -> 18.974475
C30: Wt. Water | H30: g | I30: =I27-I28 -> 36.28 | J30: =IF(OR(J26="",J27="",J28="",J29=""),"",J27-J28) -> 26.217 | K30: =IF(OR(K26="",K27="",K28="",K29=""),"",K27-K28) -> 29.813 | Z30: 20 | AA30: 127.3896 | AD30: 20 | AE30: 40.2316
C31: Wt. Dry Soil | H31: g | I31: =+I28-I29 -> 120.97 | J31: =IF(OR(J26="",J27="",J28="",J29=""),"",J28-J29) -> 58.96 | K31: =IF(OR(K26="",K27="",K28="",K29=""),"",K28-K29) -> 66.581
C32: Moisture Content (w) | H32: % | I32: =+(I30/I31)*100 -> 29.990907 | J32: =IF(OR(J26="",J27="",J28="",J29=""),"",(J30/J31)*100) -> 44.465739 | K32: =IF(OR(K26="",K27="",K28="",K29=""),"",(K30/K31)*100) -> 44.777038
C33: MOISTURE CONTENT Average (w) | H33: % | J33: =IF(OR(J26="",J27="",J28="",J29=""),"",AVERAGE(J32:K32)) -> 44.621389 | AA33: 152.1022 | AE33: 52.9908
C34: DENSITY TEST (SNI 03-3637 : 1994) | AA34: 152.857 | AE34: 53.7774
C35: No. Ring | J35: =Data!B9 -> 1
C36: Wt. Ring + Wet Soil | H36: g | J36: =Data!B10 -> 94.969
C37: Wt. Ring | H37: g | J37: =IF(OR(J35="",J36=""),"",VLOOKUP(J35,$J$50:$L$110,2,FALSE)) -> 36.499
C38: Vol. Wet Soil (= Vol. Ring) | H38: cm3 | J38: =IF(OR(J35="",J36=""),"",VLOOKUP(J35,$J$50:$L$69,3,FALSE)) -> 34.700713
C39: BULK DENSITY (gm) | H39: Mg/m3 | J39: =IF(OR(J35="",J36=""),"",(J36-J37)/J38) -> 1.6849798
C41: DRY DENSITY (gd) | H41: Mg/m3 | J41: =IF(OR(J33="",J35="",J36=""),"",J39/(1+(J33/100))) -> 1.1650972
C42: VOID RATIO (e) | J42: =IF(OR(J24="",J33="",J35="",J36=""),"",((J24*1)/J41)-1) -> 1.2742617
C43: POROSITY (n) | J43: =IF(OR(J33="",J35="",J36="",J42=""),"",J42/(1+J42)) -> 0.56029686
C44: DEGREE OF SATURATION (Sr) | H44: % | J44: =IF(OR(J33="",J35="",J36="",J45=""),"",IF(J45>=100,100,J45)) -> 92.786986
J45: =IF(OR(J24="",J33="",J35="",J36=""),"",(J33*J24)/J42) -> 92.786986 | L45: =IF(OR(L24="",L33="",L35="",L36=""),"",(L33*L24)/L42)
J48: data ring
J49: no | K49: berat (gr) | L49: vol (cm3) | N49: Calibrated date : | P49: 45818
J50: 1 | K50: =Q54 -> 36.499 | L50: =S54 -> 34.700713
J51: 2 | K51: =Q55 -> 36.805 | L51: =S55 -> 35.056618 | N51: Ring | O51: Diameter | P51: Height | Q51: Weight | R51: Area | S51: Volume
J52: 3 | K52: =Q56 -> 36.847 | L52: =S56 -> 34.878665
J53: 4 | K53: =Q57 -> 36.924 | L53: =S57 -> 35.23457 | N53: No. | O53: ( mm ) | P53: ( mm ) | Q53: ( gr) | R53: ( mm2 ) | S53: ( cm3 )
J54: 5 | K54: =Q58 -> 37.892 | L54: =S58 -> 36.124332 | N54: 1 | O54: 47.6 | P54: 19.5 | Q54: 36.499 | R54: =IF(OR(O54=""),"",PI()*(O54/2)^2) -> 1779.5237 | S54: =IF(OR(O54="",P54=""),"",R54*P54/1000) -> 34.700713
J55: 6 | K55: =Q59 -> 36.617 | L55: =S59 -> 34.878665 | N55: 2 | O55: 47.6 | P55: 19.7 | Q55: 36.805 | R55: =IF(OR(O55=""),"",PI()*(O55/2)^2) -> 1779.5237 | S55: =IF(OR(O55="",P55=""),"",R55*P55/1000) -> 35.056618
J56: 7 | K56: =Q60 -> 37.048 | L56: =S60 -> 35.23457 | N56: 3 | O56: 47.6 | P56: 19.6 | Q56: 36.847 | R56: =IF(OR(O56=""),"",PI()*(O56/2)^2) -> 1779.5237 | S56: =IF(OR(O56="",P56=""),"",R56*P56/1000) -> 34.878665
J57: 8 | K57: =Q61 -> 38.21 | L57: =S61 -> 42.634578 | N57: 4 | O57: 47.6 | P57: 19.8 | Q57: 36.924 | R57: =IF(OR(O57=""),"",PI()*(O57/2)^2) -> 1779.5237 | S57: =IF(OR(O57="",P57=""),"",R57*P57/1000) -> 35.23457
J58: 9 | K58: =Q62 -> 39.84 | L58: =S62 -> 42.83906 | N58: 5 | O58: 47.6 | P58: 20.3 | Q58: 37.892 | R58: =IF(OR(O58=""),"",PI()*(O58/2)^2) -> 1779.5237 | S58: =IF(OR(O58="",P58=""),"",R58*P58/1000) -> 36.124332
J59: 10 | K59: =Q63 -> 38.75 | L59: =S63 -> 42.611276 | N59: 6 | O59: 47.6 | P59: 19.6 | Q59: 36.617 | R59: =IF(OR(O59=""),"",PI()*(O59/2)^2) -> 1779.5237 | S59: =IF(OR(O59="",P59=""),"",R59*P59/1000) -> 34.878665
J60: 11 | K60: =Q64 -> 39.04 | L60: =S64 -> 42.736819 | N60: 7 | O60: 47.6 | P60: 19.8 | Q60: 37.048 | R60: =IF(OR(O60=""),"",PI()*(O60/2)^2) -> 1779.5237 | S60: =IF(OR(O60="",P60=""),"",R60*P60/1000) -> 35.23457
J61: 12 | K61: =Q65 -> 39.03 | L61: =S65 -> 42.736819 | N61: 8 | O61: 51.025 | P61: 20.85 | Q61: 38.21 | R61: =IF(OR(O61=""),"",PI()*(O61/2)^2) -> 2044.8239 | S61: =IF(OR(O61="",P61=""),"",R61*P61/1000) -> 42.634578
J62: 13 | K62: =Q66 -> 44.24 | L62: =S66 -> 41.918426 | N62: 9 | O62: 51.025 | P62: 20.95 | Q62: 39.84 | R62: =IF(OR(O62=""),"",PI()*(O62/2)^2) -> 2044.8239 | S62: =IF(OR(O62="",P62=""),"",R62*P62/1000) -> 42.83906
J63: 14 | K63: =Q67 -> 41.73 | L63: =S67 -> 42.797092 | N63: 10 | O63: 50.95 | P63: 20.9 | Q63: 38.75 | R63: =IF(OR(O63=""),"",PI()*(O63/2)^2) -> 2038.8171 | S63: =IF(OR(O63="",P63=""),"",R63*P63/1000) -> 42.611276
J64: 15 | K64: =Q68 -> 40.84 | L64: =S68 -> 42.314868 | N64: 11 | O64: 51.025 | P64: 20.9 | Q64: 39.04 | R64: =IF(OR(O64=""),"",PI()*(O64/2)^2) -> 2044.8239 | S64: =IF(OR(O64="",P64=""),"",R64*P64/1000) -> 42.736819
J65: 16 | K65: =Q69 -> 41.21 | L65: =S69 -> 42.551063 | N65: 12 | O65: 51.025 | P65: 20.9 | Q65: 39.03 | R65: =IF(OR(O65=""),"",PI()*(O65/2)^2) -> 2044.8239 | S65: =IF(OR(O65="",P65=""),"",R65*P65/1000) -> 42.736819
... J112: 63 | K112: =Q116 -> 0 | L112: =S116 | N112: 59 | O112: 51.2 | P112: 20.95 | Q112: 39.17 | R112: =IF(OR(O112=""),"",PI()*(O112/2)^2) -> 2058.8742 | S112: =IF(OR(O112="",P112=""),"",R112*P112/1000) -> 43.133414
N113: 60 | O113: 51.05 | P113: 20.9 | Q113: 39.57 | R113: =IF(OR(O113=""),"",PI()*(O113/2)^2) -> 2046.8281 | S113: =IF(OR(O113="",P113=""),"",R113*P113/1000) -> 42.778708
N114: 61 | O114: 50.975 | P114: 20.9 | Q114: 37.83 | R114: =IF(OR(O114=""),"",PI()*(O114/2)^2) -> 2040.8183 | S114: =IF(OR(O114="",P114=""),"",R114*P114/1000) -> 42.653103
N115: 62 | R115: =IF(OR(O115=""),"",PI()*(O115/2)^2) | S115: =IF(OR(O115="",P115=""),"",R115*P115/1000)
N116: 63 | R116: =IF(OR(O116=""),"",PI()*(O116/2)^2) | S116: =IF(OR(O116="",P116=""),"",R116*P116/1000)
N117: 64 | R117: =IF(OR(O117=""),"",PI()*(O117/2)^2) | S117: =IF(OR(O117="",P117=""),"",R117*P117/1000)
N118: 65 | R118: =IF(OR(O118=""),"",PI()*(O118/2)^2) | S118: =IF(OR(O118="",P118=""),"",R118*P118/1000)
N119: 66 | R119: =IF(OR(O119=""),"",PI()*(O119/2)^2) | S119: =IF(OR(O119="",P119=""),"",R119*P119/1000)
N120: 67 | R120: =IF(OR(O120=""),"",PI()*(O120/2)^2) | S120: =IF(OR(O120="",P120=""),"",R120*P120/1000)
N121: 68 | R121: =IF(OR(O121=""),"",PI()*(O121/2)^2) | S121: =IF(OR(O121="",P121=""),"",R121*P121/1000)
N122: 69 | R122: =IF(OR(O122=""),"",PI()*(O122/2)^2) | S122: =IF(OR(O122="",P122=""),"",R122*P122/1000)
N123: 70 | R123: =IF(OR(O123=""),"",PI()*(O123/2)^2) | S123: =IF(OR(O123="",P123=""),"",R123*P123/1000)
S124: =IF(OR(O124="",P124=""),"",R124*P124/1000)

Sheet A. GS
F3: Project | G3: =Details!B8 -> hidroplogi | K3: =G10 -> 0 | L3: =G4 -> 0 | M3: =G3 -> hidroplogi | N3: =G5 -> PO-GQT-19 | O3: =G6 -> 0 | Q3: =C10 -> 0 | R3: =C12 -> 0,00-0,50 | S3: =I6 -> 0 | T3: =F11 -> Sample Type : | U3: =F12 -> Sample Description : | V3: =IF($M$14=$AI$27,AG29,AP29) -> 0 | W3: =IF($M$14=$AI$27,AH29,AQ29) -> 0.004530709 | X3: =IF($M$14=$AI$27,AI29,AR29) -> 14.145469 | Y3: =IF($M$14=$AI$27,AJ29,AS29) -> 20.8 | Z3: =IF($M$14=$AI$27,AK29,AT29) -> 65.05 | AA3: =C62 -> 0 | AB3: =J62 -> 0 | AC3: Sieve opening | AD3: Percent finer | AL3: =C11 -> BH-05_UDS-01
AB4: =100-AD4 -> 64.302112 | AC4: =+$H$58 -> 0.0011815643 | AD4: =+I58 -> 35.697888 | AE4: =$I$58 -> 35.697888 | AF4: =IF(AE4>0,AE4,"-") -> 35.697888 | AG4: =IF(AND($AC4<101.6,$AC4>76.2),$AC4,"-") -> - | AH4: =IF(AND($AC4<76.2,$AC4>4.75),$AC4,"-") -> - | AI4: =IF(AND($AC4<4.75,$AC4>=0.075),$AC4,"-") -> - | AJ4: =IF(AND($AC4<0.075,$AC4>=0.005),$AC4,"-") -> - | AK4: =IF($AC4<0.005,$AC4,"-") -> 0.0011815643 | AP4: =IF(AND($AC3<200,$AC3>60),$AC3,"-") -> - | AQ4: =IF(AND($AC3<60.2,$AC3>2),$AC3,"-") -> - | AR4: =IF(AND($AC3<2,$AC3>=0.06),$AC3,"-") -> - | AS4: =IF(AND($AC3<0.06,$AC3>=0.002),$AC3,"-") -> - | AT4: =IF($AC3<0.002,$AC3,"-") -> - | AX4: T | AY4: dynamic viscosity | AZ4: density of water
F5: Job No. | G5: =Details!B3 -> PO-GQT-19 | H5: Date | AB5: =100-AD5 -> 45.517245 | AC5: =+$H$57 -> 0.0026871137 | AD5: =+I57 -> 54.482755 | AE5: =$I$57-$I$58 -> 18.784867 | AF5: =IF(AE5>0,AE5,"-") -> 18.784867 | AG5: =IF(AND($AC5<101.6,$AC5>76.2),$AC5,"-") -> - | AH5: =IF(AND($AC5<76.2,$AC5>4.75),$AC5,"-") -> - | AI5: =IF(AND($AC5<4.75,$AC5>=0.075),$AC5,"-") -> - | AJ5: =IF(AND($AC5<0.075,$AC5>=0.005),$AC5,"-") -> - | AK5: =IF($AC5<0.005,$AC5,"-") -> 0.0026871137 | AP5: =IF(AND($AC4<200,$AC4>60),$AC4,"-") -> - | AQ5: =IF(AND($AC4<60.2,$AC4>2),$AC4,"-") -> - | AR5: =IF(AND($AC4<2,$AC4>=0.06),$AC4,"-") -> - | AS5: =IF(AND($AC4<0.06,$AC4>=0.002),$AC4,"-") -> - | AT5: =IF($AC4<0.002,$AC4,"-") -> 0.0011815643 | AX5: 0 | AY5: 1.7865 | AZ5: 0.99984
F6: Tested By | H6: Checked By | AB6: =100-AD6 -> 34.559405 | AC6: =+$H$56 -> 0.0051171305 | AD6: =+I56 -> 65.440595 | AE6: =$I$56-$I$57 -> 10.957839 | AF6: =IF(AE6>0,AE6,"-") -> 10.957839 | AG6: =IF(AND($AC6<101.6,$AC6>76.2),$AC6,"-") -> - | AH6: =IF(AND($AC6<76.2,$AC6>4.75),$AC6,"-") -> - | AI6: =IF(AND($AC6<4.75,$AC6>=0.075),$AC6,"-") -> - | AJ6: =IF(AND($AC6<0.075,$AC6>=0.005),$AC6,"-") -> 0.0051171305 | AK6: =IF($AC6<0.005,$AC6,"-") -> - | AP6: =IF(AND($AC5<200,$AC5>60),$AC5,"-") -> - | AQ6: =IF(AND($AC5<60.2,$AC5>2),$AC5,"-") -> - | AR6: =IF(AND($AC5<2,$AC5>=0.06),$AC5,"-") -> - | AS6: =IF(AND($AC5<0.06,$AC5>=0.002),$AC5,"-") -> 0.0026871137 | AT6: =IF($AC5<0.002,$AC5,"-") -> - | AX6: 5 | AY6: 1.5138 | AZ6: 0.99995
AB7: =100-AD7 -> 31.428594 | AC7: =+$H$55 -> 0.0071294274 | AD7: =+I55 -> 68.571406 | AE7: =$I$55-$I$56 -> 3.1308112 | AF7: =IF(AE7>0,AE7,"-") -> 3.1308112 | AG7: =IF(AND($AC7<101.6,$AC7>76.2),$AC7,"-") -> - | AH7: =IF(AND($AC7<76.2,$AC7>4.75),$AC7,"-") -> - | AI7: =IF(AND($AC7<4.75,$AC7>=0.075),$AC7,"-") -> - | AJ7: =IF(AND($AC7<0.075,$AC7>=0.005),$AC7,"-") -> 0.0071294274 | AK7: =IF($AC7<0.005,$AC7,"-") -> - | AP7: =IF(AND($AC6<200,$AC6>60),$AC6,"-") -> - | AQ7: =IF(AND($AC6<60.2,$AC6>2),$AC6,"-") -> - | AR7: =IF(AND($AC6<2,$AC6>=0.06),$AC6,"-") -> - | AS7: =IF(AND($AC6<0.06,$AC6>=0.002),$AC6,"-") -> 0.0051171305 | AT7: =IF($AC6<0.002,$AC6,"-") -> - | AX7: 10 | AY7: 1.3037 | AZ7: 0.9997
A8: PARTICLE SIZE DISTRIBUTION ANALYSIS | AB8: =100-AD8 -> 28.297783 | AC8: =+$H$54 -> 0.0099284866 | AD8: =+I54 -> 71.702217 | AE8: =$I$54-$I$55 -> 3.1308112 | AF8: =IF(AE8>0,AE8,"-") -> 3.1308112 | AG8: =IF(AND($AC8<101.6,$AC8>76.2),$AC8,"-") -> - | AH8: =IF(AND($AC8<76.2,$AC8>4.75),$AC8,"-") -> - | AI8: =IF(AND($AC8<4.75,$AC8>=0.075),$AC8,"-") -> - | AJ8: =IF(AND($AC8<0.075,$AC8>=0.005),$AC8,"-") -> 0.0099284866 | AK8: =IF($AC8<0.005,$AC8,"-") -> - | AP8: =IF(AND($AC7<200,$AC7>60),$AC7,"-") -> - | AQ8: =IF(AND($AC7<60.2,$AC7>2),$AC7,"-") -> - | AR8: =IF(AND($AC7<2,$AC7>=0.06),$AC7,"-") -> - | AS8: =IF(AND($AC7<0.06,$AC7>=0.002),$AC7,"-") -> 0.0071294274 | AT8: =IF($AC7<0.002,$AC7,"-") -> - | AX8: 15 | AY8: 1.1369 | AZ8: 0.99909
AB9: =100-AD9 -> 23.601566 | AC9: =+$H$53 -> 0.01678847 | AD9: =+I53 -> 76.398434 | AE9: =$I$53-$I$54 -> 4.6962168 | AF9: =IF(AE9>0,AE9,"-") -> 4.6962168 | AG9: =IF(AND($AC9<101.6,$AC9>76.2),$AC9,"-") -> - | AH9: =IF(AND($AC9<76.2,$AC9>4.75),$AC9,"-") -> - | AI9: =IF(AND($AC9<4.75,$AC9>=0.075),$AC9,"-") -> - | AJ9: =IF(AND($AC9<0.075,$AC9>=0.005),$AC9,"-") -> 0.01678847 | AK9: =IF($AC9<0.005,$AC9,"-") -> - | AP9: =IF(AND($AC8<200,$AC8>60),$AC8,"-") -> - | AQ9: =IF(AND($AC8<60.2,$AC8>2),$AC8,"-") -> - | AR9: =IF(AND($AC8<2,$AC8>=0.06),$AC8,"-") -> - | AS9: =IF(AND($AC8<0.06,$AC8>=0.002),$AC8,"-") -> 0.0099284866 | AT9: =IF($AC8<0.002,$AC8,"-") -> - | AX9: 20 | AY9: 1.0019 | AZ9: 0.9982
B10: Location : | C10: =Details!B10 -> 0 | AB10: =100-AD10 -> 20.470755 | AC10: =+$H$52 -> 0.026105787 | AD10: =+I52 -> 79.529245 | AE10: =$I$52-$I$53 -> 3.1308112 | AF10: =IF(AE10>0,AE10,"-") -> 3.1308112 | AG10: =IF(AND($AC10<101.6,$AC10>76.2),$AC10,"-") -> - | AH10: =IF(AND($AC10<76.2,$AC10>4.75),$AC10,"-") -> - | AI10: =IF(AND($AC10<4.75,$AC10>=0.075),$AC10,"-") -> - | AJ10: =IF(AND($AC10<0.075,$AC10>=0.005),$AC10,"-") -> 0.026105787 | AK10: =IF($AC10<0.005,$AC10,"-") -> - | AP10: =IF(AND($AC9<200,$AC9>60),$AC9,"-") -> - | AQ10: =IF(AND($AC9<60.2,$AC9>2),$AC9,"-") -> - | AR10: =IF(AND($AC9<2,$AC9>=0.06),$AC9,"-") -> - | AS10: =IF(AND($AC9<0.06,$AC9>=0.002),$AC9,"-") -> 0.01678847 | AT10: =IF($AC9<0.002,$AC9,"-") -> - | AX10: 25 | AY10: 0.8909 | AZ10: 0.99704
B11: Hole No. : | C11: =Details!B1 -> BH-05_UDS-01 | F11: Sample Type : | AB11: =100-AD11 -> 18.905349 | AC11: =+$H$51 -> 0.036604707 | AD11: =+I51 -> 81.094651 | AE11: =$I$51-$I$52 -> 1.5654056 | AF11: =IF(AE11>0,AE11,"-") -> 1.5654056 | AG11: =IF(AND($AC11<101.6,$AC11>76.2),$AC11,"-") -> - | AH11: =IF(AND($AC11<76.2,$AC11>4.75),$AC11,"-") -> - | AI11: =IF(AND($AC11<4.75,$AC11>=0.075),$AC11,"-") -> - | AJ11: =IF(AND($AC11<0.075,$AC11>=0.005),$AC11,"-") -> 0.036604707 | AK11: =IF($AC11<0.005,$AC11,"-") -> - | AP11: =IF(AND($AC10<200,$AC10>60),$AC10,"-") -> - | AQ11: =IF(AND($AC10<60.2,$AC10>2),$AC10,"-") -> - | AR11: =IF(AND($AC10<2,$AC10>=0.06),$AC10,"-") -> - | AS11: =IF(AND($AC10<0.06,$AC10>=0.002),$AC10,"-") -> 0.026105787 | AT11: =IF($AC10<0.002,$AC10,"-") -> - | AX11: 30 | AY11: 0.7982 | AZ11: 0.99565
B12: Depth : | C12: =Details!B13 -> 0,00-0,50 | D12: m | F12: Sample Description : | H12: =IF(AH29>90,"GRAVEL", IF(AJ29>90,"SILT", IF(AK29>90,"CLAY", IF(AI29>90,"SAND", TRIM( SUBSTITUTE( _xlfn.TEXTJOIN(" ",TRUE, IF(AND(AH29>=AJ29,AH29>=AK29,AH29>=AI29), ( TRIM( IF(_xlfn.TEXTJOIN(", ",TRUE, IF(LARGE(AH29:AK29,2)>=15,CHOOSE(MATCH(LARGE(AH29:AK29,2),AH29:AK29,0),"gravelly","sandy","silty","clayey"),""), IF(LARGE(AH29:AK29,3)>=15,CHOOSE(MATCH(LARGE(AH29:AK29,3),AH29:AK29,0),"gravelly","sandy","silty","clayey"),"") )<>"",_xlfn.TEXTJOIN(", ",TRUE, IF(LARGE(AH29:AK29,2)>=15,CHOOSE(MATCH(LARGE(AH29:AK29,2),AH29:AK29,0),"gravelly","sandy","silty","clayey"),""), IF(LARGE(AH29:AK29,3)>=15,CHOOSE(MATCH(LARGE(AH29:AK29,3),AH29:AK29,0),"gravelly","sandy","silty","clayey"),"") )&" GRAVEL", "GRAVEL" ) )& IF(_xlfn.TEXTJOIN(" and ",TRUE, IF(AND(LARGE(AH29:AK29,2)>0,LARGE(AH29:AK29,2)<15), IF(LARGE(AH29:AK29,2)<5,"trace "&CHOOSE(MATCH(LARGE(AH29:AK29,2),AH29:AK29,0),"gravel","sand","silt","clay"),CHOOSE(MATCH(LARGE(AH29:AK29,2),AH29:AK29,0),"gravel","sand","silt","clay")), "" ), IF(AND(LARGE(AH29:AK29,3)>0,LARGE(AH29:AK29,3)<15), IF(LARGE(AH29:AK29,3)<5,"trace "&CHOOSE(MATCH(LARGE(AH29:AK29,3),AH29:AK29,0),"gravel","sand","silt","clay"),CHOOSE(MATCH(LARGE(AH29:AK29,3),AH29:AK29,0),"gravel","sand","silt","clay")), "" ) )<>""," with "&_xlfn.TEXTJOIN(" and ",TRUE, IF(AND(LARGE(AH29:AK29,2)>0,LARGE(AH29:AK29,2)<15), IF(LARGE(AH29:AK29,2)<5,"trace "&CHOOSE(MATCH(LARGE(AH29:AK29,2),AH29:AK29,0),"gravel","sand","silt","clay"),CHOOSE(MATCH(LARGE(AH29:AK29,2),AH29:AK29,0),"gravel","sand","silt","clay")), "" ), IF(AND(LARGE(AH29:AK29,3)>0,LARGE(AH29:AK29,3)<15), IF(LARGE(AH29:AK29,3)<5,"trace "&CHOOSE(MATCH(LARGE(AH29:AK29,3),AH29:AK29,0),"gravel","sand","silt","clay"),CHOOSE(MATCH(LARGE(AH29:AK29,3),AH29:AK29,0),"gravel","sand","silt","clay")), "" ) ),"") ), "" ), IF(AND(AJ29>=AH29,AJ29>=AK29,AJ29>=AI29), ( TRIM( IF(_xlfn.TEXTJOIN(", ",TRUE, IF(LARGE(AH29:AK29,2)>=15,CHOOSE(MATCH(LARGE(AH29:AK29,2),AH29:AK29,0),"gravelly","sandy","silty","clayey"),""), IF(LARGE(AH29:AK29,3)>=15,CHOOSE(MATCH(LARGE(AH29:AK29,3),AH29:AK29,0),"gravelly","sandy","silty","clayey"),"") )<>"",_xlfn.TEXTJOIN(", ",TRUE, IF(LARGE(AH29:AK29,2)>=15,CHOOSE(MATCH(LARGE(AH29:AK29,2),AH29:AK29,0),"gravelly","sandy","silty","clayey"),""), IF(LARGE(AH29:AK29,3)>=15,CHOOSE(MATCH(LARGE(AH29:AK29,3),AH29:AK29,0),"gravelly","sandy","silty","clayey"),"") )&" SILT", "SILT" ) )& IF(_xlfn.TEXTJOIN(" and ",TRUE, IF(AND(LARGE(AH29:AK29,2)>0,LARGE(AH29:AK29,2)<15), IF(LARGE(AH29:AK29,2)<5,"trace "&CHOOSE(MATCH(LARGE(AH29:AK29,2),AH29:AK29,0),"gravel","sand","silt","clay"),CHOOSE(MATCH(LARGE(AH29:AK29,2),AH29:AK29,0),"gravel","sand","silt","clay")), "" ), IF(AND(LARGE(AH29:AK29,3)>0,LARGE(AH29:AK29,3)<15), IF(LARGE(AH29:AK29,3)<5,"trace "&CHOOSE(MATCH(LARGE(AH29:AK29,3),AH29:AK29,0),"gravel","sand","silt","clay"),CHOOSE(MATCH(LARGE(AH29:AK29,3),AH29:AK29,0),"gravel","sand","silt","clay")), "" ) )<>""," with "&_xlfn.TEXTJOIN(" and ",TRUE, IF(AND(LARGE(AH29:AK29,2)>0,LARGE(AH29:AK29,2)<15), IF(LARGE(AH29:AK29,2)<5,"trace "&CHOOSE(MATCH(LARGE(AH29:AK29,2),AH29:AK29,0),"gravel","sand","silt","clay"),CHOOSE(MATCH(LARGE(AH29:AK29,2),AH29:AK29,0),"gravel","sand","silt","clay")), "" ), IF(AND(LARGE(AH29:AK29,3)>0,LARGE(AH29:AK29,3)<15), IF(LARGE(AH29:AK29,3)<5,"trace "&CHOOSE(MATCH(LARGE(AH29:AK29,3),AH29:AK29,0),"gravel","sand","silt","clay"),CHOOSE(MATCH(LARGE(AH29:AK29,3),AH29:AK29,0),"gravel","sand","silt","clay")), "" ) ),"") ), "" ), IF(AND(AK29>=AH29,AK29>=AJ29,AK29>=AI29), ( TRIM( IF(_xlfn.TEXTJOIN(", ",TRUE, IF(LARGE(AH29:AK29,2)>=15,CHOOSE(MATCH(LARGE(AH29:AK29,2),AH29:AK29,0),"gravelly","sandy","silty","clayey"),""), IF(LARGE(AH29:AK29,3)>=15,CHOOSE(MATCH(LARGE(AH29:AK29,3),AH29:AK29,0),"gravelly","sandy","silty","clayey"),"") )<>"",_xlfn.TEXTJOIN(", ",TRUE, IF(LARGE(AH29:AK29,2)>=15,CHOOSE(MATCH(LARGE(AH29:AK29,2),AH29:AK29,0),"gravelly","sandy","silty","clayey"),""), IF(LARGE(AH29:AK29,3)>=15,CHOOSE(MATCH(LARGE(AH29:AK29,3),AH29:AK29,0),"gravelly","sandy","silty","clayey"),"") )&" CLAY", "CLAY" ) )& IF(_xlfn.TEXTJOIN(" and ",TRUE, IF(AND(LARGE(AH29:AK29,2)>0,LARGE(AH29:AK29,2)<15), IF(LARGE(AH29:AK29,2)<5,"trace "&CHOOSE(MATCH(LARGE(AH29:AK29,2),AH29:AK29,0),"gravel","sand","silt","clay"),CHOOSE(MATCH(LARGE(AH29:AK29,2),AH29:AK29,0),"gravel","sand","silt","clay")), "" ), IF(AND(LARGE(AH29:AK29,3)>0,LARGE(AH29:AK29,3)<15), IF(LARGE(AH29:AK29,3)<5,"trace "&CHOOSE(MATCH(LARGE(AH29:AK29,3),AH29:AK29,0),"gravel","sand","silt","clay"),CHOOSE(MATCH(LARGE(AH29:AK29,3),AH29:AK29,0),"gravel","sand","silt","clay")), "" ) )<>""," with "&_xlfn.TEXTJOIN(" and ",TRUE, IF(AND(LARGE(AH29:AK29,2)>0,LARGE(AH29:AK29,2)<15), IF(LARGE(AH29:AK29,2)<5,"trace "&CHOOSE(MATCH(LARGE(AH29:AK29,2),AH29:AK29,0),"gravel","sand","silt","clay"),CHOOSE(MATCH(LARGE(AH29:AK29,2),AH29:AK29,0),"gravel","sand","silt","clay")), "" ), IF(AND(LARGE(AH29:AK29,3)>0,LARGE(AH29:AK29,3)<15), IF(LARGE(AH29:AK29,3)<5,"trace "&CHOOSE(MATCH(LARGE(AH29:AK29,3),AH29:AK29,0),"gravel","sand","silt","clay"),CHOOSE(MATCH(LARGE(AH29:AK29,3),AH29:AK29,0),"gravel","sand","silt","clay")), "" ) ),"") ), "" ), IF(AND(AI29>=AH29,AI29>=AJ29,AI29>=AK29), ( TRIM( IF(_xlfn.TEXTJOIN(", ",TRUE, IF(LARGE(AH29:AK29,2)>=15,CHOOSE(MATCH(LARGE(AH29:AK29,2),AH29:AK29,0),"gravelly","sandy","silty","clayey"),""), IF(LARGE(AH29:AK29,3)>=15,CHOOSE(MATCH(LARGE(AH29:AK29,3),AH29:AK29,0),"gravelly","sandy","silty","clayey"),"") )<>"",_xlfn.TEXTJOIN(", ",TRUE, IF(LARGE(AH29:AK29,2)>=15,CHOOSE(MATCH(LARGE(AH29:AK29,2),AH29:AK29,0),"gravelly","sandy","silty","clayey"),""), IF(LARGE(AH29:AK29,3)>=15,CHOOSE(MATCH(LARGE(AH29:AK29,3),AH29:AK29,0),"gravelly","sandy","silty","clayey"),"") )&" SAND", "SAND" ) )& IF(_xlfn.TEXTJOIN(" and ",TRUE, IF(AND(LARGE(AH29:AK29,2)>0,LARGE(AH29:AK29,2)<15), IF(LARGE(AH29:AK29,2)<5,"trace "&CHOOSE(MATCH(LARGE(AH29:AK29,2),AH29:AK29,0),"gravel","sand","silt","clay"),CHOOSE(MATCH(LARGE(AH29:AK29,2),AH29:AK29,0),"gravel","sand","silt","clay")), "" ), IF(AND(LARGE(AH29:AK29,3)>0,LARGE(AH29:AK29,3)<15), IF(LARGE(AH29:AK29,3)<5,"trace "&CHOOSE(MATCH(LARGE(AH29:AK29,3),AH29:AK29,0),"gravel","sand","silt","clay"),CHOOSE(MATCH(LARGE(AH29:AK29,3),AH29:AK29,0),"gravel","sand","silt","clay")), "" ) )<>""," with "&_xlfn.TEXTJOIN(" and ",TRUE, IF(AND(LARGE(AH29:AK29,2)>0,LARGE(AH29:AK29,2)<15), IF(LARGE(AH29:AK29,2)<5,"trace "&CHOOSE(MATCH(LARGE(AH29:AK29,2),AH29:AK29,0),"gravel","sand","silt","clay"),CHOOSE(MATCH(LARGE(AH29:AK29,2),AH29:AK29,0),"gravel","sand","silt","clay")), "" ), IF(AND(LARGE(AH29:AK29,3)>0,LARGE(AH29:AK29,3)<15), IF(LARGE(AH29:AK29,3)<5,"trace "&CHOOSE(MATCH(LARGE(AH29:AK29,3),AH29:AK29,0),"gravel","sand","silt","clay"),CHOOSE(MATCH(LARGE(AH29:AK29,3),AH29:AK29,0),"gravel","sand","silt","clay")), "" ) ),"") ), "" ) ), " and with "," and")))))) -> silty CLAY with sand | AB12: =100-AD12 -> 17.339944 | AC12: =+$H$50 -> 0.051318318 | AD12: =+I50 -> 82.660056 | AE12: =$I$50-$I$51 -> 1.5654056 | AF12: =IF(AE12>0,AE12,"-") -> 1.5654056 | AG12: =IF(AND($AC12<101.6,$AC12>76.2),$AC12,"-") -> - | AH12: =IF(AND($AC12<76.2,$AC12>4.75),$AC12,"-") -> - | AI12: =IF(AND($AC12<4.75,$AC12>=0.075),$AC12,"-") -> - | AJ12: =IF(AND($AC12<0.075,$AC12>=0.005),$AC12,"-") -> 0.051318318 | AK12: =IF($AC12<0.005,$AC12,"-") -> - | AP12: =IF(AND($AC11<200,$AC11>60),$AC11,"-") -> - | AQ12: =IF(AND($AC11<60.2,$AC11>2),$AC11,"-") -> - | AR12: =IF(AND($AC11<2,$AC11>=0.06),$AC11,"-") -> - | AS12: =IF(AND($AC11<0.06,$AC11>=0.002),$AC11,"-") -> 0.036604707 | AT12: =IF($AC11<0.002,$AC11,"-") -> - | AX12: 40 | AY12: 0.654 | AZ12: 0.99222
O13: 0.005 | P13: 0 | R13: 0.075 | S13: 0 | U13: 4.26 | V13: 0 | AB13: =100-AD13 -> 14.179163 | AC13: =+$C$35 -> 0.074 | AD13: =+G35 -> 85.820837 | AE13: =$E$35 -> 1.7788319 | AF13: =IF(AE13>0,AE13,"-") -> 1.7788319 | AG13: =IF(AND($AC13<101.6,$AC13>76.2),$AC13,"-") -> - | AH13: =IF(AND($AC13<76.2,$AC13>4.75),$AC13,"-") -> - | AI13: =IF(AND($AC13<4.75,$AC13>=0.075),$AC13,"-") -> - | AJ13: =IF(AND($AC13<0.075,$AC13>=0.005),$AC13,"-") -> 0.074 | AK13: =IF($AC13<0.005,$AC13,"-") -> - | AP13: =IF(AND($AC12<200,$AC12>60),$AC12,"-") -> - | AQ13: =IF(AND($AC12<60.2,$AC12>2),$AC12,"-") -> - | AR13: =IF(AND($AC12<2,$AC12>=0.06),$AC12,"-") -> - | AS13: =IF(AND($AC12<0.06,$AC12>=0.002),$AC12,"-") -> 0.051318318 | AT13: =IF($AC12<0.002,$AC12,"-") -> -
B14: SIEVE ANALYSIS | L14: Graphic Type | M14: ASTM D 422 | O14: 0.005 | P14: 100 | R14: 0.075 | S14: 100 | U14: 4.26 | V14: 100 | AB14: =100-AD14 -> 12.400331 | AC14: =+$C$34 -> 0.149 | AD14: =+G34 -> 87.599669 | AE14: =$E$34 -> 1.2763899 | AF14: =IF(AE14>0,AE14,"-") -> 1.2763899 | AG14: =IF(AND($AC14<101.6,$AC14>76.2),$AC14,"-") -> - | AH14: =IF(AND($AC14<76.2,$AC14>4.75),$AC14,"-") -> - | AI14: =IF(AND($AC14<4.75,$AC14>=0.075),$AC14,"-") -> 0.149 | AJ14: =IF(AND($AC14<0.075,$AC14>=0.005),$AC14,"-") -> - | AK14: =IF($AC14<0.005,$AC14,"-") -> - | AP14: =IF(AND($AC13<200,$AC13>60),$AC13,"-") -> - | AQ14: =IF(AND($AC13<60.2,$AC13>2),$AC13,"-") -> - | AR14: =IF(AND($AC13<2,$AC13>=0.06),$AC13,"-") -> 0.074 | AS14: =IF(AND($AC13<0.06,$AC13>=0.002),$AC13,"-") -> - | AT14: =IF($AC13<0.002,$AC13,"-") -> -
AB15: =100-AD15 -> 11.123941 | AC15: =+$C$33 -> 0.177 | AD15: =+G33 -> 88.876059 | AE15: =$E$33 -> 3.0708256 | AF15: =IF(AE15>0,AE15,"-") -> 3.0708256 | AG15: =IF(AND($AC15<101.6,$AC15>76.2),$AC15,"-") -> - | AH15: =IF(AND($AC15<76.2,$AC15>4.75),$AC15,"-") -> - | AI15: =IF(AND($AC15<4.75,$AC15>=0.075),$AC15,"-") -> 0.177 | AJ15: =IF(AND($AC15<0.075,$AC15>=0.005),$AC15,"-") -> - | AK15: =IF($AC15<0.005,$AC15,"-") -> - | AP15: =IF(AND($AC14<200,$AC14>60),$AC14,"-") -> - | AQ15: =IF(AND($AC14<60.2,$AC14>2),$AC14,"-") -> - | AR15: =IF(AND($AC14<2,$AC14>=0.06),$AC14,"-") -> 0.149 | AS15: =IF(AND($AC14<0.06,$AC14>=0.002),$AC14,"-") -> - | AT15: =IF($AC14<0.002,$AC14,"-") -> - | AX15: 0 | AY15: =+(0.000000000153808*AX15^6)-(0.0000000215035*AX15^5)+(0.000001335*AX15^4)-(0.0000539985*AX15^3)+(0.001865353*AX15^2)-(0.062670029*AX15)+1.7865 -> 1.7865 | AZ15: =+(0.00000000000294863*AX15^6)-(0.000000000349145*AX15^5)+(0.0000000151156*AX15^4)-(0.000000247168*AX15^3)-(0.00000563567*AX15^2)+(0.0000548713*AX15)+0.99984 -> 0.99984
B16: Initial weight of dry soil : | D16: =+D50+D36 -> 64.087 | E16: g | AB16: =100-AD16 -> 8.0531153 | AC16: =+$C$32 -> 0.42 | AD16: =+G32 -> 91.946885 | AE16: =$E$32 -> 3.4671618 | AF16: =IF(AE16>0,AE16,"-") -> 3.4671618 | AG16: =IF(AND($AC16<101.6,$AC16>76.2),$AC16,"-") -> - | AH16: =IF(AND($AC16<76.2,$AC16>4.75),$AC16,"-") -> - | AI16: =IF(AND($AC16<4.75,$AC16>=0.075),$AC16,"-") -> 0.42 | AJ16: =IF(AND($AC16<0.075,$AC16>=0.005),$AC16,"-") -> - | AK16: =IF($AC16<0.005,$AC16,"-") -> - | AP16: =IF(AND($AC15<200,$AC15>60),$AC15,"-") -> - | AQ16: =IF(AND($AC15<60.2,$AC15>2),$AC15,"-") -> - | AR16: =IF(AND($AC15<2,$AC15>=0.06),$AC15,"-") -> 0.177 | AS16: =IF(AND($AC15<0.06,$AC15>=0.002),$AC15,"-") -> - | AT16: =IF($AC15<0.002,$AC15,"-") -> - | AX16: 5 | AY16: =+(0.000000000153808*AX16^6)-(0.0000000215035*AX16^5)+(0.000001335*AX16^4)-(0.0000539985*AX16^3)+(0.001865353*AX16^2)-(0.062670029*AX16)+1.7865 -> 1.5138034 | AZ16: =+(0.00000000000294863*AX16^6)-(0.000000000349145*AX16^5)+(0.0000000151156*AX16^4)-(0.000000247168*AX16^3)-(0.00000563567*AX16^2)+(0.0000548713*AX16)+0.99984 -> 0.99995097
AB17: =100-AD17 -> 4.5859535 | AC17: =+$C$31 -> 0.84 | AD17: =IF(AD16=100,100,G31) -> 95.414047 | AE17: =$E$31 -> 3.0926709 | AF17: =IF(AE17>0,AE17,"-") -> 3.0926709 | AG17: =IF(AND($AC17<101.6,$AC17>76.2),$AC17,"-") -> - | AH17: =IF(AND($AC17<76.2,$AC17>4.75),$AC17,"-") -> - | AI17: =IF(AND($AC17<4.75,$AC17>=0.075),$AC17,"-") -> 0.84 | AJ17: =IF(AND($AC17<0.075,$AC17>=0.005),$AC17,"-") -> - | AK17: =IF($AC17<0.005,$AC17,"-") -> - | AP17: =IF(AND($AC16<200,$AC16>60),$AC16,"-") -> - | AQ17: =IF(AND($AC16<60.2,$AC16>2),$AC16,"-") -> - | AR17: =IF(AND($AC16<2,$AC16>=0.06),$AC16,"-") -> 0.42 | AS17: =IF(AND($AC16<0.06,$AC16>=0.002),$AC16,"-") -> - | AT17: =IF($AC16<0.002,$AC16,"-") -> - | AX17: 10 | AY17: =+(0.000000000153808*AX17^6)-(0.0000000215035*AX17^5)+(0.000001335*AX17^4)-(0.0000539985*AX17^3)+(0.001865353*AX17^2)-(0.062670029*AX17)+1.7865 -> 1.30369 | AZ17: =+(0.00000000000294863*AX17^6)-(0.000000000349145*AX17^5)+(0.0000000151156*AX17^4)-(0.000000247168*AX17^3)-(0.00000563567*AX17^2)+(0.0000548713*AX17)+0.99984 -> 0.99969717
B18: Sieve | C18: Sieve | D18: Wt. Soil | E18: Percent | F18: Cumulative | G18: Percent | AB18: =100-AD18 -> 1.4932826 | AC18: =+$C$30 -> 2.38 | AD18: =IF(AD17=100,100,G30) -> 98.506717 | AE18: =$E$30 -> 1.4932826 | AF18: =IF(AE18>0,AE18,"-") -> 1.4932826 | AG18: =IF(AND($AC18<101.6,$AC18>76.2),$AC18,"-") -> - | AH18: =IF(AND($AC18<76.2,$AC18>4.75),$AC18,"-") -> - | AI18: =IF(AND($AC18<4.75,$AC18>=0.075),$AC18,"-") -> 2.38 | AJ18: =IF(AND($AC18<0.075,$AC18>=0.005),$AC18,"-") -> - | AK18: =IF($AC18<0.005,$AC18,"-") -> - | AP18: =IF(AND($AC17<200,$AC17>60),$AC17,"-") -> - | AQ18: =IF(AND($AC17<60.2,$AC17>2),$AC17,"-") -> - | AR18: =IF(AND($AC17<2,$AC17>=0.06),$AC17,"-") -> 0.84 | AS18: =IF(AND($AC17<0.06,$AC17>=0.002),$AC17,"-") -> - | AT18: =IF($AC17<0.002,$AC17,"-") -> - | AX18: 15 | AY18: =+(0.000000000153808*AX18^6)-(0.0000000215035*AX18^5)+(0.000001335*AX18^4)-(0.0000539985*AX18^3)+(0.001865353*AX18^2)-(0.062670029*AX18)+1.7865 -> 1.1369162 | AZ18: =+(0.00000000000294863*AX18^6)-(0.000000000349145*AX18^5)+(0.0000000151156*AX18^4)-(0.000000247168*AX18^3)-(0.00000563567*AX18^2)+(0.0000548713*AX18)+0.99984 -> 0.99909453
B19: No. | C19: Opening | D19: Retained | E19: Retained | F19: Percent | G19: Finer | L19: =AK29 -> 65.05 | M19: =AJ29 -> 20.8 | O19: =AI29 -> 14.145469 | AB19: =100-AD19 -> 0 | AC19: =+$C$29 -> 4.76 | AD19: =IF(AD18=100,100,G29) -> 100 | AE19: =$E$29 -> 0 | AF19: =IF(AE19>0,AE19,"-") -> - | AG19: =IF(AND($AC19<101.6,$AC19>76.2),$AC19,"-") -> - | AH19: =IF(AND($AC19<76.2,$AC19>4.75),$AC19,"-") -> 4.76 | AI19: =IF(AND($AC19<4.75,$AC19>=0.075),$AC19,"-") -> - | AJ19: =IF(AND($AC19<0.075,$AC19>=0.005),$AC19,"-") -> - | AK19: =IF($AC19<0.005,$AC19,"-") -> - | AP19: =IF(AND($AC18<200,$AC18>60),$AC18,"-") -> - | AQ19: =IF(AND($AC18<60.2,$AC18>2),$AC18,"-") -> 2.38 | AR19: =IF(AND($AC18<2,$AC18>=0.06),$AC18,"-") -> - | AS19: =IF(AND($AC18<0.06,$AC18>=0.002),$AC18,"-") -> - | AT19: =IF($AC18<0.002,$AC18,"-") -> - | AX19: 20 | AY19: =+(0.000000000153808*AX19^6)-(0.0000000215035*AX19^5)+(0.000001335*AX19^4)-(0.0000539985*AX19^3)+(0.001865353*AX19^2)-(0.062670029*AX19)+1.7865 -> 1.0018851 | AZ19: =+(0.00000000000294863*AX19^6)-(0.000000000349145*AX19^5)+(0.0000000151156*AX19^4)-(0.000000247168*AX19^3)-(0.00000563567*AX19^2)+(0.0000548713*AX19)+0.99984 -> 0.99819576
F20: Retained | AB20: =100-AD20 -> 0 | AC20: =+$C$28 -> 9.525 | AD20: =IF(AD19=100,100,G28) -> 100 | AE20: =$E$28 -> 0 | AF20: =IF(AE20>0,AE20,"-") -> - | AG20: =IF(AND($AC20<101.6,$AC20>76.2),$AC20,"-") -> - | AH20: =IF(AND($AC20<76.2,$AC20>4.75),$AC20,"-") -> 9.525 | AI20: =IF(AND($AC20<4.75,$AC20>=0.075),$AC20,"-") -> - | AJ20: =IF(AND($AC20<0.075,$AC20>=0.005),$AC20,"-") -> - | AK20: =IF($AC20<0.005,$AC20,"-") -> - | AP20: =IF(AND($AC19<200,$AC19>60),$AC19,"-") -> - | AQ20: =IF(AND($AC19<60.2,$AC19>2),$AC19,"-") -> 4.76 | AR20: =IF(AND($AC19<2,$AC19>=0.06),$AC19,"-") -> - | AS20: =IF(AND($AC19<0.06,$AC19>=0.002),$AC19,"-") -> - | AT20: =IF($AC19<0.002,$AC19,"-") -> - | AX20: 25 | AY20: =+(0.000000000153808*AX20^6)-(0.0000000215035*AX20^5)+(0.000001335*AX20^4)-(0.0000539985*AX20^3)+(0.001865353*AX20^2)-(0.062670029*AX20)+1.7865 -> 0.89090838 | AZ20: =+(0.00000000000294863*AX20^6)-(0.000000000349145*AX20^5)+(0.0000000151156*AX20^4)-(0.000000247168*AX20^3)-(0.00000563567*AX20^2)+(0.0000548713*AX20)+0.99984 -> 0.99704228
C21: mm | E21: % | F21: % | G21: % | AB21: =100-AD21 -> 0 | AC21: =+$C$27 -> 12.7 | AD21: =IF(AD20=100,100,G27) -> 100 | AE21: =$E$27 -> 0 | AF21: =IF(AE21>0,AE21,"-") -> - | AG21: =IF(AND($AC21<101.6,$AC21>76.2),$AC21,"-") -> - | AH21: =IF(AND($AC21<76.2,$AC21>4.75),$AC21,"-") -> 12.7 | AI21: =IF(AND($AC21<4.75,$AC21>=0.075),$AC21,"-") -> - | AJ21: =IF(AND($AC21<0.075,$AC21>=0.005),$AC21,"-") -> - | AK21: =IF($AC21<0.005,$AC21,"-") -> - | AP21: =IF(AND($AC20<200,$AC20>60),$AC20,"-") -> - | AQ21: =IF(AND($AC20<60.2,$AC20>2),$AC20,"-") -> 9.525 | AR21: =IF(AND($AC20<2,$AC20>=0.06),$AC20,"-") -> - | AS21: =IF(AND($AC20<0.06,$AC20>=0.002),$AC20,"-") -> - | AT21: =IF($AC20<0.002,$AC20,"-") -> - | AX21: 30 | AY21: =+(0.000000000153808*AX21^6)-(0.0000000215035*AX21^5)+(0.000001335*AX21^4)-(0.0000539985*AX21^3)+(0.001865353*AX21^2)-(0.062670029*AX21)+1.7865 -> 0.79819831 | AZ21: =+(0.00000000000294863*AX21^6)-(0.000000000349145*AX21^5)+(0.0000000151156*AX21^4)-(0.000000247168*AX21^3)-(0.00000563567*AX21^2)+(0.0000548713*AX21)+0.99984 -> 0.99564946
B22: 3" | C22: 101.6 | D22: =Data!E2 -> 0 | E22: =D22/$D$16*100 -> 0 | F22: =+E22 -> 0 | G22: =100-F22 -> 100 | AB22: =100-AD22 -> 0 | AC22: =+$C$26 -> 19.05 | AD22: =IF(AD21=100,100,G26) -> 100 | AE22: =$E$26 -> 0 | AF22: =IF(AE22>0,AE22,"-") -> - | AG22: =IF(AND($AC22<101.6,$AC22>76.2),$AC22,"-") -> - | AH22: =IF(AND($AC22<76.2,$AC22>4.75),$AC22,"-") -> 19.05 | AI22: =IF(AND($AC22<4.75,$AC22>=0.075),$AC22,"-") -> - | AJ22: =IF(AND($AC22<0.075,$AC22>=0.005),$AC22,"-") -> - | AK22: =IF($AC22<0.005,$AC22,"-") -> - | AP22: =IF(AND($AC21<200,$AC21>60),$AC21,"-") -> - | AQ22: =IF(AND($AC21<60.2,$AC21>2),$AC21,"-") -> 12.7 | AR22: =IF(AND($AC21<2,$AC21>=0.06),$AC21,"-") -> - | AS22: =IF(AND($AC21<0.06,$AC21>=0.002),$AC21,"-") -> - | AT22: =IF($AC21<0.002,$AC21,"-") -> - | AX22: 40 | AY22: =+(0.000000000153808*AX22^6)-(0.0000000215035*AX22^5)+(0.000001335*AX22^4)-(0.0000539985*AX22^3)+(0.001865353*AX22^2)-(0.062670029*AX22)+1.7865 -> 0.65399881 | AZ22: =+(0.00000000000294863*AX22^6)-(0.000000000349145*AX22^5)+(0.0000000151156*AX22^4)-(0.000000247168*AX22^3)-(0.00000563567*AX22^2)+(0.0000548713*AX22)+0.99984 -> 0.9922201
B23: 2" | C23: 75 | D23: =Data!E3 -> 0 | E23: =D23/$D$16*100 -> 0 | F23: =F22+E23 -> 0 | G23: =100-F23 -> 100 | AB23: =100-AD23 -> 0 | AC23: =+$C$25 -> 25.4 | AD23: =IF(AD22=100,100,G25) -> 100 | AE23: =$E$25 -> 0 | AF23: =IF(AE23>0,AE23,"-") -> - | AG23: =IF(AND($AC23<101.6,$AC23>76.2),$AC23,"-") -> - | AH23: =IF(AND($AC23<76.2,$AC23>4.75),$AC23,"-") -> 25.4 | AI23: =IF(AND($AC23<4.75,$AC23>=0.075),$AC23,"-") -> - | AJ23: =IF(AND($AC23<0.075,$AC23>=0.005),$AC23,"-") -> - | AK23: =IF($AC23<0.005,$AC23,"-") -> - | AP23: =IF(AND($AC22<200,$AC22>60),$AC22,"-") -> - | AQ23: =IF(AND($AC22<60.2,$AC22>2),$AC22,"-") -> 19.05 | AR23: =IF(AND($AC22<2,$AC22>=0.06),$AC22,"-") -> - | AS23: =IF(AND($AC22<0.06,$AC22>=0.002),$AC22,"-") -> - | AT23: =IF($AC22<0.002,$AC22,"-") -> - | AX23: 27 | AY23: =+(0.000000000153808*AX23^6)-(0.0000000215035*AX23^5)+(0.000001335*AX23^4)-(0.0000539985*AX23^3)+(0.001865353*AX23^2)-(0.062670029*AX23)+1.7865 -> 0.85190946 | AZ23: =+(0.00000000000294863*AX23^6)-(0.000000000349145*AX23^5)+(0.0000000151156*AX23^4)-(0.000000247168*AX23^3)-(0.00000563567*AX23^2)+(0.0000548713*AX23)+0.99984 -> 0.99651367
B24: 1 1/2" | C24: 38.1 | D24: =Data!E4 -> 0 | E24: =D24/$D$16*100 -> 0 | F24: =F23+E24 -> 0 | G24: =100-F24 -> 100 | AB24: =100-AD24 -> 0 | AC24: =+$C$24 -> 38.1 | AD24: =IF(AD23=100,100,G24) -> 100 | AE24: =$E$24 -> 0 | AF24: =IF(AE24>0,AE24,"-") -> - | AG24: =IF(AND($AC24<101.6,$AC24>76.2),$AC24,"-") -> - | AH24: =IF(AND($AC24<76.2,$AC24>4.75),$AC24,"-") -> 38.1 | AI24: =IF(AND($AC24<4.75,$AC24>=0.075),$AC24,"-") -> - | AJ24: =IF(AND($AC24<0.075,$AC24>=0.005),$AC24,"-") -> - | AK24: =IF($AC24<0.005,$AC24,"-") -> - | AP24: =IF(AND($AC23<200,$AC23>60),$AC23,"-") -> - | AQ24: =IF(AND($AC23<60.2,$AC23>2),$AC23,"-") -> 25.4 | AR24: =IF(AND($AC23<2,$AC23>=0.06),$AC23,"-") -> - | AS24: =IF(AND($AC23<0.06,$AC23>=0.002),$AC23,"-") -> - | AT24: =IF($AC23<0.002,$AC23,"-") -> - | AX24: 26 | AY24: =+(0.000000000153808*AX24^6)-(0.0000000215035*AX24^5)+(0.000001335*AX24^4)-(0.0000539985*AX24^3)+(0.001865353*AX24^2)-(0.062670029*AX24)+1.7865 -> 0.87106575 | AZ24: =+(0.00000000000294863*AX24^6)-(0.000000000349145*AX24^5)+(0.0000000151156*AX24^4)-(0.000000247168*AX24^3)-(0.00000563567*AX24^2)+(0.0000548713*AX24)+0.99984 -> 0.99678274
B25: 1" | C25: 25.4 | D25: =Data!E5 -> 0 | E25: =D25/$D$16*100 -> 0 | F25: =F24+E25 -> 0 | G25: =100-F25 -> 100 | AB25: =100-AD25 -> 0 | AC25: =+$C$23 -> 75 | AD25: =IF(AD24=100,100,G23) -> 100 | AE25: =$E$23 -> 0 | AF25: =IF(AE25>0,AE25,"-") -> - | AG25: =IF(AND($AC25<101.6,$AC25>76.2),$AC25,"-") -> - | AH25: =IF(AND($AC25<76.2,$AC25>4.75),$AC25,"-") -> 75 | AI25: =IF(AND($AC25<4.75,$AC25>=0.075),$AC25,"-") -> - | AJ25: =IF(AND($AC25<0.075,$AC25>=0.005),$AC25,"-") -> - | AK25: =IF($AC25<0.005,$AC25,"-") -> - | AP25: =IF(AND($AC24<200,$AC24>60),$AC24,"-") -> - | AQ25: =IF(AND($AC24<60.2,$AC24>2),$AC24,"-") -> 38.1 | AR25: =IF(AND($AC24<2,$AC24>=0.06),$AC24,"-") -> - | AS25: =IF(AND($AC24<0.06,$AC24>=0.002),$AC24,"-") -> - | AT25: =IF($AC24<0.002,$AC24,"-") -> -
B26: 3/4" | C26: 19.05 | D26: =Data!E6 -> 0 | E26: =D26/$D$16*100 -> 0 | F26: =F25+E26 -> 0 | G26: =100-F26 -> 100 | AB26: =100-AD26 -> 0 | AC26: =+$C$22 -> 101.6 | AD26: =IF(AD25=100,100,G22) -> 100 | AE26: =$E$22 -> 0 | AF26: =IF(AE26>0,AE26,"-") -> - | AG26: =IF(AND($AC26<101.6,$AC26>76.2),$AC26,"-") -> - | AH26: =IF(AND($AC26<76.2,$AC26>4.75),$AC26,"-") -> - | AI26: =IF(AND($AC26<4.75,$AC26>=0.075),$AC26,"-") -> - | AJ26: =IF(AND($AC26<0.075,$AC26>=0.005),$AC26,"-") -> - | AK26: =IF($AC26<0.005,$AC26,"-") -> - | AP26: =IF(AND($AC25<200,$AC25>60),$AC25,"-") -> 75 | AQ26: =IF(AND($AC25<60.2,$AC25>2),$AC25,"-") -> - | AR26: =IF(AND($AC25<2,$AC25>=0.06),$AC25,"-") -> - | AS26: =IF(AND($AC25<0.06,$AC25>=0.002),$AC25,"-") -> - | AT26: =IF($AC25<0.002,$AC25,"-") -> -
B27: 1/2" | C27: 12.7 | D27: =Data!E7 -> 0 | E27: =D27/$D$16*100 -> 0 | F27: =F26+E27 -> 0 | G27: =100-F27 -> 100 | AI27: ASTM D 422 | AR27: BS 1377
B28: 3/8" | C28: 9.525 | D28: =Data!E8 -> 0 | E28: =D28/$D$16*100 -> 0 | F28: =F27+E28 -> 0 | G28: =100-F28 -> 100 | AG28: Cobbles | AH28: Gravel | AI28: Sand | AJ28: Silt | AK28: Clay | AP28: Cobbles | AQ28: Gravel | AR28: Sand | AS28: Silt | AT28: Clay
B29: 4 | C29: 4.76 | D29: =Data!E9 -> 0 | E29: =D29/$D$16*100 -> 0 | F29: =F28+E29 -> 0 | G29: =100-F29 -> 100 | AG29: =100-SUM(AH29:AK29) -> 0 | AH29: =AH33-SUM(AI29:AK29) -> 0.004530709 | AI29: =AH36-SUM(AJ29:AK29) -> 14.145469 | AJ29: =AI39-AK29 -> 20.8 | AK29: =ROUND(AH42,2) -> 65.05 | AP29: =100-SUM(AQ29:AT29) -> 0 | AQ29: =AQ33-SUM(AR29:AT29) -> 2.0098492 | AR29: =AQ36-SUM(AS29:AT29) -> 13.990151 | AS29: =AR39-AT29 -> 36.27 | AT29: =ROUND(AQ42,2) -> 47.73
B30: 8 | C30: 2.38 | D30: =Data!E10 -> 0.957 | E30: =D30/$D$16*100 -> 1.4932826 | F30: =F29+E30 -> 1.4932826 | G30: =100-F30 -> 98.506717
B31: 20 | C31: 0.84 | D31: =Data!E11 -> 1.982 | E31: =D31/$D$16*100 -> 3.0926709 | F31: =F30+E31 -> 4.5859535 | G31: =100-F31 -> 95.414047 | AE31: Cobbles | AF31: max | AG31: =MAX(AG4:AG26) -> 0 | AH31: =IF(AG31=0,100,VLOOKUP(AG31,$AC$4:$AD$26,2)) -> 100 | AN31: Cobbles | AO31: max | AP31: =MAX(AP5:AP26) -> 75 | AQ31: =IF(AP31=0,100,VLOOKUP(AP31,$AC$4:$AD$26,2)) -> 100
B32: 40 | C32: 0.42 | D32: =Data!E12 -> 2.222 | E32: =D32/$D$16*100 -> 3.4671618 | F32: =F31+E32 -> 8.0531153 | G32: =100-F32 -> 91.946885 | AF32: min | AG32: =MIN(AG4:AG26) -> 0 | AH32: =IF(AG32=0,100,VLOOKUP(AG32,$AC$4:$AD$26,2)) -> 100 | AO32: min | AP32: =MIN(AP5:AP26) -> 75 | AQ32: =IF(AP32=0,100,VLOOKUP(AP32,$AC$4:$AD$26,2)) -> 100
B33: 80 | C33: 0.177 | D33: =Data!E13 -> 1.968 | E33: =D33/$D$16*100 -> 3.0708256 | F33: =F32+E33 -> 11.123941 | G33: =100-F33 -> 88.876059 | AG33: 76.2 | AH33: =IF(AG32=0,100,((LOG(AG33)-LOG(AG34))/(LOG(AG32)-LOG(AG34)))*(AH32-AH34)+AH34) -> 100 | AP33: 60 | AQ33: =IF(AP32=0,100,((LOG(AP33)-LOG(AP34))/(LOG(AP32)-LOG(AP34)))*(AQ32-AQ34)+AQ34) -> 100
B34: 100 | C34: 0.149 | D34: =Data!E14 -> 0.818 | E34: =D34/$D$16*100 -> 1.2763899 | F34: =F33+E34 -> 12.400331 | G34: =100-F34 -> 87.599669 | AE34: gravel | AF34: max | AG34: =MAX(AH4:AH27) -> 75 | AH34: =VLOOKUP(AG34,$AC$4:$AD$26,2) -> 100 | AN34: gravel | AO34: max | AP34: =MAX(AQ5:AQ27) -> 38.1 | AQ34: =VLOOKUP(AP34,$AC$4:$AD$26,2) -> 100
B35: 200 | C35: 0.074 | D35: =Data!E15 -> 1.14 | E35: =D35/$D$16*100 -> 1.7788319 | F35: =F34+E35 -> 14.179163 | G35: =100-F35 -> 85.820837 | AF35: min | AG35: =MIN(AH4:AH27) -> 4.76 | AH35: =VLOOKUP(AG35,$AC$4:$AD$26,2) -> 100 | AO35: min | AP35: =MIN(AQ5:AQ27) -> 2.38 | AQ35: =VLOOKUP(AP35,$AC$4:$AD$26,2) -> 98.506717
B36: Pan | D36: =SUM(D22:D35) -> 9.087 | E36: =D36/$D$16*100 -> 14.179163 | F36: =F35+E36 -> 28.358325 | AG36: 4.75 | AH36: =((LOG(AG36)-LOG(AG37))/(LOG(AG35)-LOG(AG37)))*(AH35-AH37)+AH37 -> 99.995469 | AP36: 2 | AQ36: =((LOG(AP36)-LOG(AP37))/(LOG(AP35)-LOG(AP37)))*(AQ35-AQ37)+AQ37 -> 97.990151
AE37: Sand | AF37: max | AG37: =MAX(AI4:AI27) -> 2.38 | AH37: =VLOOKUP(AG37,$AC$4:$AD$26,2) -> 98.506717 | AN37: Sand | AO37: max | AP37: =MAX(AR5:AR27) -> 0.84 | AQ37: =VLOOKUP(AP37,$AC$4:$AD$26,2) -> 95.414047
D38: =SUM(D22:D36) -> 18.174 | E38: =SUM(E22:E37) -> 28.358325 | AF38: min | AG38: =MIN(AI4:AI27) -> 0.149 | AH38: =VLOOKUP(AG38,AC4:AD26,2) -> 87.599669 | AO38: min | AP38: =MIN(AR5:AR27) -> 0.074 | AQ38: =VLOOKUP(AP38,AC4:AD26,2) -> 85.820837
B39: HYDROMETER ANALYSIS SNI 3423 : 2008 | AG39: 0.075 | AH39: =((LOG(AG39)-LOG(AG40))/(LOG(AG38)-LOG(AG40)))*(AH38-AH40)+AH40 -> 85.854954 | AI39: =ROUND(AH39,2) -> 85.85 | AP39: 0.06 | AQ39: =((LOG(AP39)-LOG(AP40))/(LOG(AP38)-LOG(AP40)))*(AQ38-AQ40)+AQ40 -> 84.009774 | AR39: =ROUND(AQ39,0) -> 84
AE40: Silt | AF40: max | AG40: =MAX(AJ4:AJ27) -> 0.074 | AH40: =VLOOKUP(AG40,AC4:AD26,2) -> 85.820837 | AN40: Silt | AO40: max | AP40: =MAX(AS5:AS27) -> 0.051318318 | AQ40: =VLOOKUP(AP40,AC4:AD26,2) -> 82.660056
B41: Weight of soil : | D41: =Data!F2 -> 60.1 | E41: g | F41: Tube No. | H41: : | AF41: min | AG41: =MIN(AJ4:AJ27) -> 0.0051171305 | AH41: =VLOOKUP(AG41,AC4:AD26,2) -> 65.440595 | AO41: min | AP41: =MIN(AS5:AS27) -> 0.0026871137 | AQ41: =VLOOKUP(AP41,AC4:AD26,2) -> 54.482755
B42: Specific Gravity (Gs) : | D42: =PP!J24 -> 2.6497359 | F42: Hydrometer No. | H42: : | AG42: 0.005 | AH42: =((LOG(AG42)-LOG(AG43))/(LOG(AG41)-LOG(AG43)))*(AH41-AH43)+AH43 -> 65.046667 | AP42: 0.002 | AQ42: =((LOG(AP42)-LOG(AP43))/(LOG(AP41)-LOG(AP43)))*(AQ41-AQ43)+AQ43 -> 47.730852
B43: Meniscus Correction,c : | D43: -1 | F43: Temperature Correction, mt | H43: : | I43: =VLOOKUP(L43,Q46:R61,2,0) -> 0 | K43: temperature = | L43: =Data!F3 -> 20 | AE43: Clay | AG43: =MAX(AK4:AK27) -> 0.0026871137 | AH43: =VLOOKUP(AG43,AC4:AD26,2) -> 54.482755 | AN43: Clay | AP43: =MAX(AT5:AT27) -> 0.0011815643 | AQ43: =VLOOKUP(AP43,AC4:AD26,2) -> 35.697888
B44: Viscosity of water : | D44: =+(0.000000000153808*L43^6)-(0.0000000215035*L43^5)+(0.000001335*L43^4)-(0.0000539985*L43^3)+(0.001865353*L43^2)-(0.062670029*L43)+1.7865 -> 1.0018851 | F44: Dispersant Correction, x | H44: : | I44: 3 | K44: density of water | L44: =+(0.00000000000294863*L43^6)-(0.000000000349145*L43^5)+(0.0000000151156*L43^4)-(0.000000247168*L43^3)-(0.00000563567*L43^2)+(0.0000548713*L43)+0.99984 -> 0.99819576 | Q44: koreksi suhu
C45: Elapsed | D45: Hydrometer | E45: TRUE | F45: Effective | G45: Fully | H45: Particle | I45: Percentage Finer | K45: Cw | L45: =+(1-L44)*1000 -> 1.8042417 | O45: Temp. | P45: mt | Q45: suhu | R45: corection
B46: Time | C46: Time | D46: reading | E46: Reading | F46: depth | G46: Corrected | H46: Diameter | I46: Than D | L46: =(((D41/100))+1)*D16 -> 102.60329 | O46: 24 | P46: 0.8 | Q46: 15 | R46: -1.1
C47: t | D47: R'h | E47: Rh | F47: HR | G47: Reading | H47: D | I47: K | O47: 25 | P47: 1 | Q47: 16 | R47: -0.9
C48: min | F48: mm | H48: mm | I48: % | O48: 26 | P48: 1.26 | Q48: 17 | R48: -0.7
C49: 0 | O49: 27 | P49: 1.52 | Q49: 18 | R49: -0.5
C50: 0.5 | D50: =Data!F4 -> 55 | E50: =D50+$D$43 -> 54 | F50: =IF($I$42="m",157.59-(E50*1.36),173.09-(E50*1.56)) -> 88.85 | G50: =E50+$I$43-$I$44+$L$45 -> 52.804242 | H50: =0.00494*($D$44*F50/(($D$42-1)*C50))^0.5 -> 0.051318318 | I50: =+($D$41*L50/100)/$L$46*100 -> 82.660056 | L50: =$D$42*G50*100/($D$41*($D$42-1)) -> 141.11803 | O50: 28 | P50: 1.78 | Q50: 19 | R50: -0.3
C51: 1 | D51: =Data!F5 -> 54 | E51: =D51+$D$43 -> 53 | F51: =IF($I$42="m",157.59-(E51*1.36),173.09-(E51*1.56)) -> 90.41 | G51: =E51+$I$43-$I$44+$L$45 -> 51.804242 | H51: =0.00494*($D$44*F51/(($D$42-1)*C51))^0.5 -> 0.036604707 | I51: =+($D$41*L51/100)/$L$46*100 -> 81.094651 | L51: =$D$42*G51*100/($D$41*($D$42-1)) -> 138.44555 | O51: 29 | P51: 2.04 | Q51: 20 | R51: 0
C52: 2 | D52: =Data!F6 -> 53 | E52: =D52+$D$43 -> 52 | F52: =IF($I$42="m",157.59-(E52*1.36),173.09-(E52*1.56)) -> 91.97 | G52: =E52+$I$43-$I$44+$L$45 -> 50.804242 | H52: =0.00494*($D$44*F52/(($D$42-1)*C52))^0.5 -> 0.026105787 | I52: =+($D$41*L52/100)/$L$46*100 -> 79.529245 | L52: =$D$42*G52*100/($D$41*($D$42-1)) -> 135.77308 | O52: 30 | P52: 2.3 | Q52: 21 | R52: 0.2
C53: 5 | D53: =Data!F7 -> 51 | E53: =D53+$D$43 -> 50 | F53: =IF($I$42="m",157.59-(E53*1.36),173.09-(E53*1.56)) -> 95.09 | G53: =E53+$I$43-$I$44+$L$45 -> 48.804242 | H53: =0.00494*($D$44*F53/(($D$42-1)*C53))^0.5 -> 0.01678847 | I53: =+($D$41*L53/100)/$L$46*100 -> 76.398434 | L53: =$D$42*G53*100/($D$41*($D$42-1)) -> 130.42813 | Q53: 22 | R53: 0.4
C54: 15 | D54: =Data!F8 -> 48 | E54: =D54+$D$43 -> 47 | F54: =IF($I$42="m",157.59-(E54*1.36),173.09-(E54*1.56)) -> 99.77 | G54: =E54+$I$43-$I$44+$L$45 -> 45.804242 | H54: =0.00494*($D$44*F54/(($D$42-1)*C54))^0.5 -> 0.0099284866 | I54: =+($D$41*L54/100)/$L$46*100 -> 71.702217 | L54: =$D$42*G54*100/($D$41*($D$42-1)) -> 122.4107 | Q54: 23 | R54: 0.7
C55: 30 | D55: =Data!F9 -> 46 | E55: =D55+$D$43 -> 45 | F55: =IF($I$42="m",157.59-(E55*1.36),173.09-(E55*1.56)) -> 102.89 | G55: =E55+$I$43-$I$44+$L$45 -> 43.804242 | H55: =0.00494*($D$44*F55/(($D$42-1)*C55))^0.5 -> 0.0071294274 | I55: =+($D$41*L55/100)/$L$46*100 -> 68.571406 | L55: =$D$42*G55*100/($D$41*($D$42-1)) -> 117.06575 | Q55: 24 | R55: 1
C56: 60 | D56: =Data!F10 -> 44 | E56: =D56+$D$43 -> 43 | F56: =IF($I$42="m",157.59-(E56*1.36),173.09-(E56*1.56)) -> 106.01 | G56: =E56+$I$43-$I$44+$L$45 -> 41.804242 | H56: =0.00494*($D$44*F56/(($D$42-1)*C56))^0.5 -> 0.0051171305 | I56: =+($D$41*L56/100)/$L$46*100 -> 65.440595 | L56: =$D$42*G56*100/($D$41*($D$42-1)) -> 111.7208 | Q56: 25 | R56: 1.3
C57: 240 | D57: =Data!F11 -> 37 | E57: =D57+$D$43 -> 36 | F57: =IF($I$42="m",157.59-(E57*1.36),173.09-(E57*1.56)) -> 116.93 | G57: =E57+$I$43-$I$44+$L$45 -> 34.804242 | H57: =0.00494*($D$44*F57/(($D$42-1)*C57))^0.5 -> 0.0026871137 | I57: =+($D$41*L57/100)/$L$46*100 -> 54.482755 | L57: =$D$42*G57*100/($D$41*($D$42-1)) -> 93.013474 | Q57: 26 | R57: 1.65
C58: 1440 | D58: =Data!F12 -> 25 | E58: =D58+$D$43 -> 24 | F58: =IF($I$42="m",157.59-(E58*1.36),173.09-(E58*1.56)) -> 135.65 | G58: =E58+$I$43-$I$44+$L$45 -> 22.804242 | H58: =0.00494*($D$44*F58/(($D$42-1)*C58))^0.5 -> 0.0011815643 | I58: =+($D$41*L58/100)/$L$46*100 -> 35.697888 | L58: =$D$42*G58*100/($D$41*($D$42-1)) -> 60.943771 | Q58: 27 | R58: 2
B59: NOTES : | Q59: 28 | R59: 2.5
Q60: 29 | R60: 3.05
Q61: 30 | R61: 3.8
L67: =H50 -> 0.051318318
H68: Less Than | I68: Percent | L68: =H51 -> 0.036604707
H69: 0.02 | I69: =AVERAGE(I53:I54) -> 74.050325 | L69: =H52 -> 0.026105787
H70: 0.002 | I70: =I58 -> 35.697888 | L70: =H53 -> 0.01678847
H71: 0.001 | I71: 0 | L71: =H54 -> 0.0099284866
L72: =H55 -> 0.0071294274
L73: =H56 -> 0.0051171305
L74: =H57 -> 0.0026871137
L75: =H58 -> 0.0011815643

Sheet GS
G4: GEOLAND QUATTRO TECHNOLAB
G5: JL. Nata Endah, Komplek Indahco No.22 Kel. Margahayu Tengah
G6: Kec. Margahayu, Kab. Bandung 40225
G7: Telp/WhatsApp : 082115618130
G8: Email : geolandquattro@gmail.com; geolandquattro@geolandtechnolab.com
D11: UJI ANALISIS UKURAN BUTIR / SIEVE AND HYDROMETER ANALYSIS
D12: SNI 3423:2008
E14: Deskripsi Sampel / Sample Description
E15: Pelanggan / Client | G15: : | H15: =Details!B4 -> PT Itamatra Nusantara | L15: Penguji / Test by | N15: : | O15: PT. MGS
E16: Proyek / Project | G16: : | H16: =Details!B8 -> hidroplogi | L16: No. PKS | N16: : | O16: 001/PKS GQT-MGS/VIII/2025
E17: No Sampel / Sample Number | G17: : | H17: =Details!B1 -> BH-05_UDS-01 | L17: Tanggal / Dated | N17: : | O17: =Details!B29 -> 46212
E18: Id Lab / Lab ID | G18: : | H18: =Details!B7 -> 23-GQT--19-UDS-1-BH-05-0,00-0,50-100726-001 | L18: Diperiksa / Checked by | N18: : | O18: =Details!B22 -> AS Sumartadji
E19: Kedalaman / Depth | G19: : | H19: =Details!B13&" m" -> 0,00-0,50 m | L19: No. Lampiran | N19: : | O19: =Details!B2 -> MGS/02/VI/2026
E20: Tipe Tanah / Soil Type | G20: : | H20: ='A. GS'!H12 -> silty CLAY with sand
E21: Warna / Colour | G21: : | H21: =Details!B15 -> Abu-abu / Gray
E22: Berat Jenis / Specific Gravity | G22: : | H22: =PP!J24 -> 2.6497359
E23: Jenis Sampel / Type of Sample | G23: : | H23: =Details!B16 -> Undisturbed Sample / UDS
F24: =Details!C15 -> Disclaimer : | G24: =Details!C16 -> The samples were received as Undisturbed Sample / UDS and the validity of the sampling process was not verified by the laboratory.
F25: HASIL/ Result | G25: Lempung/Clay | I25: Lanau/Silt | J25: Halus/Fine | K25: Sedang/Medium | L25: Kasar/Coarse | M25: Halus/Fine | P25: Kasar/Coarse
J26: Pasir/Sand | M26: Kerikil/ Gravel
F27: % | G27: ='A. GS'!Z3 -> 65.05 | I27: ='A. GS'!Y3 -> 20.8 | J27: ='A. GS'!X3 -> 14.145469 | M27: =100-SUM(G27:L27) -> 0.004530709 | P27: =100-SUM(G27:M27) -> 0
F29: HASIL ANALISIS MEKANIKAL/ Mechanical Analysis Results
F31: ANALISIS SARINGAN/ SIEVE ANALYSIS | K31: ANALISIS HIDROMETER/HIDROMETER ANALYSIS
F32: UKURAN SARINGAN
F33: Standar, mm | G33: No. Saringan / Sieve No. | I33: Persen Lolos / Percent Passing | K33: Lebih Kecil / Les Than | L33: Persen / Percent
F34: 101.6 | G34: 3" | I34: ='A. GS'!G22 -> 100 | K34: 0.02 mm | L34: %
F35: 75 | G35: 2" | I35: ='A. GS'!G23 -> 100 | K35: {=_xlfn._xlws.FILTER('A. GS'!$H$50:$H$58, ('A. GS'!$H$50:$H$58>0.002)*('A. GS'!$H$50:$H$58<=0.02))} -> 0.01678847 | L35: =_xlfn.IFNA(VLOOKUP(K35,'A. GS'!$H$50:$I$58,2,0)," - ") -> 76.398434
F36: 38.1 | G36: 1 1/2" | I36: ='A. GS'!G24 -> 100 | K36: 0.0099284866 | L36: =_xlfn.IFNA(VLOOKUP(K36,'A. GS'!$H$50:$I$58,2,0)," - ") -> 71.702217
F37: 25.4 | G37: 1" | I37: ='A. GS'!G25 -> 100 | K37: 0.0071294274 | L37: =_xlfn.IFNA(VLOOKUP(K37,'A. GS'!$H$50:$I$58,2,0)," - ") -> 68.571406
F38: 19.05 | G38: 3/4" | I38: ='A. GS'!G26 -> 100 | K38: 0.0051171305 | L38: =_xlfn.IFNA(VLOOKUP(K38,'A. GS'!$H$50:$I$58,2,0)," - ") -> 65.440595
F39: 12.7 | G39: 1/2" | I39: ='A. GS'!G27 -> 100 | K39: 0.0026871137 | L39: =_xlfn.IFNA(VLOOKUP(K39,'A. GS'!$H$50:$I$58,2,0)," - ") -> 54.482755
F40: 9.525 | G40: 3/8" | I40: ='A. GS'!G28 -> 100 | L40: =_xlfn.IFNA(VLOOKUP(K40,'A. GS'!$H$50:$I$58,2,0)," - ") -> -
F41: 4.76 | G41: 4 | I41: ='A. GS'!G29 -> 100 | K41: 0,002 mm
F42: 2.38 | G42: 8 | I42: ='A. GS'!G30 -> 98.506717 | K42: {=_xlfn._xlws.FILTER('A. GS'!$H$50:$H$58, ('A. GS'!$H$50:$H$58>0.001)*('A. GS'!$H$50:$H$58<=0.002))} -> 0.0011815643 | L42: =_xlfn.IFNA(VLOOKUP(K42,'A. GS'!$H$50:$I$58,2,0)," - ") -> 35.697888
F43: 0.84 | G43: 20 | I43: ='A. GS'!G31 -> 95.414047 | L43: =_xlfn.IFNA(VLOOKUP(K43,'A. GS'!$H$50:$I$58,2,0)," - ") -> -
F44: 0.42 | G44: 40 | I44: ='A. GS'!G32 -> 91.946885 | L44: =_xlfn.IFNA(VLOOKUP(K44,'A. GS'!$H$50:$I$58,2,0)," - ") -> -
F45: 0.177 | G45: 80 | I45: ='A. GS'!G33 -> 88.876059 | K45: 0,001 mm
F46: 0.149 | G46: 100 | I46: ='A. GS'!G34 -> 87.599669 | K46: {=IFERROR(_xlfn._xlws.FILTER('A. GS'!$H$50:$H$58,'A. GS'!$H$50:$H$58<=0.001),"-")} -> - | L46: =_xlfn.IFNA(VLOOKUP(K46,'A. GS'!$H$50:$I$58,2,0)," - ") -> -
F47: 0.074 | G47: 200 | I47: ='A. GS'!G35 -> 85.820837
N50: Notes :
W74: FU-GS-23-004
W75: =Details!B1 -> BH-05_UDS-01
W76: Grainsize Analisys
W77: =Details!B3 -> PO-GQT-19
X80: LEMPUNG | Y80: 0.002 | Z80: 0
Y81: 0.002 | Z81: 120
X83: LANAU | Y83: 0.074 | Z83: 0
Y84: 0.074 | Z84: 120
X86: PASIR
X87: PASIR HALUS | Y87: 0.42 | Z87: 0
Y88: 0.42 | Z88: 120
X89: PASIR SEDANG | Y89: 0.84 | Z89: 0
Y90: 0.84 | Z90: 120
X91: PASIR KASAR | Y91: 2 | Z91: 0
Y92: 2 | Z92: 120
X93: KERIKIL
X94: KERIKIL HALUS | Y94: 19.1 | Z94: 0
Y95: 19.1 | Z95: 120
X96: KERIKIL KASAR | Y96: 76.1 | Z96: 0
Y97: 76.1 | Z97: 120
X100: 0.074 | Y100: 0
X101: 0.074 | Y101: 120
X103: 0.149 | Y103: 0
X104: 0.149 | Y104: 120
X107: 0.177 | Y107: 0
X108: 0.177 | Y108: 120
X111: 0.42 | Y111: 0
X112: 0.42 | Y112: 120
X115: 0.84 | Y115: 0
X116: =X115 -> 0.84 | Y116: 120
X119: 2.38 | Y119: 0
X120: =X119 -> 2.38 | Y120: 120
X123: 4.76 | Y123: 0
X124: =X123 -> 4.76 | Y124: 120
X127: 9.525 | Y127: 0
X128: =X127 -> 9.525 | Y128: 120
X131: 12.7 | Y131: 0
X132: =X131 -> 12.7 | Y132: 120
X135: 19.05 | Y135: 0
X136: =X135 -> 19.05 | Y136: 120
X139: 25.4 | Y139: 0
X140: =X139 -> 25.4 | Y140: 120
X142: 38.1 | Y142: 0
X143: =X142 -> 38.1 | Y143: 120
X146: 75 | Y146: 0
X147: =X146 -> 75 | Y147: 120

Sheet ATB
H3: GEOLAND QUATTRO TECHNOLAB
H4: JL. Nata Endah, Komplek Indahco No.22 Kel. Margahayu Tengah
H5: Kec. Margahayu, Kab. Bandung 40225
H6: Telp/WhatsApp : 082115618130
H7: Email : geolandquattro@gmail.com; geolandquattro@geolandtechnolab.com
C10: UJI BATAS PLASTIS, BATAS CAIR
C11: SNI 1967 : 2008 | AN11: No | AO11: Berat
C13: Deskripsi Sampel / Sample Description | AN13: 1 | AO13: 9.03
C14: Pelanggan / Client | J14: : | K14: =Details!B4 -> PT Itamatra Nusantara | W14: Penguji / Test by | AB14: : | AC14: PT. MGS | AJ14: kalo di uji dan NP, di sisi di isi NP | AN14: 2 | AO14: 8.842
C15: Proyek / Project | J15: : | K15: =Details!B8 -> hidroplogi | W15: No. PKS | AB15: : | AC15: 001/PKS GQT-MGS/VIII/2025 | AN15: 3 | AO15: 9.041
C16: Id Lab / Lab Id | J16: : | K16: =Details!B7 -> 23-GQT--19-UDS-1-BH-05-0,00-0,50-100726-001 | W16: Tanggal / Dated | AB16: : | AC16: =Details!B30 -> 46214 | AN16: 4 | AO16: 8.936
C17: No Sampel / Sample No | J17: : | K17: =Details!B1 -> BH-05_UDS-01 | W17: Diperiksa / Checked by | AB17: : | AC17: =Details!B22 -> AS Sumartadji | AN17: 5 | AO17: 8.856
C18: Kedalaman / Depth | J18: : | K18: =Details!B13&" m" -> 0,00-0,50 m | W18: No. Lampiran | AB18: : | AC18: =Details!B2 -> MGS/02/VI/2026 | AI18: Vertical Iine | AK18: Horizontal Line | AN18: 6 | AO18: 8.726
C19: Jenis Tanah / Soil Type | J19: : | K19: =Details!B14 -> silty CLAY with sand | AI19: X | AJ19: Y | AK19: X | AL19: Y | AN19: 7 | AO19: 8.882
C20: Berat Jenis / Specific Gravity | J20: : | K20: =PP!J24 -> 2.6497359 | AI20: 25 | AJ20: 0 | AK20: 1 | AL20: =AI30 -> NP | AN20: 8 | AO20: 8.818
C21: Warna / Colour | J21: : | K21: =Details!B15 -> Abu-abu / Gray | AI21: 25 | AJ21: =AI30 -> NP | AK21: 25 | AL21: =AI30 -> NP | AN21: 9 | AO21: 8.799
C22: Jenis Sampel / Sample Type | J22: : | K22: =Details!B16 -> Undisturbed Sample / UDS | AN22: 10 | AO22: 8.793
E23: =Details!C15 -> Disclaimer : | H23: =Details!C16 -> The samples were received as Undisturbed Sample / UDS and the validity of the sampling process was not verified by the laboratory. | AI23: Graphic Trend line | AN23: 11 | AO23: 8.804
D24: Uji Batas Cair / Liquids Limit Test | AN24: 12 | AO24: 8.928
D25: PARAMETER | S25: 1 | V25: 2 | Y25: 3 | AB25: 4 | AI25: X | AJ25: Y | AN25: 13 | AO25: 8.877
D26: Banyak Pukulan/No. of blows | AI26: =Y26 -> 0 | AJ26: =Y34 | AN26: 14 | AO26: 8.892
D27: No. Cawan | AI27: =V26 -> 0 | AJ27: =V34 | AN27: 15 | AO27: 8.993
D28: Berat cawan kosong / wt. empty can | R28: ( gr ) | S28: =IFERROR(VLOOKUP(S27,$AN$11:$AO$212,2,0),"") | V28: =IFERROR(VLOOKUP(V27,$AN$11:$AO$212,2,0),"") | Y28: =IFERROR(VLOOKUP(Y27,$AN$9:$AO$212,2,0),"") | AB28: =IFERROR(VLOOKUP(AB27,$AN$9:$AO$212,2,0),"") | AN28: 16 | AO28: 8.909
D29: Berat cawan + Tanah basah / wt.of can + moist soil | R29: ( gr ) | AI29: LIQUID LIMIT | AN29: 17 | AO29: 9.049
D30: Berat cawan + Tanah Kering / wt. of can + dry soil | R30: ( gr ) | AI30: {=IF(OR(AI26="",AI27="",AJ26="",AJ27=""),"NP",TREND(AJ26:AJ27,AI26:AI27,25))} -> NP | AJ30: % | AN30: 18 | AO30: 8.934
D31: Berat tanah basah / wt. of moist soil | R31: ( gr ) | S31: =IF(OR(S28="",S29=""),"",(S29-S28)) | V31: =IF(OR(V28="",V29=""),"",(V29-V28)) | Y31: =IF(OR(Y28="",Y29=""),"",(Y29-Y28)) | AB31: =IF(OR(AB28="",AB29=""),"",(AB29-AB28)) | AN31: 19 | AO31: 8.961
D32: Berat tanah kering / wt. of dry soil | R32: ( gr ) | S32: =IF(OR(S28="",S30=""),"",(S30-S28)) | V32: =IF(OR(V28="",V30=""),"",(V30-V28)) | Y32: =IF(OR(Y28="",Y30=""),"",(Y30-Y28)) | AB32: =IF(OR(AB28="",AB30=""),"",(AB30-AB28)) | AH32: LL | AI32: =AI30 -> NP | AN32: 20 | AO32: 8.776
D33: Berat air / wt. of water | R33: ( gr ) | S33: =IF(OR(S29="",S30=""),"",S29-S30) | V33: =IF(OR(V29="",V30=""),"",V29-V30) | Y33: =IF(OR(Y29="",Y30=""),"",Y29-Y30) | AB33: =IF(OR(AB29="",AB30=""),"",AB29-AB30) | AH33: PL | AI33: =AB53 -> NP | AN33: 21 | AO33: 8.903
D34: Kadar air/ Moisture content (Mc) | R34: ( % ) | S34: =IF(OR(S32="",S33=""),"",S33/S32*100) | V34: =IF(OR(V32="",V33=""),"",V33/V32*100) | Y34: =IF(OR(Y32="",Y33=""),"",Y33/Y32*100) | AB34: =IF(OR(AB32="",AB33=""),"",AB33/AB32*100) | AH34: PI | AI34: =AD53 -> NP | AN34: 22 | AO34: 8.843
AN35: 23 | AO35: 8.84
AI36: LL | AJ36: A-Line | AK36: U-Line | AN36: 24 | AO36: 9.01
AI37: 0 | AN37: 25 | AO37: 8.812
AI38: 8 | AK38: 0 | AN38: 26 | AO38: 8.846
AI39: 20 | AJ39: 0 | AK39: 10.8 | AN39: 27 | AO39: 8.914
AI40: 30 | AJ40: 7.3 | AK40: 19.8 | AN40: 28 | AO40: 9.9
AI41: 40 | AJ41: 14.6 | AK41: 28.8 | AN41: 29 | AO41: 8.9
AI42: 50 | AJ42: 21.9 | AK42: 37.8 | AN42: 30 | AO42: 8.854
AI43: 60 | AJ43: 29.2 | AK43: 46.8 | AN43: 31 | AO43: 8.815
AI44: 70 | AJ44: 36.5 | AK44: 55.8 | AN44: 32 | AO44: 8.985
AI45: 80 | AJ45: 43.8 | AK45: 64.8 | AN45: 33 | AO45: 8.897
AI46: 90 | AJ46: 51.1 | AK46: 73.8 | AN46: 34 | AO46: 8.91
AI47: 100 | AJ47: 58.4 | AK47: 82.8 | AN47: 35 | AO47: 8.725
AN48: 36 | AO48: 8.715
AN49: 37 | AO49: 8.752
D50: Uji Batas Plastis / Plastic Limit Test | AI50: A-Line | AJ50: Pl = 0.73(LL-20) | AN50: 38 | AO50: 8.73
D51: No. Cawan | Y51: LL | AB51: PL | AD51: PI | AI51: U-Line | AJ51: Pl=0.9(LL-8) | AN51: 39 | AO51: 8.861
D52: Berat cawan kosong / wt. empty can | Q52: ( gr ) | R52: =IFERROR(VLOOKUP(R51,$AN$11:$AO$212,2,0),"") | U52: =IFERROR(VLOOKUP(U51,$AN$9:$AO$212,2,0),"") | Y52: % | AI52: Straight line | AN52: 40 | AO52: 8.858
D53: Berat cawan + Tanah basah / wt.of can + moist soil | Q53: ( gr ) | Y53: =AI30 -> NP | AB53: =IF(R58="","NP",R58) -> NP | AD53: =IF(OR(Y53="",AB53=""),"NP",IFERROR(Y53-AB53,"NP")) -> NP | AI53: 50 | AJ53: 0 | AN53: 41 | AO53: 8.759
D54: Berat cawan + Tanah Kering / wt. of can + dry soil | Q54: ( gr ) | AI54: 50 | AJ54: 60 | AN54: 42 | AO54: 8.8
D55: Berat tanah kering / wt. of dry soil | Q55: (gr) | R55: =IF(OR(R52="",R54=""),"",(R54-R52)) | U55: =IF(OR(U52="",U54=""),"",(U54-U52)) | AN55: 43 | AO55: 8.861
D56: Berat air / wt. of water | Q56: ( gr ) | R56: =IF(OR(R53="",R54=""),"",(R53-R54)) | U56: =IF(OR(U53="",U54=""),"",(U53-U54)) | AI56: CL-ML | AJ56: Region | AK56: A-Line | AL56: U-Line | AN56: 44 | AO56: 8.878
D57: Kadar air/ Moisture content (Mc) | Q57: ( % ) | R57: =IF(OR(R55="",R56=""),"",(R56/R55*100)) | U57: =IF(OR(U55="",U56=""),"",(U56/U55*100)) | AI57: 4 | AJ57: 4 | AK57: 25.479452 | AL57: 12.444444 | AN57: 45 | AO57: 8.941
D58: Batas Plastis /Plastic Limit | Q58: (%) | R58: =IF(OR(R57="",U57=""),"",AVERAGE(R57:W57)) | Z58: Notes : | AI58: 7 | AJ58: 7 | AK58: 29.589041 | AL58: 15.777778 | AN58: 46 | AO58: 9.01
AN59: 47 | AO59: 8.8993
AN60: 48 | AO60: 8.749
AI61: 0 | AJ61: 4 | AN61: 49 | AO61: 8.822
AI62: =AL57 -> 12.444444 | AJ62: 4 | AN62: 50 | AO62: 8.781
AN63: 51 | AO63: 8.843
AN64: 52 | AO64: 8.858
AI65: 0 | AJ65: 7 | AN65: 53 | AO65: 8.781
AI66: =AL58 -> 15.777778 | AJ66: 7 | AN66: 54 | AO66: 8.918
AN67: 55 | AO67: 9.03
AN68: 56 | AO68: 8.924
AN69: 57 | AO69: 9.011
AN70: 58 | AO70: 8.854
AN71: 59 | AO71: 8.899
AN72: 60 | AO72: 8.821
AN73: 61 | AO73: 8.845
AN74: 62 | AO74: 8.76
AN75: 63 | AO75: 8.86
AN76: 64 | AO76: 8.809
AH77: Klasifikasi Tanah/Soil Classification (USCS ) : | AN77: 65 | AO77: 8.884
AH78: =CONCATENATE(AH77,AH79) -> Klasifikasi Tanah/Soil Classification (USCS ) : NP | AN78: 66 | AO78: 8.923
AH79: =IF(OR(Y53="",AB53=""),"NP", IFERROR( IF(Y53<50, IF(AD53 >= 0.73*(Y53-20),"CL","ML"), IF(AD53 >= 0.73*(Y53-20),"CH","MH") ), "NP")) -> NP | AN79: 67 | AO79: 8.96
AN80: 68 | AO80: 8.987
C81: =AH78 -> Klasifikasi Tanah/Soil Classification (USCS ) : NP | AN81: 69 | AO81: 8.824
AN82: 70 | AO82: 8.923
AN83: 71 | AO83: 8.894
AN84: 72 | AO84: 8.828
AN85: 73 | AO85: 8.803
AN86: 74 | AO86: 8.949
AN87: 75 | AO87: 8.851
AN88: 76 | AO88: 8.746
AN89: 77 | AO89: 8.843
AN90: 78 | AO90: 8.828
AN91: 79 | AO91: 8.915
AN92: 80 | AO92: 8.813
AN93: 81 | AO93: 8.965
... AN154: 142 | AO154: 8.895
AN155: 143
AN156: 144
AN157: 145
AN158: 146
AN159: 147
AN160: 148
AN161: 149
AN162: 150
AN163: 151
AN164: 152
AN165: 153
...

Sheet Consol
Y1: No ring | Z1: =Data!I17 -> 1 | AJ1: DATA RING
AK2: cm | AL2: cm | AM2: g
F3: GEOLAND QUATTRO TECHNOLAB | X3: Height of Ring | Z3: =VLOOKUP($Z$1,AJ3:AM12,3,TRUE) -> 2.01 | AA3: cm | AC3: PARAMETER TANAH SEMULA | AJ3: Ring | AK3: Diameter | AL3: Tinggi | AM3: berat | AO3: PARAMETER TANAH SETELAH PENGUJIAN
F4: JL. Nata Endah, Komplek Indahco No.22 Kel. Margahayu Tengah | X4: Ring Diameter | Z4: =VLOOKUP($Z$1,AJ4:AM12,2,TRUE) -> 5.07 | AA4: cm | AC4: Luas Benda Uji | AF4: A | AG4: =PI()*(Z4/2)^2 -> 20.188581 | AH4: cm2 | AJ4: 1 | AK4: 5.07 | AL4: 2.01 | AM4: 41.467
F5: Kec. Margahayu, Kab. Bandung 40225 | X5: Weight of ring | Z5: =VLOOKUP($Z$1,AJ3:AM12,4,TRUE) -> 41.467 | AA5: gr | AC5: Volume Benda Uji | AF5: Vo | AG5: =PI()*(Z4/2)^2*Z3 -> 40.579048 | AH5: cm3 | AJ5: 2 | AK5: 5.02 | AL5: 2.01 | AM5: 44.958
F6: Telp/WhatsApp : 082115618130 | X6: Weight of Soil + Ring | Z6: 125.198 | AA6: gr
F7: Email : geolandquattro@gmail.com; geolandquattro@geolandtechnolab.com | AC7: Massa benda uji semula | AF7: m | AG7: =Z6-Z5 -> 83.731 | AH7: gr | AJ7: 3 | AK7: 5.06 | AL7: 1.97 | AM7: 42.502 | AO7: massa tanah setelah pengujian | AR7: mf | AS7: =Z14-Z13 -> 66.777 | AT7: gr
D9: CONSOLIDATION TEST | AC9: Massa Kering Benda uji Semula | AF9: mk | AG9: =Data!I16 -> 47.283937 | AH9: gr | AJ9: 4 | AK9: 5.05 | AL9: 2.04 | AM9: 48.853 | AO9: Kadar air setelah pengujian | AS9: =Z18/Z17*100 -> 7.4172377 | AT9: %
D10: SNI 2812 : 2011 | AC10: Weight of water | AG10: =AG7-AG9 -> 36.447063 | AH10: gr | AJ10: 5 | AK10: 5.05 | AL10: 2.02 | AM10: 45.231 | AO10: Berat volume tanah setelah pengujian | AR10: 𝜸nf | AS10: =AS7/AG5 -> 1.6456029
E12: Deskripsi Sampel / Sample Description | M12: Penguji / Test by | P12: : | Q12: PT. MGS | X12: CONTAINER NO. | AC12: Kadar air semula | AF12: Wo | AG12: =(AG10/AG9)*100 -> 77.081279 | AH12: % | AJ12: 6 | AK12: 5.05 | AL12: 2 | AM12: 47.069 | AO12: Berat volume benda uji kering setelah pengujian | AR12: 𝜸df | AS12: =Z17/AG5 -> 1.5319728 | AT12: %
E13: Pelanggan / Client | G13: : | H13: =Details!B4 -> PT Itamatra Nusantara | M13: No. PKS | P13: : | Q13: 001/PKS GQT-MGS/VIII/2025 | X13: WT. CONTAINER | Z13: =Data!I19 -> 8.834 | AC13: berat vol. benda uji semula | AF13: 𝜸no | AG13: =AG7/AG5 -> 2.0634047 | AH13: gr/cm3 | AO13: Derajat kejenuhan air setelah pengujian | AR13: So
E14: Proyek / Project | G14: : | H14: =Details!B8 -> hidroplogi | M14: Tanggal / Dated | P14: : | Q14: =Details!B31 -> 46219 | X14: WT. CONTAINER + WET SOIL | Z14: =Data!I18 -> 75.611 | AC14: berat vol. benda uji kering semula | AF14: 𝜸d0 | AG14: =AG9/AG5 -> 1.1652303
E15: Id Lab / Lab id | G15: : | H15: =Details!B7 -> 23-GQT--19-UDS-1-BH-05-0,00-0,50-100726-001 | M15: Diperiksa / Checked by | P15: : | Q15: =Details!B22 -> AS Sumartadji | X15: WT. CONTAINER + DRY SOIL | Z15: 71 | AC15: Weight of wet Soil | AG15: =AG7 -> 83.731 | AH15: gr
E16: No Sampel / Sample No | G16: : | H16: =Details!B1 -> BH-05_UDS-01 | M16: No. Lampiran | P16: : | Q16: =Details!B2 -> MGS/02/VI/2026 | X16: WT. WET SOIL | Z16: =Z14-Z13 -> 66.777 | AC16: Berat volume air | AF16: 𝜸w | AG16: =AG10/AG5 -> 0.89817442 | AH16: gr/cm3
E17: Kedalaman / Depth | G17: : | H17: =Details!B13&" m" -> 0,00-0,50 m | X17: WT. OF DRY SOIL | Z17: =Z15-Z13 -> 62.166 | AC17: Gs | AG17: =PP!J24 -> 2.6497359
E18: Tipe Tanah / Soil Type | G18: : | H18: =Details!B14 -> silty CLAY with sand | X18: WT. WATER (Ww) IN g | Z18: =Z14-Z15 -> 4.611 | AC18: Angka pori tanah semula | AF18: eo | AG18: =PP!J42 -> 1.2742617 | AH18: -
E19: Warna / Colour | G19: : | H19: =Details!B15 -> Abu-abu / Gray | AC19: Derajat kejenuhan air Semula | AF19: So | AG19: =(AG12*AG17)/AG18 -> 160.28501 | AH19: %
E20: Jenis Sampel / Type of Sample | G20: : | H20: =Details!B16 -> Undisturbed Sample / UDS | Y20: Cc | Z20: =AC52-AC53 -> 0.13033086 | AA20: =Z20/Z21 -> 0.43294973 | AC20: Solid Height | AF20: Hs | AG20: =AG9/AG17/AG4 -> 0.88390427 | AH20: cm-1
E21: Disclaimer : | F21: ="The samples were received as "&H20&" and the validity of the sampling process was not verified by the laboratory." -> The samples were received as Undisturbed Sample / UDS and the validity of the sampling process was not verified by the laboratory. | Z21: =LOG10(Y53)-LOG10(Y52) -> 0.30103
E22: Parameter Tanah / Soil Parameters
E23: Koeff. Permebilitas ( Permeability coeff ) k | I23: : | J23: =AI57 -> 3.0572215e-09 | K23: cm/s
E24: Indeks Kompresibilitas ( Compressibilty Index ) Cc | I24: : | J24: =AA20 -> 0.43294973 | K24: - | Y24: e max | Z24: =MAX(AC48:AC55) -> 1.2701888
E25: Koefisien Konsolidasi ( Coeff. of Consolidation ) Cv | I25: : | J25: =AI56 -> 0.00018185268 | K25: cm2/s | Y25: e min | Z25: =MIN(AC48:AC55) -> 0.94108078 | AB25: Elapsed | AC25: COMPRESSION DIAL (mm)
E26: Koef.Kompresibilitas ( Coeff.of Compressibilty ) mv | I26: : | J26: =AI55 -> 0.016811528 | K26: cm2/kg | AB26: Time | AD26: 0,25 kg/cm2 | AE26: 0,50 kg/cm2 | AF26: 1,00 kg/cm2 | AG26: 2,00 kg/cm2 | AH26: 4,00 kg/cm2 | AI26: 8,00 kg/cm2 | AJ26: 2,00 kg/cm2 | AK26: 0,25 kg/cm2
E27: Angka pori awal ( Initial Void Ratio ) e0 | I27: : | J27: =AG18 -> 1.2742617 | K27: - | AB27: (minute) | AC27: t
Y28: garis e0 | AB28: 0 | AC28: =AB28^0.5 -> 0 | AD28: =Data!I2 -> 0.9945 | AE28: =Data!J2 -> 0.9909 | AF28: =Data!K2 -> 0.98 | AG28: =Data!L2 -> 0.954 | AH28: =Data!M2 -> 0.896 | AI28: =Data!N2 -> 0.8152 | AJ28: =Data!O2 -> 0.7 | AK28: =Data!P2 -> 0.7182
Y29: 0.1 | Z29: =J27 -> 1.2742617 | AB29: 0.25 | AC29: =AB29^0.5 -> 0.5 | AD29: =Data!I3 -> 0.9923 | AE29: =Data!J3 -> 0.9873 | AF29: =Data!K3 -> 0.9716 | AG29: =Data!L3 -> 0.94 | AH29: =Data!M3 -> 0.8814 | AI29: =Data!N3 -> 0.8012
Y30: 10 | Z30: =Z29 -> 1.2742617 | AB30: 0.5 | AC30: =AB30^0.5 -> 0.70710678 | AD30: =Data!I4 -> 0.992 | AE30: =Data!J4 -> 0.9868 | AF30: =Data!K4 -> 0.9702 | AG30: =Data!L4 -> 0.9378 | AH30: =Data!M4 -> 0.8792 | AI30: =Data!N4 -> 0.7967
AB31: 1 | AC31: =AB31^0.5 -> 1 | AD31: =Data!I5 -> 0.9917 | AE31: =Data!J5 -> 0.986 | AF31: =Data!K5 -> 0.968 | AG31: =Data!L5 -> 0.9356 | AH31: =Data!M5 -> 0.8761 | AI31: =Data!N5 -> 0.7928
Y32: Cv | AB32: 2 | AC32: =AB32^0.5 -> 1.4142136 | AD32: =Data!I6 -> 0.9914 | AE32: =Data!J6 -> 0.9853 | AF32: =Data!K6 -> 0.9664 | AG32: =Data!L6 -> 0.933 | AH32: =Data!M6 -> 0.8721 | AI32: =Data!N6 -> 0.7886
Y33: Max | Z33: =MAX(AM48:AM53) -> 0.021738387 | AB33: 4 | AC33: =AB33^0.5 -> 2 | AD33: =Data!I7 -> 0.9912 | AE33: =Data!J7 -> 0.9847 | AF33: =Data!K7 -> 0.9648 | AG33: =Data!L7 -> 0.9293 | AH33: =Data!M7 -> 0.8681 | AI33: =Data!N7 -> 0.7814
Z34: =MIN(AM48:AM53) -> 0.011493124 | AB34: 8 | AC34: =AB34^0.5 -> 2.8284271 | AD34: =Data!I8 -> 0.991 | AE34: =Data!J8 -> 0.984 | AF34: =Data!K8 -> 0.9633 | AG34: =Data!L8 -> 0.926 | AH34: =Data!M8 -> 0.8614 | AI34: =Data!N8 -> 0.7732
AB35: 15 | AC35: =AB35^0.5 -> 3.8729833 | AD35: =Data!I9 -> 0.9909 | AE35: =Data!J9 -> 0.9832 | AF35: =Data!K9 -> 0.9616 | AG35: =Data!L9 -> 0.922 | AH35: =Data!M9 -> 0.8541 | AI35: =Data!N9 -> 0.7654
Y36: Faktor Satuan CV | Z36: =1/AM46 -> 0.01 | AB36: 30 | AC36: =AB36^0.5 -> 5.4772256 | AD36: =Data!I10 -> 0.9909 | AE36: =Data!J10 -> 0.9826 | AF36: =Data!K10 -> 0.9599 | AG36: =Data!L10 -> 0.917 | AH36: =Data!M10 -> 0.8447 | AI36: =Data!N10 -> 0.7541
AB37: 60 | AC37: =AB37^0.5 -> 7.7459667 | AD37: =Data!I11 -> 0.9909 | AE37: =Data!J11 -> 0.982 | AF37: =Data!K11 -> 0.958 | AG37: =Data!L11 -> 0.9098 | AH37: =Data!M11 -> 0.8355 | AI37: =Data!N11 -> 0.7415
AB38: 120 | AC38: =AB38^0.5 -> 10.954451 | AD38: =Data!I12 -> 0.9909 | AE38: =Data!J12 -> 0.9812 | AF38: =Data!K12 -> 0.9562 | AG38: =Data!L12 -> 0.9041 | AH38: =Data!M12 -> 0.8287 | AI38: =Data!N12 -> 0.7272
AB39: 256 | AC39: =AB39^0.5 -> 16 | AD39: =Data!I13 -> 0.9909 | AE39: =Data!J13 -> 0.9809 | AF39: =Data!K13 -> 0.9548 | AG39: =Data!L13 -> 0.9 | AH39: =Data!M13 -> 0.8222 | AI39: =Data!N13 -> 0.7163
AB40: 484 | AC40: =AB40^0.5 -> 22 | AD40: =Data!I14 -> 0.9909 | AE40: =Data!J14 -> 0.9806 | AF40: =Data!K14 -> 0.9544 | AG40: =Data!L14 -> 0.897 | AH40: =Data!M14 -> 0.8193 | AI40: =Data!N14 -> 0.7102
AB41: 1440 | AC41: =AB41^0.5 -> 37.947332 | AD41: =Data!I15 -> 0.9909 | AE41: =Data!J15 -> 0.98 | AF41: =Data!K15 -> 0.954 | AG41: =Data!L15 -> 0.896 | AH41: =Data!M15 -> 0.8152 | AI41: =Data!N15 -> 0.7 | AJ41: =Data!O15 -> 0.7182 | AK41: =Data!P15 -> 0.7436
AF44: Koeff. Kompressibiltas Volume | AM44: Title Vertical axis
AA45: Penurunan | AF45: Perubahan inkremental | AH45: e | AI45: mv (cm2/
Y46: Stress (kg/cm2) | Z46: DDR | AA46: ∆H (cm) | AB46: ∆e | AC46: e | AD46: H | AE46: Hr | AF46: 𝛅e | AG46: 𝛅p | AJ46: √T90 (menit) | AK46: T90 (detik) | AL46: Cv (cm2/sec) | AM46: 100
Y47: 0 | Z47: =AD28 -> 0.9945 | AC47: =AG18 -> 1.2742617 | AF47: 0 | AN47: =IF(AND(Y47>=0.5,Y47<=2),"Ya","Tidak") -> Tidak
Y48: 0.25 | Z48: =AD41 -> 0.9909 | AA48: =$AD$28-Z48 -> 0.0036 | AB48: =AA48/$AG$20 -> 0.0040728393 | AC48: =$AC$47-AB48 -> 1.2701888 | AD48: =$Z$3-AA48 -> 2.0064 | AE48: =($Z$3+AD48)/4 -> 1.0041 | AF48: =AC47-AC48 -> 0.0040728393 | AG48: =Y48 -> 0.25 | AH48: =1+AC48 -> 2.2701888 | AI48: =(AF48/AG48)/AH48 -> 0.0071762124 | AJ48: =AG94 -> 2.8 | AK48: =AJ48^2*60 -> 470.4 | AL48: =AE48^2/(AK48*(3.14^2)) -> 0.00021738387 | AM48: =AL48*$AM$46 -> 0.021738387 | AN48: =IF(AND(Y48>=0.5,Y48<=2),"Ya","Tidak") -> Tidak
Y49: 0.5 | Z49: =AE41 -> 0.98 | AA49: =Z48-Z49 -> 0.0109 | AB49: =AA49/$AG$20 -> 0.012331652 | AC49: =$AC$47-AB48-AB49 -> 1.2578572 | AD49: =AD48-AA49 -> 1.9955 | AE49: =(AD48+AD49)/4 -> 1.000475 | AF49: =AC48-AC49 -> 0.012331652 | AG49: =Y49-Y48 -> 0.25 | AH49: =1+AC49 -> 2.2578572 | AI49: =(AF49/AG49)/AH49 -> 0.021846647 | AJ49: =AG119 -> 2.8 | AK49: =AJ49^2*60 -> 470.4 | AL49: =AE49^2/(AK49*(3.14^2)) -> 0.00021581711 | AM49: =AL49*$AM$46 -> 0.021581711 | AN49: =IF(AND(Y49>=0.5,Y49<=2),"Ya","Tidak") -> Ya
Y50: 1 | Z50: =AF41 -> 0.954 | AA50: =Z49-Z50 -> 0.026 | AB50: =AA50/$AG$20 -> 0.02941495 | AC50: =$AC$47-AB48-AB49-AB50 -> 1.2284422 | AD50: =AD49-AA50 -> 1.9695 | AE50: =(AD49+AD50)/4 -> 0.99125 | AF50: =AC49-AC50 -> 0.02941495 | AG50: =Y51-Y50 -> 1 | AH50: =1+AC50 -> 2.2284422 | AI50: =(AF50/AG50)/AH50 -> 0.013199781 | AJ50: =AG144 -> 2.8 | AK50: =AJ50^2*60 -> 470.4 | AL50: =AE50^2/(AK50*(3.14^2)) -> 0.00021185552 | AM50: =AL50*$AM$46 -> 0.021185552 | AN50: =IF(AND(Y50>=0.5,Y50<=2),"Ya","Tidak") -> Ya
Y51: 2 | Z51: =AG41 -> 0.896 | AA51: =Z50-Z51 -> 0.058 | AB51: =AA51/$AG$20 -> 0.065617966 | AC51: =$AC$47-AB48-AB49-AB50-AB51 -> 1.1628242 | AD51: =AD50-AA51 -> 1.9115 | AE51: =(AD50+AD51)/4 -> 0.97025 | AF51: =AC50-AC51 -> 0.065617966 | AG51: =Y52-Y51 -> 2 | AH51: =1+AC51 -> 2.1628242 | AI51: =(AF51/AG51)/AH51 -> 0.015169509 | AJ51: =AG169 -> 2.9 | AK51: =AJ51^2*60 -> 504.6 | AL51: =AE51^2/(AK51*(3.14^2)) -> 0.00018921726 | AM51: =AL51*$AM$46 -> 0.018921726 | AN51: =IF(AND(Y51>=0.5,Y51<=2),"Ya","Tidak") -> Ya
Y52: 4 | Z52: =AH41 -> 0.8152 | AA52: =Z51-Z52 -> 0.0808 | AB52: =AA52/$AG$20 -> 0.091412615 | AC52: =$AC$47-AB48-AB49-AB50-AB51-AB52 -> 1.0714116 | AD52: =AD51-AA52 -> 1.8307 | AE52: =(AD51+AD52)/4 -> 0.93555 | AF52: =AC51-AC52 -> 0.091412615 | AG52: =Y52-Y51 -> 2 | AH52: =1+AC52 -> 2.0714116 | AI52: =(AF52/AG52)/AH52 -> 0.022065294 | AJ52: =AG192 -> 3.2 | AK52: =AJ52^2*60 -> 614.4 | AL52: =AE52^2/(AK52*(3.14^2)) -> 0.00014448525 | AM52: =AL52*$AM$46 -> 0.014448525 | AN52: =IF(AND(Y52>=0.5,Y52<=2),"Ya","Tidak") -> Tidak
Y53: 8 | Z53: =AI41 -> 0.7 | AA53: =Z52-Z53 -> 0.1152 | AB53: =AA53/$AG$20 -> 0.13033086 | AC53: =$AC$47-AB48-AB49-AB50-AB51-AB52-AB53 -> 0.94108078 | AD53: =AD52-AA53 -> 1.7155 | AE53: =(AD52+AD53)/4 -> 0.88655 | AF53: =AC52-AC53 -> 0.13033086 | AG53: =Y53-Y52 -> 4 | AH53: =1+AC53 -> 1.9410808 | AI53: =(AF53/AG53)/AH53 -> 0.016785862 | AJ53: =AG214 -> 3.4 | AK53: =AJ53^2*60 -> 693.6 | AL53: =AE53^2/(AK53*(3.14^2)) -> 0.00011493124 | AM53: =AL53*$AM$46 -> 0.011493124 | AN53: =IF(AND(Y53>=0.5,Y53<=2),"Ya","Tidak") -> Tidak
Y54: 2 | Z54: =AJ41 -> 0.7182 | AA54: =Z54-Z53 -> 0.0182 | AB54: =AA54/$AG$20 -> 0.020590465 | AC54: =$AC$47+AB54-AB53-AB52-AB51-AB50-AB49-AB48 -> 0.96167124 | AD54: =AD53+AA54 -> 1.7337 | AE54: =(AD53+AD54)/4 -> 0.8623
Y55: 0.25 | Z55: =AK41 -> 0.7436 | AA55: =Z55-Z54 -> 0.0254 | AB55: =AA55/$AG$20 -> 0.028736144 | AC55: =$AC$47+AB55+AB54-AB53-AB52-AB51-AB50-AB49-AB48 -> 0.99040739 | AD55: =AD54+AA55 -> 1.7591 | AE55: =(AD54+AD55)/4 -> 0.8732 | AH55: Mv | AI55: =AVERAGEIF(AN47:AN53,"Ya",AI48:AI53) -> 0.016811528 | AJ55: =AVERAGEIF(AN47:AN53,"Ya",AI48:AI53) -> 0.016811528
AH56: Cv | AI56: =AVERAGEIF(AN47:AN53,"Ya",AL48:AL53) -> 0.00018185268 | AJ56: =AVERAGEIF(AN47:AN53,"Ya",AM48:AM53) -> 0.018185268
AH57: K | AI57: =AI56 * AI55* 0.001 -> 3.0572215e-09 | AJ57: =AJ56 * AJ55* 0.001 -> 3.0572215e-07 | AK57: cm/s
O68: Notes :
AA78: 0.25 | AG78: =AA78 -> 0.25
AA79: X | AB79: Div | AC79: mm | AD79: mikro | AE79: Y
AA80: =AC28 -> 0 | AB80: =AD28 -> 0.9945 | AC80: =AB80*0.1 -> 0.09945 | AD80: =AB80*1000 -> 994.5 | AE80: =AD80 -> 994.5 | AG80: Garis 1 | AN80: =AE26 -> 0,50 kg/cm2
AA81: =AC29 -> 0.5 | AB81: =AD29 -> 0.9923 | AC81: =AB81*0.1 -> 0.09923 | AD81: =AB81*1000 -> 992.3 | AE81: =AE80+AD81 -> 1986.8 | AG81: X | AH81: Y
AA82: =AC30 -> 0.70710678 | AB82: =AD30 -> 0.992 | AC82: =AB82*0.1 -> 0.0992 | AD82: =AB82*1000 -> 992 | AE82: =AE81+AD82 -> 2978.8 | AG82: 0 | AH82: 2000 | AN82: Garis 1
AA83: =AC31 -> 1 | AB83: =AD31 -> 0.9917 | AC83: =AB83*0.1 -> 0.09917 | AD83: =AB83*1000 -> 991.7 | AE83: =AE82+AD83 -> 3970.5 | AG83: 6.1 | AH83: 14000 | AN83: X | AO83: Y
AA84: =AC32 -> 1.4142136 | AB84: =AD32 -> 0.9914 | AC84: =AB84*0.1 -> 0.09914 | AD84: =AB84*1000 -> 991.4 | AE84: =AE83+AD84 -> 4961.9 | AN84: 0 | AO84: 0.9645
AA85: =AC33 -> 2 | AB85: =AD33 -> 0.9912 | AC85: =AB85*0.1 -> 0.09912 | AD85: =AB85*1000 -> 991.2 | AE85: =AE84+AD85 -> 5953.1 | AN85: 16.3 | AO85: 0.945
AA86: =AC34 -> 2.8284271 | AB86: =AD34 -> 0.991 | AC86: =AB86*0.1 -> 0.0991 | AD86: =AB86*1000 -> 991 | AE86: =AE85+AD86 -> 6944.1 | AG86: Garis 2
AA87: =AC35 -> 3.8729833 | AB87: =AD35 -> 0.9909 | AC87: =AB87*0.1 -> 0.09909 | AD87: =AB87*1000 -> 990.9 | AE87: =AE86+AD87 -> 7935 | AG87: X | AH87: Y
AA88: =AC36 -> 5.4772256 | AB88: =AD36 -> 0.9909 | AC88: =AB88*0.1 -> 0.09909 | AD88: =AB88*1000 -> 990.9 | AE88: =AE87+AD88 -> 8925.9 | AG88: =AG82 -> 0 | AH88: =AH82 -> 2000 | AN88: Garis 2
AA89: =AC37 -> 7.7459667 | AB89: =AD37 -> 0.9909 | AC89: =AB89*0.1 -> 0.09909 | AD89: =AB89*1000 -> 990.9 | AE89: =AE88+AD89 -> 9916.8 | AG89: =AG83*1.15 -> 7.015 | AH89: =AH83 -> 14000 | AN89: X | AO89: Y
AA90: =AC38 -> 10.954451 | AB90: =AD38 -> 0.9909 | AC90: =AB90*0.1 -> 0.09909 | AD90: =AB90*1000 -> 990.9 | AE90: =AE89+AD90 -> 10907.7 | AN90: =AN84 -> 0 | AO90: =AO84 -> 0.9645
AA91: =AC39 -> 16 | AB91: =AD39 -> 0.9909 | AC91: =AB91*0.1 -> 0.09909 | AD91: =AB91*1000 -> 990.9 | AE91: =AE90+AD91 -> 11898.6 | AG91: Akar t90 | AN91: =AN85*1.15 -> 18.745 | AO91: =AO85 -> 0.945
AA92: =AC40 -> 22 | AB92: =AD40 -> 0.9909 | AC92: =AB92*0.1 -> 0.09909 | AD92: =AB92*1000 -> 990.9 | AE92: =AE91+AD92 -> 12889.5 | AG92: X | AH92: Y
AA93: =AC41 -> 37.947332 | AB93: =AD41 -> 0.9909 | AC93: =AB93*0.1 -> 0.09909 | AD93: =AB93*1000 -> 990.9 | AE93: =AE92+AD93 -> 13880.4 | AG93: 0 | AH93: =AH94 -> 6900 | AN93: Akar t90
AG94: 2.8 | AH94: 6900 | AN94: X | AO94: Y
AG95: =AG94 -> 2.8 | AH95: =AH89 -> 14000 | AN95: 0 | AO95: =AO96 -> 0.9537
AN96: 11 | AO96: 0.9537
F97: GEOLAND QUATTRO TECHNOLAB | AN97: =AN96 -> 11 | AO97: =AO91 -> 0.945
F98: JL. Nata Endah, Komplek Indahco No.22 Kel. Margahayu Tengah
F99: Kec. Margahayu, Kab. Bandung 40225
F100: Telp/WhatsApp : 082115618130
F101: Email : geolandquattro@gmail.com; geolandquattro@geolandtechnolab.com
D103: GRAFIK METODE AKAR WAKTU/SQUARE ROOT TIME (✓T90) | AA103: 0.5 | AG103: =AA103 -> 0.5
D104: SNI 2812:2011 | AA104: X | AB104: Div | AC104: mm | AD104: mikro | AE104: Y
AA105: 0 | AB105: =AE28 -> 0.9909 | AC105: =AB105*0.1 -> 0.09909 | AD105: =AB105*1000 -> 990.9 | AE105: =AD105 -> 990.9 | AG105: Garis 1
E106: Deskripsi Sampel / Sample Description | M106: Penguji / Test by | P106: : | Q106: =Q12 -> PT. MGS | AA106: 0.5 | AB106: =AE29 -> 0.9873 | AC106: =AB106*0.1 -> 0.09873 | AD106: =AB106*1000 -> 987.3 | AE106: =AE105+AD106 -> 1978.2 | AG106: X | AH106: Y
E107: Pelanggan / Client | G107: : | H107: =H13 -> PT Itamatra Nusantara | M107: No. PKS | P107: : | Q107: =Q13 -> 001/PKS GQT-MGS/VIII/2025 | AA107: 0.70710678 | AB107: =AE30 -> 0.9868 | AC107: =AB107*0.1 -> 0.09868 | AD107: =AB107*1000 -> 986.8 | AE107: =AE106+AD107 -> 2965 | AG107: 0 | AH107: =AH82 -> 2000
E108: No Sampel / Sample No | G108: : | H108: =H16 -> BH-05_UDS-01 | M108: Tanggal / Dated | P108: : | Q108: =Q14 -> 46219 | AA108: 1 | AB108: =AE31 -> 0.986 | AC108: =AB108*0.1 -> 0.0986 | AD108: =AB108*1000 -> 986 | AE108: =AE107+AD108 -> 3951 | AG108: 6.2 | AH108: 14000
E109: Kedalaman / Depth | G109: : | H109: =H17 -> 0,00-0,50 m | M109: Diperiksa / Checked by | P109: : | Q109: =Q15 -> AS Sumartadji | AA109: 1.4142136 | AB109: =AE32 -> 0.9853 | AC109: =AB109*0.1 -> 0.09853 | AD109: =AB109*1000 -> 985.3 | AE109: =AE108+AD109 -> 4936.3
E110: Tipe Tanah / Soil Type | G110: : | H110: =H18 -> silty CLAY with sand | M110: No. Lampiran | P110: : | Q110: =Q16 -> MGS/02/VI/2026 | AA110: 2 | AB110: =AE33 -> 0.9847 | AC110: =AB110*0.1 -> 0.09847 | AD110: =AB110*1000 -> 984.7 | AE110: =AE109+AD110 -> 5921
E111: Warna / Colour | G111: : | H111: =H19 -> Abu-abu / Gray | AA111: 2.8284271 | AB111: =AE34 -> 0.984 | AC111: =AB111*0.1 -> 0.0984 | AD111: =AB111*1000 -> 984 | AE111: =AE110+AD111 -> 6905 | AG111: Garis 2
E112: Jenis Sampel / Type of Sample | G112: : | H112: =H20 -> Undisturbed Sample / UDS | AA112: 3.8729833 | AB112: =AE35 -> 0.9832 | AC112: =AB112*0.1 -> 0.09832 | AD112: =AB112*1000 -> 983.2 | AE112: =AE111+AD112 -> 7888.2 | AG112: X | AH112: Y
E113: Disclaimer : | F113: ="The samples were received as "&H112&" and the validity of the sampling process was not verified by the laboratory." -> The samples were received as Undisturbed Sample / UDS and the validity of the sampling process was not verified by the laboratory. | AA113: 5.4772256 | AB113: =AE36 -> 0.9826 | AC113: =AB113*0.1 -> 0.09826 | AD113: =AB113*1000 -> 982.6 | AE113: =AE112+AD113 -> 8870.8 | AG113: =AG107 -> 0 | AH113: =AH107 -> 2000
AA114: 7.7459667 | AB114: =AE37 -> 0.982 | AC114: =AB114*0.1 -> 0.0982 | AD114: =AB114*1000 -> 982 | AE114: =AE113+AD114 -> 9852.8 | AG114: =AG108*1.15 -> 7.13 | AH114: =AH108 -> 14000
AA115: 10.954451 | AB115: =AE38 -> 0.9812 | AC115: =AB115*0.1 -> 0.09812 | AD115: =AB115*1000 -> 981.2 | AE115: =AE114+AD115 -> 10834
AA116: 16 | AB116: =AE39 -> 0.9809 | AC116: =AB116*0.1 -> 0.09809 | AD116: =AB116*1000 -> 980.9 | AE116: =AE115+AD116 -> 11814.9 | AG116: Akar t90
AA117: 22 | AB117: =AE40 -> 0.9806 | AC117: =AB117*0.1 -> 0.09806 | AD117: =AB117*1000 -> 980.6 | AE117: =AE116+AD117 -> 12795.5 | AG117: X | AH117: Y
AA118: 37.947332 | AB118: =AE41 -> 0.98 | AC118: =AB118*0.1 -> 0.098 | AD118: =AB118*1000 -> 980 | AE118: =AE117+AD118 -> 13775.5 | AG118: 0 | AH118: =AH119 -> 6500
AG119: 2.8 | AH119: 6500
AG120: =AG119 -> 2.8 | AH120: =AH114 -> 14000
AA127: 1
AA128: X | AB128: Div | AC128: mm | AD128: mikro | AE128: Y | AG128: =AA127 -> 1
AA129: 0 | AB129: =AF28 -> 0.98 | AC129: =AB129*0.1 -> 0.098 | AD129: =AB129*1000 -> 980 | AE129: =AD129 -> 980
AA130: 0.5 | AB130: =AF29 -> 0.9716 | AC130: =AB130*0.1 -> 0.09716 | AD130: =AB130*1000 -> 971.6 | AE130: =AE129+AD130 -> 1951.6 | AG130: Garis 1
...

Sheet UU
B2: LEMBAR PRINT OUT
K3: TRIAXIAL COMPRESSION TEST (UU)
L5: SNI 4813 : 2015
B8: =IF(B92="","",B92) -> Investigasi Geoteknik Area Pit dan Disposal Rajawali PT. Triaryani Batch 2
B10: =B94 -> L O C A T I O N | E10: =IF(E94="","",E94) -> Morowali Utara
B11: =B95 -> BORE HOLE No | E11: =IF(E95="","",E95) -> BH-05_UDS-01 | J11: =J95 -> DATE OF TEST | N11: =IF(N95="","",N95) | U11: Jenis Tanah / Soil Type | W11: clayey, sandy SILT
B12: =B96 -> SAMPLE No | E12: =IF(E96="","",E96) -> BH-05_UDS-01 | J12: =J96 -> TESTED BY | N12: =IF(N96="","",N96) -> 0 | U12: Warna/ Colour | W12: Cokelat / Brown
B13: =B97 -> SAMPLE DEPTH | E13: =IF(E97="","",E97) -> 0,00-0,50 | H13: m | J13: =J97 -> CHECKED BY | N13: =IF(N97="","",N97) -> AS Sumartadji
B15: S P E C I M E N D A T A
B16: Number Of Specimen | I16: 1 | J16: 2 | K16: 3
B18: Specimen Diameter | G18: mm | I18: =I102 -> 3.8 | J18: =K102 -> 3.8 | K18: =N102 -> 3.8 | L18: ANGEL OF INTERNAL FRICTION
B19: Specimen Height | G19: mm | I19: =I103 -> 7.6 | J19: =K103 -> 7.6 | K19: =N103 -> 7.6
B20: Specimen Area | G20: cm2 | I20: =I104 -> 11.341149 | J20: =K104 -> 11.341149 | K20: =N104 -> 11.341149 | M20: Ø | N20: = | O20: =O159 -> 10.991402 | P20: O
B22: Dial Gauge Subdevision | G22: mm/div | I22: =I106 -> 0.002 | J22: =K106 -> 0.002 | K22: =N106 -> 0.002
B23: Load Rate | G23: kg/min | I23: =I107 -> 0.14 | J23: =K107 -> 0.14 | K23: =N107 -> 0.14 | L23: C O H E S I O N
B24: Load Ring Constant | G24: kg/div | I24: =I108 -> 0.12064 | J24: =K108 -> 0.12064 | K24: =N108 -> 0.12064
B26: Lateral Pressure | G26: kg/cm2 | I26: =I110 -> 0.5 | J26: =K110 -> 1 | K26: =N110 -> 2
B27: Maximum Deviator Stress | G27: kg/cm2 | I27: =I111 -> 0.55823797 | J27: =K111 -> 0.74797505 | K27: =N111 -> 1.217475 | M27: C | N27: = | O27: =N156 -> 0.13122991 | P27: kg/cm2 | V27: =O27*101.971 -> 13.381646
B28: Maximum Value Of Vertical Stress | G28: kg/cm2 | I28: =I27+I26 -> 1.058238 | J28: =J27+J26 -> 1.747975 | K28: =K27+K26 -> 3.217475
B30: SPECIMEN No. 1 | H30: SPECIMEN No. 2 | N30: SPECIMEN No. 3
B31: Defor- | C31: Load | D31: Unit | E31: Correc | F31: Dev | H31: Defor- | I31: Load | J31: Unit | K31: Correc | L31: Dev | N31: Defor- | O31: Load | P31: Unit | Q31: Correc | R31: Dev
B32: mation | C32: Dial | D32: Starin | E32: Area | F32: Stress | H32: mation | I32: Dial | J32: Starin | K32: Area | L32: Stress | N32: mation | O32: Dial | P32: Starin | Q32: Area | R32: Stress
B33: (dev) | C33: Reading | D33: ( % ) | E33: (cm2) | F33: (kg/cm2) | H33: (dev) | I33: Reading | J33: ( % ) | K33: (cm2) | L33: (kg/cm2) | N33: (dev) | O33: Reading | P33: ( % ) | Q33: (cm2) | R33: (kg/cm2)
B35: A | C35: B | D35: C | E35: D | F35: E | H35: G | I35: H | J35: I | K35: J | L35: K | N35: M | O35: N | P35: O | Q35: P | R35: Q
B36: 0 | C36: =C120 -> 0 | D36: =((B36*I22)/I19)*100 -> 0 | E36: =I20/((100-D36)/100) -> 11.341149 | F36: =(C36*$I$24)/E36 -> 0 | H36: 0 | I36: =F120 -> 0 | J36: =((H36*J22)/J19)*100 -> 0 | K36: =J20/((100-J36)/100) -> 11.341149 | L36: =(I36*J24)/K36 -> 0 | N36: 0 | O36: =J120 -> 0 | P36: =((N36*K22)/K19)*100 -> 0 | Q36: =K20/((100-P36)/100) -> 11.341149 | R36: =(O36*K24)/Q36 -> 0
B37: =IF(C121=0,"",B36+20) -> 20 | C37: =IF(C121="","",C121) -> 6 | D37: =IF(B37="","",((B37*$I$22)/$I$19)*100) -> 0.52631579 | E37: =IF(D37="","",($I$20/((100-D37)/100))) -> 11.401156 | F37: =IF(E37="","",(C37*$I$24)/E37) -> 0.063488301 | H37: =IF(F121=0,"",H36+20) -> 20 | I37: =IF(F121="","",F121) -> 15 | J37: =IF(H37="","",((H37*$J$22)/$J$19)*100) -> 0.52631579 | K37: =IF(J37="","",$J$20/((100-J37)/100)) -> 11.401156 | L37: =IF(K37="","",(I37*$J$24)/K37) -> 0.15872075 | N37: =IF(J121=0,"",N36+20) -> 20 | O37: =IF(J121="","",J121) -> 33 | P37: =IF(N37="","",((N37*$K$22)/$K$19)*100) -> 0.52631579 | Q37: =IF(P37="","",$K$20/((100-P37)/100)) -> 11.401156 | R37: =IF(Q37="","",(O37*$J$24)/Q37) -> 0.34918566
B38: =IF(C122=0,"",B37+20) -> 40 | C38: =IF(C122="","",C122) -> 11 | D38: =IF(B38="","",((B38*$I$22)/$I$19)*100) -> 1.0526316 | E38: =IF(D38="","",($I$20/((100-D38)/100))) -> 11.4618 | F38: =IF(E38="","",(C38*$I$24)/E38) -> 0.11577937 | H38: =IF(F122=0,"",H37+20) -> 40 | I38: =IF(F122="","",F122) -> 25 | J38: =IF(H38="","",((H38*$J$22)/$J$19)*100) -> 1.0526316 | K38: =IF(J38="","",$J$20/((100-J38)/100)) -> 11.4618 | L38: =IF(K38="","",(I38*$J$24)/K38) -> 0.26313494 | N38: =IF(J122=0,"",N37+20) -> 40 | O38: =IF(J122="","",J122) -> 45 | P38: =IF(N38="","",((N38*$K$22)/$K$19)*100) -> 1.0526316 | Q38: =IF(P38="","",$K$20/((100-P38)/100)) -> 11.4618 | R38: =IF(Q38="","",(O38*$J$24)/Q38) -> 0.47364288
B39: =IF(C123=0,"",B38+20) -> 60 | C39: =IF(C123="","",C123) -> 16 | D39: =IF(B39="","",((B39*$I$22)/$I$19)*100) -> 1.5789474 | E39: =IF(D39="","",($I$20/((100-D39)/100))) -> 11.523093 | F39: =IF(E39="","",(C39*$I$24)/E39) -> 0.16751058 | H39: =IF(F123=0,"",H38+20) -> 60 | I39: =IF(F123="","",F123) -> 33 | J39: =IF(H39="","",((H39*$J$22)/$J$19)*100) -> 1.5789474 | K39: =IF(J39="","",$J$20/((100-J39)/100)) -> 11.523093 | L39: =IF(K39="","",(I39*$J$24)/K39) -> 0.34549057 | N39: =IF(J123=0,"",N38+20) -> 60 | O39: =IF(J123="","",J123) -> 55 | P39: =IF(N39="","",((N39*$K$22)/$K$19)*100) -> 1.5789474 | Q39: =IF(P39="","",$K$20/((100-P39)/100)) -> 11.523093 | R39: =IF(Q39="","",(O39*$J$24)/Q39) -> 0.57581762
B40: =IF(C124=0,"",B39+20) -> 80 | C40: =IF(C124="","",C124) -> 21 | D40: =IF(B40="","",((B40*$I$22)/$I$19)*100) -> 2.1052632 | E40: =IF(D40="","",($I$20/((100-D40)/100))) -> 11.585045 | F40: =IF(E40="","",(C40*$I$24)/E40) -> 0.21868193 | H40: =IF(F124=0,"",H39+20) -> 80 | I40: =IF(F124="","",F124) -> 38 | J40: =IF(H40="","",((H40*$J$22)/$J$19)*100) -> 2.1052632 | K40: =IF(J40="","",$J$20/((100-J40)/100)) -> 11.585045 | L40: =IF(K40="","",(I40*$J$24)/K40) -> 0.39571015 | N40: =IF(J124=0,"",N39+20) -> 80 | O40: =IF(J124="","",J124) -> 63 | P40: =IF(N40="","",((N40*$K$22)/$K$19)*100) -> 2.1052632 | Q40: =IF(P40="","",$K$20/((100-P40)/100)) -> 11.585045 | R40: =IF(Q40="","",(O40*$J$24)/Q40) -> 0.65604578
B41: =IF(C125=0,"",B40+20) -> 100 | C41: =IF(C125="","",C125) -> 25 | D41: =IF(B41="","",((B41*$I$22)/$I$19)*100) -> 2.6315789 | E41: =IF(D41="","",($I$20/((100-D41)/100))) -> 11.647667 | F41: =IF(E41="","",(C41*$I$24)/E41) -> 0.25893597 | H41: =IF(F125=0,"",H40+20) -> 100 | I41: =IF(F125="","",F125) -> 43 | J41: =IF(H41="","",((H41*$J$22)/$J$19)*100) -> 2.6315789 | K41: =IF(J41="","",$J$20/((100-J41)/100)) -> 11.647667 | L41: =IF(K41="","",(I41*$J$24)/K41) -> 0.44536987 | N41: =IF(J125=0,"",N40+20) -> 100 | O41: =IF(J125="","",J125) -> 69 | P41: =IF(N41="","",((N41*$K$22)/$K$19)*100) -> 2.6315789 | Q41: =IF(P41="","",$K$20/((100-P41)/100)) -> 11.647667 | R41: =IF(Q41="","",(O41*$J$24)/Q41) -> 0.71466329
B42: =IF(C126=0,"",B41+20) -> 120 | C42: =IF(C126="","",C126) -> 29 | D42: =IF(B42="","",((B42*$I$22)/$I$19)*100) -> 3.1578947 | E42: =IF(D42="","",($I$20/((100-D42)/100))) -> 11.71097 | F42: =IF(E42="","",(C42*$I$24)/E42) -> 0.29874213 | H42: =IF(F126=0,"",H41+20) -> 120 | I42: =IF(F126="","",F126) -> 47 | J42: =IF(H42="","",((H42*$J$22)/$J$19)*100) -> 3.1578947 | K42: =IF(J42="","",$J$20/((100-J42)/100)) -> 11.71097 | L42: =IF(K42="","",(I42*$J$24)/K42) -> 0.48416828 | N42: =IF(J126=0,"",N41+20) -> 120 | O42: =IF(J126="","",J126) -> 75 | P42: =IF(N42="","",((N42*$K$22)/$K$19)*100) -> 3.1578947 | Q42: =IF(P42="","",$K$20/((100-P42)/100)) -> 11.71097 | R42: =IF(Q42="","",(O42*$J$24)/Q42) -> 0.77260896
B43: =IF(C127=0,"",B42+20) -> 140 | C43: =IF(C127="","",C127) -> 31 | D43: =IF(B43="","",((B43*$I$22)/$I$19)*100) -> 3.6842105 | E43: =IF(D43="","",($I$20/((100-D43)/100))) -> 11.774964 | F43: =IF(E43="","",(C43*$I$24)/E43) -> 0.31760947 | H43: =IF(F127=0,"",H42+20) -> 140 | I43: =IF(F127="","",F127) -> 51 | J43: =IF(H43="","",((H43*$J$22)/$J$19)*100) -> 3.6842105 | K43: =IF(J43="","",$J$20/((100-J43)/100)) -> 11.774964 | L43: =IF(K43="","",(I43*$J$24)/K43) -> 0.5225188 | N43: =IF(J127=0,"",N42+20) -> 140 | O43: =IF(J127="","",J127) -> 80 | P43: =IF(N43="","",((N43*$K$22)/$K$19)*100) -> 3.6842105 | Q43: =IF(P43="","",$K$20/((100-P43)/100)) -> 11.774964 | R43: =IF(Q43="","",(O43*$J$24)/Q43) -> 0.81963733
B44: =IF(C128=0,"",B43+20) -> 160 | C44: =IF(C128="","",C128) -> 35 | D44: =IF(B44="","",((B44*$I$22)/$I$19)*100) -> 4.2105263 | E44: =IF(D44="","",($I$20/((100-D44)/100))) -> 11.839662 | F44: =IF(E44="","",(C44*$I$24)/E44) -> 0.35663182 | H44: =IF(F128=0,"",H43+20) -> 160 | I44: =IF(F128="","",F128) -> 54 | J44: =IF(H44="","",((H44*$J$22)/$J$19)*100) -> 4.2105263 | K44: =IF(J44="","",$J$20/((100-J44)/100)) -> 11.839662 | L44: =IF(K44="","",(I44*$J$24)/K44) -> 0.55023195 | N44: =IF(J128=0,"",N43+20) -> 160 | O44: =IF(J128="","",J128) -> 85 | P44: =IF(N44="","",((N44*$K$22)/$K$19)*100) -> 4.2105263 | Q44: =IF(P44="","",$K$20/((100-P44)/100)) -> 11.839662 | R44: =IF(Q44="","",(O44*$J$24)/Q44) -> 0.86610584
B45: =IF(C129=0,"",B44+20) -> 180 | C45: =IF(C129="","",C129) -> 37 | D45: =IF(B45="","",((B45*$I$22)/$I$19)*100) -> 4.7368421 | E45: =IF(D45="","",($I$20/((100-D45)/100))) -> 11.905074 | F45: =IF(E45="","",(C45*$I$24)/E45) -> 0.37493929 | H45: =IF(F129=0,"",H44+20) -> 180 | I45: =IF(F129="","",F129) -> 58 | J45: =IF(H45="","",((H45*$J$22)/$J$19)*100) -> 4.7368421 | K45: =IF(J45="","",$J$20/((100-J45)/100)) -> 11.905074 | L45: =IF(K45="","",(I45*$J$24)/K45) -> 0.58774267 | N45: =IF(J129=0,"",N44+20) -> 180 | O45: =IF(J129="","",J129) -> 89 | P45: =IF(N45="","",((N45*$K$22)/$K$19)*100) -> 4.7368421 | Q45: =IF(P45="","",$K$20/((100-P45)/100)) -> 11.905074 | R45: =IF(Q45="","",(O45*$J$24)/Q45) -> 0.90188099
B46: =IF(C130=0,"",B45+20) -> 200 | C46: =IF(C130="","",C130) -> 39 | D46: =IF(B46="","",((B46*$I$22)/$I$19)*100) -> 5.2631579 | E46: =IF(D46="","",($I$20/((100-D46)/100))) -> 11.971213 | F46: =IF(E46="","",(C46*$I$24)/E46) -> 0.39302282 | H46: =IF(F130=0,"",H45+20) -> 200 | I46: =IF(F130="","",F130) -> 60 | J46: =IF(H46="","",((H46*$J$22)/$J$19)*100) -> 5.2631579 | K46: =IF(J46="","",$J$20/((100-J46)/100)) -> 11.971213 | L46: =IF(K46="","",(I46*$J$24)/K46) -> 0.60465049 | N46: =IF(J130=0,"",N45+20) -> 200 | O46: =IF(J130="","",J130) -> 94 | P46: =IF(N46="","",((N46*$K$22)/$K$19)*100) -> 5.2631579 | Q46: =IF(P46="","",$K$20/((100-P46)/100)) -> 11.971213 | R46: =IF(Q46="","",(O46*$J$24)/Q46) -> 0.94728577
B47: =IF(C131=0,"",B46+20) -> 220 | C47: =IF(C131="","",C131) -> 41 | D47: =IF(B47="","",((B47*$I$22)/$I$19)*100) -> 5.7894737 | E47: =IF(D47="","",($I$20/((100-D47)/100))) -> 12.038092 | F47: =IF(E47="","",(C47*$I$24)/E47) -> 0.4108824 | H47: =IF(F131=0,"",H46+20) -> 220 | I47: =IF(F131="","",F131) -> 62 | J47: =IF(H47="","",((H47*$J$22)/$J$19)*100) -> 5.7894737 | K47: =IF(J47="","",$J$20/((100-J47)/100)) -> 12.038092 | L47: =IF(K47="","",(I47*$J$24)/K47) -> 0.62133436 | N47: =IF(J131=0,"",N46+20) -> 220 | O47: =IF(J131="","",J131) -> 100 | P47: =IF(N47="","",((N47*$K$22)/$K$19)*100) -> 5.7894737 | Q47: =IF(P47="","",$K$20/((100-P47)/100)) -> 12.038092 | R47: =IF(Q47="","",(O47*$J$24)/Q47) -> 1.0021522
B48: =IF(C132=0,"",B47+20) -> 240 | C48: =IF(C132="","",C132) -> 43 | D48: =IF(B48="","",((B48*$I$22)/$I$19)*100) -> 6.3157895 | E48: =IF(D48="","",($I$20/((100-D48)/100))) -> 12.105721 | F48: =IF(E48="","",(C48*$I$24)/E48) -> 0.42851804 | H48: =IF(F132=0,"",H47+20) -> 240 | I48: =IF(F132="","",F132) -> 64 | J48: =IF(H48="","",((H48*$J$22)/$J$19)*100) -> 6.3157895 | K48: =IF(J48="","",$J$20/((100-J48)/100)) -> 12.105721 | L48: =IF(K48="","",(I48*$J$24)/K48) -> 0.63779429 | N48: =IF(J132=0,"",N47+20) -> 240 | O48: =IF(J132="","",J132) -> 102 | P48: =IF(N48="","",((N48*$K$22)/$K$19)*100) -> 6.3157895 | Q48: =IF(P48="","",$K$20/((100-P48)/100)) -> 12.105721 | R48: =IF(Q48="","",(O48*$J$24)/Q48) -> 1.0164847
... B69: =IF(C153=0,"",B68+20) | C69: =IF(C153="","",C153) | D69: =IF(B69="","",((B69*$I$22)/$I$19)*100) | E69: =IF(D69="","",($I$20/((100-D69)/100))) | F69: =IF(E69="","",(C69*$I$24)/E69) | H69: =IF(F153=0,"",H68+20) | I69: =IF(F153="","",F153) | J69: =IF(H69="","",((H69*$J$22)/$J$19)*100) | K69: =IF(J69="","",$J$20/((100-J69)/100)) | L69: =IF(K69="","",(I69*$J$24)/K69) | N69: =IF(J153=0,"",N68+20) | O69: =IF(J153="","",J153) | P69: =IF(N69="","",((N69*$K$22)/$K$19)*100) | Q69: =IF(P69="","",$K$20/((100-P69)/100)) | R69: =IF(Q69="","",(O69*$J$24)/Q69)
B92: Investigasi Geoteknik Area Pit dan Disposal Rajawali PT. Triaryani Batch 2
B94: L O C A T I O N | E94: =Details!B9 -> Morowali Utara
B95: BORE HOLE No | E95: =Details!B1 -> BH-05_UDS-01 | J95: DATE OF TEST
B96: SAMPLE No | E96: =Details!B1 -> BH-05_UDS-01 | J96: TESTED BY | N96: 0
B97: SAMPLE DEPTH | E97: =Details!B13 -> 0,00-0,50 | H97: m | J97: CHECKED BY | N97: =Details!B22 -> AS Sumartadji
B99: S P E C I M E N D A T A
B100: Number Of Specimen | I100: 1 | K100: 2 | N100: 3
B102: Specimen Diameter | G102: cm | I102: 3.8 | K102: =I102 -> 3.8 | N102: =K102 -> 3.8
B103: Specimen Height | G103: cm | I103: 7.6 | K103: =I103 -> 7.6 | N103: =K103 -> 7.6
B104: Specimen Area | G104: cm2 | I104: =PI()*(I102/2)^2 -> 11.341149 | K104: =PI()*(K102/2)^2 -> 11.341149 | N104: =PI()*(N102/2)^2 -> 11.341149
B106: Dial Gauge Subdevision | G106: mm/div | I106: 0.002 | K106: =I106 -> 0.002 | N106: =K106 -> 0.002
B107: Load Rate | G107: kg/min | I107: 0.14 | K107: =I107 -> 0.14 | N107: =K107 -> 0.14
B108: Load Ring Constant | G108: kg/div | I108: 0.12064 | K108: =I108 -> 0.12064 | N108: =K108 -> 0.12064
B110: Lateral Pressure | G110: kg/cm2 | I110: 0.5 | K110: 1 | N110: 2
B111: Maximum Deviator Stress | G111: kg/cm2 | I111: =MAX(F36:F69) -> 0.55823797 | K111: =MAX(L36:L69) -> 0.74797505 | N111: =MAX(R36:R69) -> 1.217475
B112: Maximum Value Of Vertical Stress | G112: kg/cm2 | I112: =I111+I110 -> 1.058238 | K112: =K111+K110 -> 1.747975 | N112: =N111+N110 -> 3.217475
B114: SPECIMEN No. 1 | E114: SPECIMEN No. 2 | I114: SPECIMEN No. 3 | L114: SPECIMEN No | P114: 1 | Q114: 2 | R114: 3
B115: DEFOR- | C115: LOAD DIAL | E115: DEFOR- | F115: LOAD DIAL | I115: DEFOR- | J115: LOAD DIAL | L115: Max. Dev Stress | P115: =I111 -> 0.55823797 | Q115: =K111 -> 0.74797505 | R115: =N111 -> 1.217475
B116: MATION | C116: READING | E116: MATION | F116: READING | I116: MATION | J116: READING | L116: Lateral Pressure | P116: =I110 -> 0.5 | Q116: =K110 -> 1 | R116: =N110 -> 2
B117: ( div ) | E117: ( div ) | I117: ( div ) | L117: Max. Vert. Stress | P117: =I112 -> 1.058238 | Q117: =K112 -> 1.747975 | R117: =N112 -> 3.217475
B119: A | C119: B | E119: G | F119: H | I119: M | J119: N | L119: Jari-jari lingkaran (r) | P119: =P115/2 -> 0.27911898 | Q119: =Q115/2 -> 0.37398752 | R119: =R115/2 -> 0.60873748
B120: 0 | C120: {=_xlfn._xlws.FILTER(T120:T153, T120:T153<>"")} -> 0 | E120: 0 | F120: {=_xlfn._xlws.FILTER(U120:U153, U120:U153<>"")} -> 0 | I120: 0 | J120: {=_xlfn._xlws.FILTER(V120:V153, V120:V153<>"")} -> 0 | L120: Pusat lingkaran (O) | P120: =P119+P116 -> 0.77911898 | Q120: =Q119+Q116 -> 1.3739875 | R120: =R119+R116 -> 2.6087375 | T120: 0 | U120: 0 | V120: 0
B121: =IF(OR(C121="",),"",B120+20) -> 20 | C121: 6 | E121: =IF(OR(F121="",),"",E120+20) -> 20 | F121: 15 | I121: =IF(OR(J121="",),"",I120+20) -> 20 | J121: 33 | L121: Sudut a | P121: =(ATAN((Q119-P119)/(Q120-P120)))*60 -> 9.4887845 | T121: {=_xlfn._xlws.FILTER(Data!V3:V36,Data!V3:V36,"<>")} -> 6 | U121: {=_xlfn._xlws.FILTER(Data!W3:W36,Data!W3:W36,"<>")} -> 15 | V121: {=_xlfn._xlws.FILTER(Data!X3:X36,Data!X3:X36,"<>")} -> 33
B122: =IF(OR(C122="",),"",B121+20) -> 40 | C122: 11 | E122: =IF(OR(F122="",),"",E121+20) -> 40 | F122: 25 | I122: =IF(OR(J122="",),"",I121+20) -> 40 | J122: 45 | Q122: =(ATAN((R119-Q119)/(R120-Q120)))*60 -> 11.272633 | T122: 11 | U122: 25 | V122: 45
B123: =IF(OR(C123="",),"",B122+20) -> 60 | C123: 16 | E123: =IF(OR(F123="",),"",E122+20) -> 60 | F123: 33 | I123: =IF(OR(J123="",),"",I122+20) -> 60 | J123: 55 | L123: R/Cos a = Y | P123: =P119/(COS((P121)/60)) -> 0.28264615 | Q123: =Q119/(COS((P121)/60)) -> 0.37871353 | T123: 16 | U123: 33 | V123: 55
B124: =IF(OR(C124="",),"",B123+20) -> 80 | C124: 21 | E124: =IF(OR(F124="",),"",E123+20) -> 80 | F124: 38 | I124: =IF(OR(J124="",),"",I123+20) -> 80 | J124: 63 | Q124: =Q119/(COS((Q122)/60)) -> 0.38068649 | R124: =R119/(COS((Q122)/60)) -> 0.61964135 | T124: 21 | U124: 38 | V124: 63
B125: =IF(OR(C125="",),"",B124+20) -> 100 | C125: 25 | E125: =IF(OR(F125="",),"",E124+20) -> 100 | F125: 43 | I125: =IF(OR(J125="",),"",I124+20) -> 100 | J125: 69 | T125: 25 | U125: 43 | V125: 69 | Y125: 0,5 KG | AA125: 1 KG | AC125: 2 KG
B126: =IF(OR(C126="",),"",B125+20) -> 120 | C126: 29 | E126: =IF(OR(F126="",),"",E125+20) -> 120 | F126: 47 | I126: =IF(OR(J126="",),"",I125+20) -> 120 | J126: 75 | L126: =P115/2 -> 0.27911898 | N126: =Q115/2 -> 0.37398752 | O126: =R115/2 -> 0.60873748 | P126: Y min & max (Lingkaran) | T126: 29 | U126: 47 | V126: 75
B127: =IF(OR(C127="",),"",B126+20) -> 140 | C127: 31 | E127: =IF(OR(F127="",),"",E126+20) -> 140 | F127: 51 | I127: =IF(OR(J127="",),"",I126+20) -> 140 | J127: 80 | L127: =L126+P116 -> 0.77911898 | N127: =N126+Q116 -> 1.3739875 | O127: =O126+R116 -> 2.6087375 | P127: 1 | Q127: 2 | R127: 3 | T127: 31 | U127: 51 | V127: 80 | X127: degre | Y127: X | Z127: Y | AA127: X | AB127: Y | AC127: X | AD127: Y
B128: =IF(OR(C128="",),"",B127+20) -> 160 | C128: 35 | E128: =IF(OR(F128="",),"",E127+20) -> 160 | F128: 54 | I128: =IF(OR(J128="",),"",I127+20) -> 160 | J128: 85 | L128: =P116 -> 0.5 | N128: =Q116 -> 1 | O128: =R116 -> 2 | P128: 0 | Q128: 0 | R128: 0 | T128: 35 | U128: 54 | V128: 85 | X128: 1 | Y128: =($L$128+$L$148)/2 + (($L$148-$L$128)/2)*COS(RADIANS($X128)) -> 1.0581955 | Z128: =(($L$148-$L$128)/2)*SIN(RADIANS($X128)) -> 0.0048712979 | AA128: =($N$128+$N$148)/2 + (($N$148-$N$128)/2)*COS(RADIANS($X128)) -> 1.7479181 | AB128: =(($N$148-$N$128)/2)*SIN(RADIANS($X128)) -> 0.0065269823 | AC128: =($O$128+$O$148)/2 + (($O$148-$O$128)/2)*COS(RADIANS($X128)) -> 3.2173822 | AD128: =(($O$148-$O$128)/2)*SIN(RADIANS($X128)) -> 0.010623934
B129: =IF(OR(C129="",),"",B128+20) -> 180 | C129: 37 | E129: =IF(OR(F129="",),"",E128+20) -> 180 | F129: 58 | I129: =IF(OR(J129="",),"",I128+20) -> 180 | J129: 89 | L129: =0.05*(P115)+L128 -> 0.5279119 | N129: =0.05*(Q115)+N128 -> 1.0373988 | O129: =0.05*(R115)+O128 -> 2.0608737 | P129: =((P119)^2-(L129)^2+2*(L127)*(L129)-(L127)^2)^0.5 -> 0.12166514 | Q129: =((Q119)^2-(N129)^2+2*(N127)*(N129)-(N127)^2)^0.5 -> 0.16301738 | R129: =((R119)^2-(O129)^2+2*(O127)*(O129)-(O127)^2)^0.5 -> 0.26534252 | T129: 37 | U129: 58 | V129: 89 | X129: 2 | Y129: =($L$128+$L$148)/2 + (($L$148-$L$128)/2)*COS(RADIANS($X129)) -> 1.0580679 | Z129: =(($L$148-$L$128)/2)*SIN(RADIANS($X129)) -> 0.009741112 | AA129: =($N$128+$N$148)/2 + (($N$148-$N$128)/2)*COS(RADIANS($X129)) -> 1.7477472 | AB129: =(($N$148-$N$128)/2)*SIN(RADIANS($X129)) -> 0.013051976 | AC129: =($O$128+$O$148)/2 + (($O$148-$O$128)/2)*COS(RADIANS($X129)) -> 3.2171041 | AD129: =(($O$148-$O$128)/2)*SIN(RADIANS($X129)) -> 0.021244632
B130: =IF(OR(C130="",),"",B129+20) -> 200 | C130: 39 | E130: =IF(OR(F130="",),"",E129+20) -> 200 | F130: 60 | I130: =IF(OR(J130="",),"",I129+20) -> 200 | J130: 94 | L130: =0.05*(P115)+L129 -> 0.5558238 | N130: =0.05*(Q115)+N129 -> 1.0747975 | O130: =0.05*(R115)+O129 -> 2.1217475 | P130: =((P119)^2-(L130)^2+2*(L127)*(L130)-(L127)^2)^0.5 -> 0.16747139 | Q130: =((Q119)^2-(N130)^2+2*(N127)*(N130)-(N127)^2)^0.5 -> 0.22439251 | R130: =((R119)^2-(O130)^2+2*(O127)*(O130)-(O127)^2)^0.5 -> 0.36524249 | T130: 39 | U130: 60 | V130: 94 | X130: 3 | Y130: =($L$128+$L$148)/2 + (($L$148-$L$128)/2)*COS(RADIANS($X130)) -> 1.0578554 | Z130: =(($L$148-$L$128)/2)*SIN(RADIANS($X130)) -> 0.014607959 | AA130: =($N$128+$N$148)/2 + (($N$148-$N$128)/2)*COS(RADIANS($X130)) -> 1.7474625 | AB130: =(($N$148-$N$128)/2)*SIN(RADIANS($X130)) -> 0.019572995 | AC130: =($O$128+$O$148)/2 + (($O$148-$O$128)/2)*COS(RADIANS($X130)) -> 3.2166407 | AD130: =(($O$148-$O$128)/2)*SIN(RADIANS($X130)) -> 0.031858858
B131: =IF(OR(C131="",),"",B130+20) -> 220 | C131: 41 | E131: =IF(OR(F131="",),"",E130+20) -> 220 | F131: 62 | I131: =IF(OR(J131="",),"",I130+20) -> 220 | J131: 100 | L131: =0.05*(P115)+L130 -> 0.58373569 | N131: =0.05*(Q115)+N130 -> 1.1121963 | O131: =0.05*(R115)+O130 -> 2.1826212 | P131: =((P119)^2-(L131)^2+2*(L127)*(L131)-(L127)^2)^0.5 -> 0.19933082 | Q131: =((Q119)^2-(N131)^2+2*(N127)*(N131)-(N127)^2)^0.5 -> 0.26708051 | R131: =((R119)^2-(O131)^2+2*(O127)*(O131)-(O127)^2)^0.5 -> 0.43472551 | T131: 41 | U131: 62 | V131: 100 | X131: 4 | Y131: =($L$128+$L$148)/2 + (($L$148-$L$128)/2)*COS(RADIANS($X131)) -> 1.057558 | Z131: =(($L$148-$L$128)/2)*SIN(RADIANS($X131)) -> 0.019470356 | AA131: =($N$128+$N$148)/2 + (($N$148-$N$128)/2)*COS(RADIANS($X131)) -> 1.747064 | AB131: =(($N$148-$N$128)/2)*SIN(RADIANS($X131)) -> 0.026088051 | AC131: =($O$128+$O$148)/2 + (($O$148-$O$128)/2)*COS(RADIANS($X131)) -> 3.2159921 | AD131: =(($O$148-$O$128)/2)*SIN(RADIANS($X131)) -> 0.04246338
B132: =IF(OR(C132="",),"",B131+20) -> 240 | C132: 43 | E132: =IF(OR(F132="",),"",E131+20) -> 240 | F132: 64 | I132: =IF(OR(J132="",),"",I131+20) -> 240 | J132: 102 | L132: =0.05*(P115)+L131 -> 0.61164759 | N132: =0.05*(Q115)+N131 -> 1.149595 | O132: =0.05*(R115)+O131 -> 2.243495 | P132: =((P119)^2-(L132)^2+2*(L127)*(L132)-(L127)^2)^0.5 -> 0.22329519 | Q132: =((Q119)^2-(N132)^2+2*(N127)*(N132)-(N127)^2)^0.5 -> 0.29919002 | R132: =((R119)^2-(O132)^2+2*(O127)*(O132)-(O127)^2)^0.5 -> 0.48698998 | T132: 43 | U132: 64 | V132: 102 | X132: 5 | Y132: =($L$128+$L$148)/2 + (($L$148-$L$128)/2)*COS(RADIANS($X132)) -> 1.0571758 | Z132: =(($L$148-$L$128)/2)*SIN(RADIANS($X132)) -> 0.024326822 | AA132: =($N$128+$N$148)/2 + (($N$148-$N$128)/2)*COS(RADIANS($X132)) -> 1.7465519 | AB132: =(($N$148-$N$128)/2)*SIN(RADIANS($X132)) -> 0.03259516 | AC132: =($O$128+$O$148)/2 + (($O$148-$O$128)/2)*COS(RADIANS($X132)) -> 3.2151585 | AD132: =(($O$148-$O$128)/2)*SIN(RADIANS($X132)) -> 0.053054967
B133: =IF(OR(C133="",),"",B132+20) -> 260 | C133: 45 | E133: =IF(OR(F133="",),"",E132+20) -> 260 | F133: 66 | I133: =IF(OR(J133="",),"",I132+20) -> 260 | J133: 105 | L133: =0.05*(P115)+L132 -> 0.63955949 | N133: =0.05*(Q115)+N132 -> 1.1869938 | O133: =0.05*(R115)+O132 -> 2.3043687 | P133: =((P119)^2-(L133)^2+2*(L127)*(L133)-(L127)^2)^0.5 -> 0.24172413 | Q133: =((Q119)^2-(N133)^2+2*(N127)*(N133)-(N127)^2)^0.5 -> 0.3238827 | R133: =((R119)^2-(O133)^2+2*(O127)*(O133)-(O127)^2)^0.5 -> 0.52718212 | T133: 45 | U133: 66 | V133: 105 | X133: 6 | Y133: =($L$128+$L$148)/2 + (($L$148-$L$128)/2)*COS(RADIANS($X133)) -> 1.0567089 | Z133: =(($L$148-$L$128)/2)*SIN(RADIANS($X133)) -> 0.029175878 | AA133: =($N$128+$N$148)/2 + (($N$148-$N$128)/2)*COS(RADIANS($X133)) -> 1.7459263 | AB133: =(($N$148-$N$128)/2)*SIN(RADIANS($X133)) -> 0.039092341 | AC133: =($O$128+$O$148)/2 + (($O$148-$O$128)/2)*COS(RADIANS($X133)) -> 3.2141402 | AD133: =(($O$148-$O$128)/2)*SIN(RADIANS($X133)) -> 0.063630393
B134: =IF(OR(C134="",),"",B133+20) -> 280 | C134: 47 | E134: =IF(OR(F134="",),"",E133+20) -> 280 | F134: 68 | I134: =IF(OR(J134="",),"",I133+20) -> 280 | J134: 110 | L134: =0.05*(P115)+L133 -> 0.66747139 | N134: =0.05*(Q115)+N133 -> 1.2243925 | O134: =0.05*(R115)+O133 -> 2.3652425 | P134: =((P119)^2-(L134)^2+2*(L127)*(L134)-(L127)^2)^0.5 -> 0.25581677 | Q134: =((Q119)^2-(N134)^2+2*(N127)*(N134)-(N127)^2)^0.5 -> 0.34276523 | R134: =((R119)^2-(O134)^2+2*(O127)*(O134)-(O127)^2)^0.5 -> 0.55791711 | T134: 47 | U134: 68 | V134: 110 | X134: 7 | Y134: =($L$128+$L$148)/2 + (($L$148-$L$128)/2)*COS(RADIANS($X134)) -> 1.0561575 | Z134: =(($L$148-$L$128)/2)*SIN(RADIANS($X134)) -> 0.034016047 | AA134: =($N$128+$N$148)/2 + (($N$148-$N$128)/2)*COS(RADIANS($X134)) -> 1.7451874 | AB134: =(($N$148-$N$128)/2)*SIN(RADIANS($X134)) -> 0.045577614 | AC134: =($O$128+$O$148)/2 + (($O$148-$O$128)/2)*COS(RADIANS($X134)) -> 3.2129375 | AD134: =(($O$148-$O$128)/2)*SIN(RADIANS($X134)) -> 0.074186437
B135: =IF(OR(C135="",),"",B134+20) -> 300 | C135: 49 | E135: =IF(OR(F135="",),"",E134+20) -> 300 | F135: 70 | I135: =IF(OR(J135="",),"",I134+20) -> 300 | J135: 113 | L135: =0.05*(P115)+L134 -> 0.69538329 | N135: =0.05*(Q115)+N134 -> 1.2617913 | O135: =0.05*(R115)+O134 -> 2.4261162 | P135: =((P119)^2-(L135)^2+2*(L127)*(L135)-(L127)^2)^0.5 -> 0.26626254 | Q135: =((Q119)^2-(N135)^2+2*(N127)*(N135)-(N127)^2)^0.5 -> 0.35676136 | R135: =((R119)^2-(O135)^2+2*(O127)*(O135)-(O127)^2)^0.5 -> 0.58069854 | T135: 49 | U135: 70 | V135: 113 | X135: 8 | Y135: =($L$128+$L$148)/2 + (($L$148-$L$128)/2)*COS(RADIANS($X135)) -> 1.0555216 | Z135: =(($L$148-$L$128)/2)*SIN(RADIANS($X135)) -> 0.038845854 | AA135: =($N$128+$N$148)/2 + (($N$148-$N$128)/2)*COS(RADIANS($X135)) -> 1.7443354 | AB135: =(($N$148-$N$128)/2)*SIN(RADIANS($X135)) -> 0.052049004 | AC135: =($O$128+$O$148)/2 + (($O$148-$O$128)/2)*COS(RADIANS($X135)) -> 3.2115508 | AD135: =(($O$148-$O$128)/2)*SIN(RADIANS($X135)) -> 0.084719883
B136: =IF(OR(C136="",),"",B135+20) -> 320 | C136: 51 | E136: =IF(OR(F136="",),"",E135+20) -> 320 | F136: 72 | I136: =IF(OR(J136="",),"",I135+20) -> 320 | J136: 115 | L136: =0.05*(P115)+L135 -> 0.72329519 | N136: =0.05*(Q115)+N135 -> 1.29919 | O136: =0.05*(R115)+O135 -> 2.48699 | P136: =((P119)^2-(L136)^2+2*(L127)*(L136)-(L127)^2)^0.5 -> 0.27347963 | Q136: =((Q119)^2-(N136)^2+2*(N127)*(N136)-(N127)^2)^0.5 -> 0.36643144 | R136: =((R119)^2-(O136)^2+2*(O127)*(O136)-(O127)^2)^0.5 -> 0.59643848 | T136: 51 | U136: 72 | V136: 115 | X136: 9 | Y136: =($L$128+$L$148)/2 + (($L$148-$L$128)/2)*COS(RADIANS($X136)) -> 1.0548015 | Z136: =(($L$148-$L$128)/2)*SIN(RADIANS($X136)) -> 0.043663829 | AA136: =($N$128+$N$148)/2 + (($N$148-$N$128)/2)*COS(RADIANS($X136)) -> 1.7433706 | AB136: =(($N$148-$N$128)/2)*SIN(RADIANS($X136)) -> 0.058504538 | AC136: =($O$128+$O$148)/2 + (($O$148-$O$128)/2)*COS(RADIANS($X136)) -> 3.2099804 | AD136: =(($O$148-$O$128)/2)*SIN(RADIANS($X136)) -> 0.095227522
B137: =IF(OR(C137="",),"",B136+20) -> 340 | C137: 53 | E137: =IF(OR(F137="",),"",E136+20) -> 340 | F137: 74 | I137: =IF(OR(J137="",),"",I136+20) -> 340 | J137: 118 | L137: =0.05*(P115)+L136 -> 0.75120708 | N137: =0.05*(Q115)+N136 -> 1.3365888 | O137: =0.05*(R115)+O136 -> 2.5478637 | P137: =((P119)^2-(L137)^2+2*(L127)*(L137)-(L127)^2)^0.5 -> 0.27771988 | Q137: =((Q119)^2-(N137)^2+2*(N127)*(N137)-(N127)^2)^0.5 -> 0.37211289 | R137: =((R119)^2-(O137)^2+2*(O127)*(O137)-(O127)^2)^0.5 -> 0.60568614 | T137: 53 | U137: 74 | V137: 118 | X137: 10 | Y137: =($L$128+$L$148)/2 + (($L$148-$L$128)/2)*COS(RADIANS($X137)) -> 1.0539975 | Z137: =(($L$148-$L$128)/2)*SIN(RADIANS($X137)) -> 0.048468503 | AA137: =($N$128+$N$148)/2 + (($N$148-$N$128)/2)*COS(RADIANS($X137)) -> 1.7422933 | AB137: =(($N$148-$N$128)/2)*SIN(RADIANS($X137)) -> 0.064942252 | AC137: =($O$128+$O$148)/2 + (($O$148-$O$128)/2)*COS(RADIANS($X137)) -> 3.2082269 | AD137: =(($O$148-$O$128)/2)*SIN(RADIANS($X137)) -> 0.10570615
B138: =IF(OR(C138="",),"",B137+20) -> 360 | C138: 55 | E138: =IF(OR(F138="",),"",E137+20) -> 360 | F138: 76 | I138: =IF(OR(J138="",),"",I137+20) -> 360 | J138: 120 | L138: =0.05*(P115)+L137 -> 0.77911898 | N138: =0.05*(Q115)+N137 -> 1.3739875 | O138: =0.05*(R115)+O137 -> 2.6087375 | P138: =((P119)^2-(L138)^2+2*(L127)*(L138)-(L127)^2)^0.5 -> 0.27911898 | Q138: =((Q119)^2-(N138)^2+2*(N127)*(N138)-(N127)^2)^0.5 -> 0.37398752 | R138: =((R119)^2-(O138)^2+2*(O127)*(O138)-(O127)^2)^0.5 -> 0.60873748 | T138: 55 | U138: 76 | V138: 120 | X138: 11 | Y138: =($L$128+$L$148)/2 + (($L$148-$L$128)/2)*COS(RADIANS($X138)) -> 1.0531098 | Z138: =(($L$148-$L$128)/2)*SIN(RADIANS($X138)) -> 0.053258413 | AA138: =($N$128+$N$148)/2 + (($N$148-$N$128)/2)*COS(RADIANS($X138)) -> 1.7411038 | AB138: =(($N$148-$N$128)/2)*SIN(RADIANS($X138)) -> 0.071360184 | AC138: =($O$128+$O$148)/2 + (($O$148-$O$128)/2)*COS(RADIANS($X138)) -> 3.2062907 | AD138: =(($O$148-$O$128)/2)*SIN(RADIANS($X138)) -> 0.11615259
B139: =IF(OR(C139="",),"",B138+20) -> 380 | C139: 56 | E139: =IF(OR(F139="",),"",E138+20) -> 380 | F139: 77 | I139: =IF(OR(J139="",),"",I138+20) -> 380 | J139: 122 | L139: =0.05*(P115)+L138 -> 0.80703088 | N139: =0.05*(Q115)+N138 -> 1.4113863 | O139: =0.05*(R115)+O138 -> 2.6696112 | P139: =((P119)^2-(L139)^2+2*(L127)*(L139)-(L127)^2)^0.5 -> 0.27771988 | Q139: =((Q119)^2-(N139)^2+2*(N127)*(N139)-(N127)^2)^0.5 -> 0.37211289 | R139: =((R119)^2-(O139)^2+2*(O127)*(O139)-(O127)^2)^0.5 -> 0.60568614 | T139: 56 | U139: 77 | V139: 122 | X139: 12 | Y139: =($L$128+$L$148)/2 + (($L$148-$L$128)/2)*COS(RADIANS($X139)) -> 1.0521385 | Z139: =(($L$148-$L$128)/2)*SIN(RADIANS($X139)) -> 0.0580321 | AA139: =($N$128+$N$148)/2 + (($N$148-$N$128)/2)*COS(RADIANS($X139)) -> 1.7398025 | AB139: =(($N$148-$N$128)/2)*SIN(RADIANS($X139)) -> 0.077756379 | AC139: =($O$128+$O$148)/2 + (($O$148-$O$128)/2)*COS(RADIANS($X139)) -> 3.2041726 | AD139: =(($O$148-$O$128)/2)*SIN(RADIANS($X139)) -> 0.12656364
B140: =IF(OR(C140="",),"",B139+20) -> 400 | C140: 58 | E140: =IF(OR(F140="",),"",E139+20) -> 400 | F140: 78 | I140: =IF(OR(J140="",),"",I139+20) -> 400 | J140: 124 | L140: =0.05*(P115)+L139 -> 0.83494278 | N140: =0.05*(Q115)+N139 -> 1.448785 | O140: =0.05*(R115)+O139 -> 2.730485 | P140: =((P119)^2-(L140)^2+2*(L127)*(L140)-(L127)^2)^0.5 -> 0.27347963 | Q140: =((Q119)^2-(N140)^2+2*(N127)*(N140)-(N127)^2)^0.5 -> 0.36643144 | R140: =((R119)^2-(O140)^2+2*(O127)*(O140)-(O127)^2)^0.5 -> 0.59643848 | T140: 58 | U140: 78 | V140: 124 | X140: 13 | Y140: =($L$128+$L$148)/2 + (($L$148-$L$128)/2)*COS(RADIANS($X140)) -> 1.0510842 | Z140: =(($L$148-$L$128)/2)*SIN(RADIANS($X140)) -> 0.062788109 | AA140: =($N$128+$N$148)/2 + (($N$148-$N$128)/2)*COS(RADIANS($X140)) -> 1.7383898 | AB140: =(($N$148-$N$128)/2)*SIN(RADIANS($X140)) -> 0.084128888 | AC140: =($O$128+$O$148)/2 + (($O$148-$O$128)/2)*COS(RADIANS($X140)) -> 3.2018731 | AD140: =(($O$148-$O$128)/2)*SIN(RADIANS($X140)) -> 0.13693614
B141: =IF(OR(C141="",),"",B140+20) -> 420 | C141: 59 | E141: =IF(OR(F141="",),"",E140+20) -> 420 | F141: 79 | I141: =IF(OR(J141="",),"",I140+20) -> 420 | J141: 126 | L141: =0.05*(P115)+L140 -> 0.86285468 | N141: =0.05*(Q115)+N140 -> 1.4861838 | O141: =0.05*(R115)+O140 -> 2.7913587 | P141: =((P119)^2-(L141)^2+2*(L127)*(L141)-(L127)^2)^0.5 -> 0.26626254 | Q141: =((Q119)^2-(N141)^2+2*(N127)*(N141)-(N127)^2)^0.5 -> 0.35676136 | R141: =((R119)^2-(O141)^2+2*(O127)*(O141)-(O127)^2)^0.5 -> 0.58069854 | T141: 59 | U141: 79 | V141: 126 | X141: 14 | Y141: =($L$128+$L$148)/2 + (($L$148-$L$128)/2)*COS(RADIANS($X141)) -> 1.0499469 | Z141: =(($L$148-$L$128)/2)*SIN(RADIANS($X141)) -> 0.067524993 | AA141: =($N$128+$N$148)/2 + (($N$148-$N$128)/2)*COS(RADIANS($X141)) -> 1.736866 | AB141: =(($N$148-$N$128)/2)*SIN(RADIANS($X141)) -> 0.090475771 | AC141: =($O$128+$O$148)/2 + (($O$148-$O$128)/2)*COS(RADIANS($X141)) -> 3.1993929 | AD141: =(($O$148-$O$128)/2)*SIN(RADIANS($X141)) -> 0.14726692
B142: =IF(OR(C142="",),"",B141+20) -> 440 | C142: 59 | E142: =IF(OR(F142="",),"",E141+20) -> 440 | F142: 79.5 | I142: =IF(OR(J142="",),"",I141+20) -> 440 | J142: 128 | L142: =0.05*(P115)+L141 -> 0.89076658 | N142: =0.05*(Q115)+N141 -> 1.5235825 | O142: =0.05*(R115)+O141 -> 2.8522325 | P142: =((P119)^2-(L142)^2+2*(L127)*(L142)-(L127)^2)^0.5 -> 0.25581677 | Q142: =((Q119)^2-(N142)^2+2*(N127)*(N142)-(N127)^2)^0.5 -> 0.34276523 | R142: =((R119)^2-(O142)^2+2*(O127)*(O142)-(O127)^2)^0.5 -> 0.55791711 | T142: 59 | U142: 79.5 | V142: 128 | X142: 15 | Y142: =($L$128+$L$148)/2 + (($L$148-$L$128)/2)*COS(RADIANS($X142)) -> 1.0487272 | Z142: =(($L$148-$L$128)/2)*SIN(RADIANS($X142)) -> 0.072241309 | AA142: =($N$128+$N$148)/2 + (($N$148-$N$128)/2)*COS(RADIANS($X142)) -> 1.7352317 | AB142: =(($N$148-$N$128)/2)*SIN(RADIANS($X142)) -> 0.096795094 | AC142: =($O$128+$O$148)/2 + (($O$148-$O$128)/2)*COS(RADIANS($X142)) -> 3.1967327 | AD142: =(($O$148-$O$128)/2)*SIN(RADIANS($X142)) -> 0.15755285
B143: =IF(OR(C143="",),"",B142+20) -> 460 | C143: 59 | E143: =IF(OR(F143="",),"",E142+20) -> 460 | F143: 80 | I143: =IF(OR(J143="",),"",I142+20) -> 460 | J143: 130 | L143: =0.05*(P115)+L142 -> 0.91867847 | N143: =0.05*(Q115)+N142 -> 1.5609813 | O143: =0.05*(R115)+O142 -> 2.9131062 | P143: =((P119)^2-(L143)^2+2*(L127)*(L143)-(L127)^2)^0.5 -> 0.24172413 | Q143: =((Q119)^2-(N143)^2+2*(N127)*(N143)-(N127)^2)^0.5 -> 0.3238827 | R143: =((R119)^2-(O143)^2+2*(O127)*(O143)-(O127)^2)^0.5 -> 0.52718212 | T143: 59 | U143: 80 | V143: 130 | X143: 16 | Y143: =($L$128+$L$148)/2 + (($L$148-$L$128)/2)*COS(RADIANS($X143)) -> 1.0474254 | Z143: =(($L$148-$L$128)/2)*SIN(RADIANS($X143)) -> 0.076935618 | AA143: =($N$128+$N$148)/2 + (($N$148-$N$128)/2)*COS(RADIANS($X143)) -> 1.7334874 | AB143: =(($N$148-$N$128)/2)*SIN(RADIANS($X143)) -> 0.10308493 | AC143: =($O$128+$O$148)/2 + (($O$148-$O$128)/2)*COS(RADIANS($X143)) -> 3.1938935 | AD143: =(($O$148-$O$128)/2)*SIN(RADIANS($X143)) -> 0.16779079
B144: =IF(OR(C144="",),"",B143+20) -> 480 | C144: 59 | E144: =IF(OR(F144="",),"",E143+20) -> 480 | F144: 80 | I144: =IF(OR(J144="",),"",I143+20) -> 480 | J144: 131 | L144: =0.05*(P115)+L143 -> 0.94659037 | N144: =0.05*(Q115)+N143 -> 1.59838 | O144: =0.05*(R115)+O143 -> 2.97398 | P144: =((P119)^2-(L144)^2+2*(L127)*(L144)-(L127)^2)^0.5 -> 0.22329519 | Q144: =((Q119)^2-(N144)^2+2*(N127)*(N144)-(N127)^2)^0.5 -> 0.29919002 | R144: =((R119)^2-(O144)^2+2*(O127)*(O144)-(O127)^2)^0.5 -> 0.48698998 | T144: 59 | U144: 80 | V144: 131 | X144: 17 | Y144: =($L$128+$L$148)/2 + (($L$148-$L$128)/2)*COS(RADIANS($X144)) -> 1.0460418 | Z144: =(($L$148-$L$128)/2)*SIN(RADIANS($X144)) -> 0.081606493 | AA144: =($N$128+$N$148)/2 + (($N$148-$N$128)/2)*COS(RADIANS($X144)) -> 1.7316336 | AB144: =(($N$148-$N$128)/2)*SIN(RADIANS($X144)) -> 0.10934337 | AC144: =($O$128+$O$148)/2 + (($O$148-$O$128)/2)*COS(RADIANS($X144)) -> 3.190876 | AD144: =(($O$148-$O$128)/2)*SIN(RADIANS($X144)) -> 0.17797761
B145: =IF(OR(C145="",),"",B144+20) -> 500 | C145: 59 | E145: =IF(OR(F145="",),"",E144+20) -> 500 | F145: 80 | I145: =IF(OR(J145="",),"",I144+20) -> 500 | J145: 131.5 | L145: =0.05*(P115)+L144 -> 0.97450227 | N145: =0.05*(Q115)+N144 -> 1.6357788 | O145: =0.05*(R115)+O144 -> 3.0348537 | P145: =((P119)^2-(L145)^2+2*(L127)*(L145)-(L127)^2)^0.5 -> 0.19933082 | Q145: =((Q119)^2-(N145)^2+2*(N127)*(N145)-(N127)^2)^0.5 -> 0.26708051 | R145: =((R119)^2-(O145)^2+2*(O127)*(O145)-(O127)^2)^0.5 -> 0.43472551 | T145: 59 | U145: 80 | V145: 131.5 | X145: 18 | Y145: =($L$128+$L$148)/2 + (($L$148-$L$128)/2)*COS(RADIANS($X145)) -> 1.0445769 | Z145: =(($L$148-$L$128)/2)*SIN(RADIANS($X145)) -> 0.086252509 | AA145: =($N$128+$N$148)/2 + (($N$148-$N$128)/2)*COS(RADIANS($X145)) -> 1.7296708 | AB145: =(($N$148-$N$128)/2)*SIN(RADIANS($X145)) -> 0.1155685 | AC145: =($O$128+$O$148)/2 + (($O$148-$O$128)/2)*COS(RADIANS($X145)) -> 3.1876812 | AD145: =(($O$148-$O$128)/2)*SIN(RADIANS($X145)) -> 0.18811023
B146: =IF(OR(C146="",),"",B145+20) -> 520 | C146: 59 | E146: =IF(OR(F146="",),"",E145+20) -> 520 | F146: 80 | I146: =IF(OR(J146="",),"",I145+20) -> 520 | J146: 132 | L146: =0.05*(P115)+L145 -> 1.0024142 | N146: =0.05*(Q115)+N145 -> 1.6731775 | O146: =0.05*(R115)+O145 -> 3.0957275 | P146: =((P119)^2-(L146)^2+2*(L127)*(L146)-(L127)^2)^0.5 -> 0.16747139 | Q146: =((Q119)^2-(N146)^2+2*(N127)*(N146)-(N127)^2)^0.5 -> 0.22439251 | R146: =((R119)^2-(O146)^2+2*(O127)*(O146)-(O127)^2)^0.5 -> 0.36524249 | T146: 59 | U146: 80 | V146: 132 | X146: 19 | Y146: =($L$128+$L$148)/2 + (($L$148-$L$128)/2)*COS(RADIANS($X146)) -> 1.0430312 | Z146: =(($L$148-$L$128)/2)*SIN(RADIANS($X146)) -> 0.090872252 | AA146: =($N$128+$N$148)/2 + (($N$148-$N$128)/2)*COS(RADIANS($X146)) -> 1.7275997 | AB146: =(($N$148-$N$128)/2)*SIN(RADIANS($X146)) -> 0.12175843 | AC146: =($O$128+$O$148)/2 + (($O$148-$O$128)/2)*COS(RADIANS($X146)) -> 3.1843101 | AD146: =(($O$148-$O$128)/2)*SIN(RADIANS($X146)) -> 0.19818554
B147: =IF(OR(C147="",),"",B146+20) | E147: =IF(OR(F147="",),"",E146+20) -> 540 | F147: 80 | I147: =IF(OR(J147="",),"",I146+20) -> 540 | J147: 132 | L147: =0.05*(P115)+L146 -> 1.0303261 | N147: =0.05*(Q115)+N146 -> 1.7105763 | O147: =0.05*(R115)+O146 -> 3.1566012 | P147: =((P119)^2-(L147)^2+2*(L127)*(L147)-(L127)^2)^0.5 -> 0.12166514 | Q147: =((Q119)^2-(N147)^2+2*(N127)*(N147)-(N127)^2)^0.5 -> 0.16301738 | R147: =((R119)^2-(O147)^2+2*(O127)*(O147)-(O127)^2)^0.5 -> 0.26534252 | U147: 80 | V147: 132 | X147: 20 | Y147: =($L$128+$L$148)/2 + (($L$148-$L$128)/2)*COS(RADIANS($X147)) -> 1.041405 | Z147: =(($L$148-$L$128)/2)*SIN(RADIANS($X147)) -> 0.095464314 | AA147: =($N$128+$N$148)/2 + (($N$148-$N$128)/2)*COS(RADIANS($X147)) -> 1.7254208 | AB147: =(($N$148-$N$128)/2)*SIN(RADIANS($X147)) -> 0.12791127 | AC147: =($O$128+$O$148)/2 + (($O$148-$O$128)/2)*COS(RADIANS($X147)) -> 3.1807636 | AD147: =(($O$148-$O$128)/2)*SIN(RADIANS($X147)) -> 0.20820048
B148: =IF(OR(C148="",),"",B147+20) | E148: =IF(OR(F148="",),"",E147+20) -> 560 | F148: 80 | I148: =IF(OR(J148="",),"",I147+20) -> 560 | J148: 132 | L148: =0.05*(P115)+L147 -> 1.058238 | N148: =0.05*(Q115)+N147 -> 1.747975 | O148: =0.05*(R115)+O147 -> 3.217475 | P148: 0 | Q148: 0 | R148: 0 | U148: 80 | V148: 132 | X148: 21 | Y148: =($L$128+$L$148)/2 + (($L$148-$L$128)/2)*COS(RADIANS($X148)) -> 1.039699 | Z148: =(($L$148-$L$128)/2)*SIN(RADIANS($X148)) -> 0.1000273 | AA148: =($N$128+$N$148)/2 + (($N$148-$N$128)/2)*COS(RADIANS($X148)) -> 1.723135 | AB148: =(($N$148-$N$128)/2)*SIN(RADIANS($X148)) -> 0.13402514 | AC148: =($O$128+$O$148)/2 + (($O$148-$O$128)/2)*COS(RADIANS($X148)) -> 3.1770429 | AD148: =(($O$148-$O$128)/2)*SIN(RADIANS($X148)) -> 0.218152
B149: =IF(OR(C149="",),"",B148+20) | E149: =IF(OR(F149="",),"",E148+20) | I149: =IF(OR(J149="",),"",I148+20) -> 580 | J149: 132 | V149: 132 | X149: 22 | Y149: =($L$128+$L$148)/2 + (($L$148-$L$128)/2)*COS(RADIANS($X149)) -> 1.0379136 | Z149: =(($L$148-$L$128)/2)*SIN(RADIANS($X149)) -> 0.10455981 | AA149: =($N$128+$N$148)/2 + (($N$148-$N$128)/2)*COS(RADIANS($X149)) -> 1.7207427 | AB149: =(($N$148-$N$128)/2)*SIN(RADIANS($X149)) -> 0.14009819 | AC149: =($O$128+$O$148)/2 + (($O$148-$O$128)/2)*COS(RADIANS($X149)) -> 3.173149 | AD149: =(($O$148-$O$128)/2)*SIN(RADIANS($X149)) -> 0.22803707
B150: =IF(OR(C150="",),"",B149+20) | E150: =IF(OR(F150="",),"",E149+20) | I150: =IF(OR(J150="",),"",I149+20) -> 600 | J150: 132 | V150: 132 | X150: 23 | Y150: =($L$128+$L$148)/2 + (($L$148-$L$128)/2)*COS(RADIANS($X150)) -> 1.0360494 | Z150: =(($L$148-$L$128)/2)*SIN(RADIANS($X150)) -> 0.10906048 | AA150: =($N$128+$N$148)/2 + (($N$148-$N$128)/2)*COS(RADIANS($X150)) -> 1.7182449 | AB150: =(($N$148-$N$128)/2)*SIN(RADIANS($X150)) -> 0.14612857 | AC150: =($O$128+$O$148)/2 + (($O$148-$O$128)/2)*COS(RADIANS($X150)) -> 3.1690833 | AD150: =(($O$148-$O$128)/2)*SIN(RADIANS($X150)) -> 0.23785268
B151: =IF(OR(C151="",),"",B150+20) | E151: =IF(OR(F151="",),"",E150+20) | I151: =IF(OR(J151="",),"",I150+20) | X151: 24 | Y151: =($L$128+$L$148)/2 + (($L$148-$L$128)/2)*COS(RADIANS($X151)) -> 1.0341069 | Z151: =(($L$148-$L$128)/2)*SIN(RADIANS($X151)) -> 0.11352792 | AA151: =($N$128+$N$148)/2 + (($N$148-$N$128)/2)*COS(RADIANS($X151)) -> 1.7156421 | AB151: =(($N$148-$N$128)/2)*SIN(RADIANS($X151)) -> 0.15211443 | AC151: =($O$128+$O$148)/2 + (($O$148-$O$128)/2)*COS(RADIANS($X151)) -> 3.1648468 | AD151: =(($O$148-$O$128)/2)*SIN(RADIANS($X151)) -> 0.24759584
B152: =IF(OR(C152="",),"",B151+20) | E152: =IF(OR(F152="",),"",E151+20) | I152: =IF(OR(J152="",),"",I151+20) | X152: 25 | Y152: =($L$128+$L$148)/2 + (($L$148-$L$128)/2)*COS(RADIANS($X152)) -> 1.0320867 | Z152: =(($L$148-$L$128)/2)*SIN(RADIANS($X152)) -> 0.11796078 | AA152: =($N$128+$N$148)/2 + (($N$148-$N$128)/2)*COS(RADIANS($X152)) -> 1.7129353 | AB152: =(($N$148-$N$128)/2)*SIN(RADIANS($X152)) -> 0.15805396 | AC152: =($O$128+$O$148)/2 + (($O$148-$O$128)/2)*COS(RADIANS($X152)) -> 3.160441 | AD152: =(($O$148-$O$128)/2)*SIN(RADIANS($X152)) -> 0.25726357
B153: =IF(OR(C153="",),"",B152+20) | E153: =IF(OR(F153="",),"",E152+20) | I153: =IF(OR(J153="",),"",I152+20) | X153: 26 | Y153: =($L$128+$L$148)/2 + (($L$148-$L$128)/2)*COS(RADIANS($X153)) -> 1.0299895 | Z153: =(($L$148-$L$128)/2)*SIN(RADIANS($X153)) -> 0.12235771 | AA153: =($N$128+$N$148)/2 + (($N$148-$N$128)/2)*COS(RADIANS($X153)) -> 1.7101253 | AB153: =(($N$148-$N$128)/2)*SIN(RADIANS($X153)) -> 0.16394534 | AC153: =($O$128+$O$148)/2 + (($O$148-$O$128)/2)*COS(RADIANS($X153)) -> 3.1558671 | AD153: =(($O$148-$O$128)/2)*SIN(RADIANS($X153)) -> 0.26685295
X154: 27 | Y154: =($L$128+$L$148)/2 + (($L$148-$L$128)/2)*COS(RADIANS($X154)) -> 1.0278158 | Z154: =(($L$148-$L$128)/2)*SIN(RADIANS($X154)) -> 0.12671737 | AA154: =($N$128+$N$148)/2 + (($N$148-$N$128)/2)*COS(RADIANS($X154)) -> 1.7072128 | AB154: =(($N$148-$N$128)/2)*SIN(RADIANS($X154)) -> 0.16978678 | AC154: =($O$128+$O$148)/2 + (($O$148-$O$128)/2)*COS(RADIANS($X154)) -> 3.1511265 | AD154: =(($O$148-$O$128)/2)*SIN(RADIANS($X154)) -> 0.27636103
L155: X | N155: Y | O155: 1 & 2 | Q155: 2 & 3 | X155: 28 | Y155: =($L$128+$L$148)/2 + (($L$148-$L$128)/2)*COS(RADIANS($X155)) -> 1.0255664 | Z155: =(($L$148-$L$128)/2)*SIN(RADIANS($X155)) -> 0.13103843 | AA155: =($N$128+$N$148)/2 + (($N$148-$N$128)/2)*COS(RADIANS($X155)) -> 1.7041989 | AB155: =(($N$148-$N$128)/2)*SIN(RADIANS($X155)) -> 0.17557651 | AC155: =($O$128+$O$148)/2 + (($O$148-$O$128)/2)*COS(RADIANS($X155)) -> 3.1462208 | AD155: =(($O$148-$O$128)/2)*SIN(RADIANS($X155)) -> 0.28578494
L156: =M156*L166 -> 0 | M156: 0 | N156: =(((L156-O157)*(R157-P157))/(Q157-O157))+P157 -> 0.13122991 | O156: Xa | P156: Ya | Q156: Xb | R156: Yb | X156: 29 | Y156: =($L$128+$L$148)/2 + (($L$148-$L$128)/2)*COS(RADIANS($X156)) -> 1.0232419 | Z156: =(($L$148-$L$128)/2)*SIN(RADIANS($X156)) -> 0.13531957 | AA156: =($N$128+$N$148)/2 + (($N$148-$N$128)/2)*COS(RADIANS($X156)) -> 1.7010844 | AB156: =(($N$148-$N$128)/2)*SIN(RADIANS($X156)) -> 0.18131275 | AC156: =($O$128+$O$148)/2 + (($O$148-$O$128)/2)*COS(RADIANS($X156)) -> 3.1411513 | AD156: =(($O$148-$O$128)/2)*SIN(RADIANS($X156)) -> 0.29512179
L157: =L166*M157 -> 0.3217475 | M157: 0.1 | N157: =(((L157-O157)*(R157-P157))/(Q157-O157))+P157 -> 0.19083915 | O157: =(P120+Q120)/2 -> 1.0765533 | P157: =(P123+Q123)/2 -> 0.33067984 | Q157: =(Q120+R120)/2 -> 1.9913625 | R157: =(Q124+R124)/2 -> 0.50016392 | X157: 30 | Y157: =($L$128+$L$148)/2 + (($L$148-$L$128)/2)*COS(RADIANS($X157)) -> 1.0208431 | Z157: =(($L$148-$L$128)/2)*SIN(RADIANS($X157)) -> 0.13955949 | AA157: =($N$128+$N$148)/2 + (($N$148-$N$128)/2)*COS(RADIANS($X157)) -> 1.6978702 | AB157: =(($N$148-$N$128)/2)*SIN(RADIANS($X157)) -> 0.18699376 | AC157: =($O$128+$O$148)/2 + (($O$148-$O$128)/2)*COS(RADIANS($X157)) -> 3.1359196 | AD157: =(($O$148-$O$128)/2)*SIN(RADIANS($X157)) -> 0.30436874
L158: =L166*M158 -> 0.64349499 | M158: 0.2 | N158: =(((L158-O157)*(R157-P157))/(Q157-O157))+P157 -> 0.25044838 | O158: ANGEL OF INTERNAL FRICTION | X158: 31 | Y158: =($L$128+$L$148)/2 + (($L$148-$L$128)/2)*COS(RADIANS($X158)) -> 1.0183706 | Z158: =(($L$148-$L$128)/2)*SIN(RADIANS($X158)) -> 0.1437569 | AA158: =($N$128+$N$148)/2 + (($N$148-$N$128)/2)*COS(RADIANS($X158)) -> 1.6945574 | AB158: =(($N$148-$N$128)/2)*SIN(RADIANS($X158)) -> 0.19261781 | AC158: =($O$128+$O$148)/2 + (($O$148-$O$128)/2)*COS(RADIANS($X158)) -> 3.1305273 | AD158: =(($O$148-$O$128)/2)*SIN(RADIANS($X158)) -> 0.31352298
L159: =L166*M159 -> 0.96524249 | M159: 0.3 | N159: =(((L159-O157)*(R157-P157))/(Q157-O157))+P157 -> 0.31005762 | O159: =(ATAN((R157-P157)/(Q157-O157)))*60 -> 10.991402 | X159: 32 | Y159: =($L$128+$L$148)/2 + (($L$148-$L$128)/2)*COS(RADIANS($X159)) -> 1.0158253 | Z159: =(($L$148-$L$128)/2)*SIN(RADIANS($X159)) -> 0.14791053 | AA159: =($N$128+$N$148)/2 + (($N$148-$N$128)/2)*COS(RADIANS($X159)) -> 1.6911469 | AB159: =(($N$148-$N$128)/2)*SIN(RADIANS($X159)) -> 0.19818319 | AC159: =($O$128+$O$148)/2 + (($O$148-$O$128)/2)*COS(RADIANS($X159)) -> 3.1249761 | AD159: =(($O$148-$O$128)/2)*SIN(RADIANS($X159)) -> 0.32258172
L160: =L166*M160 -> 1.28699 | M160: 0.4 | N160: =(((L160-O157)*(R157-P157))/(Q157-O157))+P157 -> 0.36966685 | X160: 33 | Y160: =($L$128+$L$148)/2 + (($L$148-$L$128)/2)*COS(RADIANS($X160)) -> 1.0132079 | Z160: =(($L$148-$L$128)/2)*SIN(RADIANS($X160)) -> 0.15201909 | AA160: =($N$128+$N$148)/2 + (($N$148-$N$128)/2)*COS(RADIANS($X160)) -> 1.6876399 | AB160: =(($N$148-$N$128)/2)*SIN(RADIANS($X160)) -> 0.2036882 | AC160: =($O$128+$O$148)/2 + (($O$148-$O$128)/2)*COS(RADIANS($X160)) -> 3.1192677 | AD160: =(($O$148-$O$128)/2)*SIN(RADIANS($X160)) -> 0.33154219
...

Sheet TR UU
F4: GEOLAND QUATTRO TECHNOLAB
F5: JL. Nata Endah, Komplek Indahco No.22 Kel. Margahayu Tengah
F6: Kec. Margahayu, Kab. Bandung 40225
F7: Telp/WhatsApp : 082115618130
F8: Email : geolandquattro@gmail.com; geolandquattro@geolandtechnolab.com
D10: UJI TRIAXIAL UU/ TRIAXIAL UNDRAINED UNCONSOLIDATED TEST
D11: SNI 4813 : 2015
E13: Deskripsi Sampel / Sample Description | M13: Penguji / Test by | O13: : | Q13: PT. MGS
E14: Pelanggan / Client | G14: : | H14: =Details!B4 -> PT Itamatra Nusantara | M14: No. PKS | O14: : | Q14: 001/PKS GQT-MGS/VIII/2025
E15: Proyek / Project | G15: : | H15: =Details!B8 -> hidroplogi | M15: Tanggal / Dated | O15: : | Q15: =Details!B32 -> 46218
E16: Id Lab / Lab id | G16: : | H16: =Details!B7 -> 23-GQT--19-UDS-1-BH-05-0,00-0,50-100726-001 | M16: Diperiksa / Checked by | O16: : | Q16: =Details!B22 -> AS Sumartadji
E17: No Sampel / Sample No | G17: : | H17: =Details!B1 -> BH-05_UDS-01 | M17: No. Lampiran | O17: : | Q17: =Details!B2 -> MGS/02/VI/2026
E18: Kedalaman / Depth | G18: : | H18: =Details!B13&" m" -> 0,00-0,50 m
E19: Jenis Tanah / Soil Type | G19: : | H19: =Details!B14 -> silty CLAY with sand | M19: Parameter
E20: Warna / Colour | G20: : | H20: =Details!B15 -> Abu-abu / Gray | M20: Kadar Air | O20: (w) | P20: : | Q20: =PP!J33 -> 44.621389 | S20: %
E21: Jenis Sampel / Sample Type | G21: : | H21: =Details!B16 -> Undisturbed Sample / UDS | M21: Berat Jenis | O21: (Gs) | P21: : | Q21: =PP!J24 -> 2.6497359
E22: =Details!C15 -> Disclaimer : | F22: =Details!C16 -> The samples were received as Undisturbed Sample / UDS and the validity of the sampling process was not verified by the laboratory. | M22: Berat Isi | O22: (Yn) | P22: : | Q22: =PP!J39 -> 1.6849798 | S22: kg/m3
M23: Derajat Kejenuhan | O23: (Sr) | P23: : | Q23: =PP!J44 -> 92.786986 | S23: %
E26: S P E C I M E N D A T A
E27: Number Of Specimen | I27: 1 | J27: 2 | K27: 3
M28: ANGLE OF INTERNAL FRICTION
E29: Specimen Diameter | H29: mm | I29: =UU!I18 -> 3.8 | J29: =UU!J18 -> 3.8 | K29: =UU!K18 -> 3.8
E30: Specimen Height | H30: mm | I30: =UU!I19 -> 7.6 | J30: =UU!J19 -> 7.6 | K30: =UU!K19 -> 7.6 | M30: Ø = | N30: =UU!O20 -> 10.991402 | P30: o
E31: Specimen Area | H31: cm2 | I31: =UU!I20 -> 11.341149 | J31: =UU!J20 -> 11.341149 | K31: =UU!K20 -> 11.341149
E33: Dial Gauge Subdevision | H33: mm/div | I33: =UU!I22 -> 0.002 | J33: =UU!J22 -> 0.002 | K33: =UU!K22 -> 0.002 | M33: COHESION
E34: Load Rate | H34: kg/min | I34: =UU!I23 -> 0.14 | J34: =UU!J23 -> 0.14 | K34: =UU!K23 -> 0.14
E35: Load Ring Constant | H35: kg/div | I35: =UU!I24 -> 0.12064 | J35: =UU!J24 -> 0.12064 | K35: =UU!K24 -> 0.12064 | M35: C = | N35: =UU!O27 -> 0.13122991 | P35: kg/cm2
E37: Lateral Pressure | H37: kg/cm2 | I37: =UU!I26 -> 0.5 | J37: =UU!J26 -> 1 | K37: =UU!K26 -> 2
E38: Maximum Deviator Stress | H38: kg/cm2 | I38: =UU!I27 -> 0.55823797 | J38: =UU!J27 -> 0.74797505 | K38: =UU!K27 -> 1.217475
E39: Maximum Value Of Vertical Stress | H39: kg/cm2 | I39: =UU!I28 -> 1.058238 | J39: =UU!J28 -> 1.747975 | K39: =UU!K28 -> 3.217475
K41: Notes :

Sheet UCS
BC1: JANGAN DIGANTI!!!!!!!!!!
Y2: Jenis Tanah | AA2: clayey, sandy SILT | BC2: s3 = | BE2: s3 = | BG2: s3 = | BK2: Remolded | BP2: Undisturb
Y3: Warna | AA3: Cokelat / Brown | AZ3: Cell | BC3: s1 = | BD3: =AZ8+G28 -> #VALUE! | BE3: s1 = | BF3: =AZ7+G27 -> #VALUE! | BG3: s1 = | BJ3: 0 | BK3: =BJ3*($BD$4/10) -> #VALUE! | BL3: =BK3+$AZ$8 -> #VALUE! | BM3: 0 | BO3: =BJ3*($BF$4/10) -> #VALUE! | BP3: =BO3+$AZ$7 -> #VALUE! | BQ3: 0
E4: GEOLAND QUATTRO TECHNOLAB | AA4: Preparation | AZ4: pressure | BC4: s1-s3 = | BD4: =BD3-AZ8 -> #VALUE! | BE4: s1-s3 = | BF4: =BF3-AZ7 -> #VALUE! | BG4: s1-s3 = | BJ4: 0.02 | BK4: =BJ4*($BD$4/10) -> #VALUE! | BL4: =BK4+$AZ$8 -> #VALUE! | BM4: =SQRT($BD$5^2-($BD$5-BK4)^2) -> #VALUE! | BO4: =BJ4*($BF$4/10) -> #VALUE! | BP4: =BO4+$AZ$7 -> #VALUE! | BQ4: =SQRT($BF$5^2-($BF$5-BO4)^2) -> #VALUE!
E5: JL. Nata Endah, Komplek Indahco No.22 Kel. Margahayu Tengah | AA5: Specimen details | AD5: Initial | AE5: After test | AI5: Machine details | AZ5: kPa | BC5: s1-s3/2 = | BD5: =+(BD3-AZ8)/2 -> #VALUE! | BE5: s1-s3/2 = | BF5: =+(BF3-AZ7)/2 -> #VALUE! | BG5: s1-s3/2 = | BJ5: 0.1 | BK5: =BJ5*($BD$4/10) -> #VALUE! | BL5: =BK5+$AZ$8 -> #VALUE! | BM5: =SQRT($BD$5^2-($BD$5-BK5)^2) -> #VALUE! | BO5: =BJ5*($BF$4/10) -> #VALUE! | BP5: =BO5+$AZ$7 -> #VALUE! | BQ5: =SQRT($BF$5^2-($BF$5-BO5)^2) -> #VALUE!
E6: Kec. Margahayu, Kab. Bandung 40225 | AA6: Diameter | AC6: Dmm | AD6: 38 | AE6: Mass | AF6: g | AG6: =AD11 -> 0 | AI6: Machine no | BC6: s1+s3/2 = | BD6: =+(BD3+AZ8)/2 -> #VALUE! | BE6: s1+s3/2 = | BF6: =+(BF3+AZ7)/2 -> #VALUE! | BG6: s1+s3/2 = | BJ6: 0.15 | BK6: =BJ6*($BD$4/10) -> #VALUE! | BL6: =BK6+$AZ$8 -> #VALUE! | BM6: =SQRT($BD$5^2-($BD$5-BK6)^2) -> #VALUE! | BO6: =BJ6*($BF$4/10) -> #VALUE! | BP6: =BO6+$AZ$7 -> #VALUE! | BQ6: =SQRT($BF$5^2-($BF$5-BO6)^2) -> #VALUE!
E7: Telp/WhatsApp : 082115618130 | AA7: Area | AC7: Ao mm2 | AD7: =+((AD6^2))*(PI()/4) -> 1134.1149 | AE7: Dry mass | AF7: g | AI7: Rate of deformation | AL7: mm/min | AM7: 1 | AY7: Undisturb | AZ7: =AM49 -> 0.5778 | BJ7: 0.25 | BK7: =BJ7*($BD$4/10) -> #VALUE! | BL7: =BK7+$AZ$8 -> #VALUE! | BM7: =SQRT($BD$5^2-($BD$5-BK7)^2) -> #VALUE! | BO7: =BJ7*($BF$4/10) -> #VALUE! | BP7: =BO7+$AZ$7 -> #VALUE! | BQ7: =SQRT($BF$5^2-($BF$5-BO7)^2) -> #VALUE!
E8: Email : geolandquattro@gmail.com; geolandquattro@geolandtechnolab.com | AA8: Length | AC8: Lo mm | AD8: 76 | AE8: W | AF8: % | AG8: =+((AG6-AG7)/AG7)*100 -> #DIV/0! | AY8: Remolded | AZ8: =AM10 -> 0.5778 | BC8: Remolded | BF8: Undistrub | BJ8: 0.5 | BK8: =BJ8*($BD$4/10) -> #VALUE! | BL8: =BK8+$AZ$8 -> #VALUE! | BM8: =SQRT($BD$5^2-($BD$5-BK8)^2) -> #VALUE! | BO8: =BJ8*($BF$4/10) -> #VALUE! | BP8: =BO8+$AZ$7 -> #VALUE! | BQ8: =SQRT($BF$5^2-($BF$5-BO8)^2) -> #VALUE!
BJ9: 0.75 | BK9: =BJ9*($BD$4/10) -> #VALUE! | BL9: =BK9+$AZ$8 -> #VALUE! | BM9: =SQRT($BD$5^2-($BD$5-BK9)^2) -> #VALUE! | BO9: =BJ9*($BF$4/10) -> #VALUE! | BP9: =BO9+$AZ$7 -> #VALUE! | BQ9: =SQRT($BF$5^2-($BF$5-BO9)^2) -> #VALUE!
C10: UJI KUAT TEKAN BEBAS TANAH KOHESIF - Unconfined Compressive Test | V10: Undis | W10: Remold | AA10: Volume | AC10: cm3 | AD10: =+AD7*AD8/1000 -> 86.192736 | AI10: PR Calibration | AL10: kgf/div | AM10: 0.5778 | BJ10: 1 | BK10: =BJ10*($BD$4/10) -> #VALUE! | BL10: =BK10+$AZ$8 -> #VALUE! | BM10: =SQRT($BD$5^2-($BD$5-BK10)^2) -> #VALUE! | BO10: =BJ10*($BF$4/10) -> #VALUE! | BP10: =BO10+$AZ$7 -> #VALUE! | BQ10: =SQRT($BF$5^2-($BF$5-BO10)^2) -> #VALUE!
C11: SNI 3638 : 2012 | V11: {=_xlfn._xlws.FILTER(Data!S2:S25,Data!S2:S25,"<>")} -> <> | W11: {=_xlfn._xlws.FILTER(Data!T2:T25,Data!T2:T25,"<>")} -> <> | AA11: Mass | AC11: g | BJ11: 2 | BK11: =BJ11*($BD$4/10) -> #VALUE! | BL11: =BK11+$AZ$8 -> #VALUE! | BM11: =SQRT($BD$5^2-($BD$5-BK11)^2) -> #VALUE! | BO11: =BJ11*($BF$4/10) -> #VALUE! | BP11: =BO11+$AZ$7 -> #VALUE! | BQ11: =SQRT($BF$5^2-($BF$5-BO11)^2) -> #VALUE!
AA12: Density | AC12: g/cm3 | AD12: =+AD11/AD10 -> 0 | BJ12: 3 | BK12: =BJ12*($BD$4/10) -> #VALUE! | BL12: =BK12+$AZ$8 -> #VALUE! | BM12: =SQRT($BD$5^2-($BD$5-BK12)^2) -> #VALUE! | BO12: =BJ12*($BF$4/10) -> #VALUE! | BP12: =BO12+$AZ$7 -> #VALUE! | BQ12: =SQRT($BF$5^2-($BF$5-BO12)^2) -> #VALUE!
C13: Deskripsi Sampel / Sample Description | L13: Penguji / Test by | N13: : | O13: PT. MGS | AA13: Compression test Single stage | BJ13: 4 | BK13: =BJ13*($BD$4/10) -> #VALUE! | BL13: =BK13+$AZ$8 -> #VALUE! | BM13: =SQRT($BD$5^2-($BD$5-BK13)^2) -> #VALUE! | BO13: =BJ13*($BF$4/10) -> #VALUE! | BP13: =BO13+$AZ$7 -> #VALUE! | BQ13: =SQRT($BF$5^2-($BF$5-BO13)^2) -> #VALUE!
C14: Pelanggan / Client | F14: : | G14: =Details!B4 -> PT Itamatra Nusantara | L14: No. PKS | N14: : | O14: 001/PKS GQT-MGS/VIII/2025 | AG14: UNDISTURBED | BJ14: 5 | BK14: =BJ14*($BD$4/10) -> #VALUE! | BL14: =BK14+$AZ$8 -> #VALUE! | BM14: =BD5 -> #VALUE! | BO14: =BJ14*($BF$4/10) -> #VALUE! | BP14: =BO14+$AZ$7 -> #VALUE! | BQ14: =BF5 -> #VALUE!
C15: Proyek / Project | F15: : | G15: =Details!B8 -> hidroplogi | L15: Tanggal / Dated | N15: : | O15: =Details!B33 -> 46220 | AA15: Deformation | AD15: Compression of | AE15: Strain | AG15: Force gauge | AI15: Axial | AJ15: Corrected | AL15: Deviator stress | BJ15: 6 | BK15: =BJ15*($BD$4/10) -> #VALUE! | BL15: =BK15+$AZ$8 -> #VALUE! | BM15: =BM13 -> #VALUE! | BO15: =BJ15*($BF$4/10) -> #VALUE! | BP15: =BO15+$AZ$7 -> #VALUE! | BQ15: =BQ13 -> #VALUE!
C16: Id lab / Lab id | F16: : | G16: =Details!B7 -> 23-GQT--19-UDS-1-BH-05-0,00-0,50-100726-001 | L16: Diperiksa / Checked by | N16: : | O16: =Details!B22 -> AS Sumartadji | AA16: gauge reading | AD16: specimen (d L) | AG16: reading | AI16: force | AJ16: Area | BJ16: 7 | BK16: =BJ16*($BD$4/10) -> #VALUE! | BL16: =BK16+$AZ$8 -> #VALUE! | BM16: =BM12 -> #VALUE! | BO16: =BJ16*($BF$4/10) -> #VALUE! | BP16: =BO16+$AZ$7 -> #VALUE! | BQ16: =BQ12 -> #VALUE!
C17: No Sampel / Sample No | F17: : | G17: =Details!B1 -> BH-05_UDS-01 | L17: No. Lampiran | N17: : | O17: =Details!B2 -> MGS/02/VI/2026 | AA17: x 0.01mm | AD17: (mm) | AE17: (%) | AG17: (div) | AI17: (N) | AJ17: (mm2) | AL17: (kg/cm2) | BJ17: 8 | BK17: =BJ17*($BD$4/10) -> #VALUE! | BL17: =BK17+$AZ$8 -> #VALUE! | BM17: =BM11 -> #VALUE! | BO17: =BJ17*($BF$4/10) -> #VALUE! | BP17: =BO17+$AZ$7 -> #VALUE! | BQ17: =BQ11 -> #VALUE!
C18: Kedalaman / Depth | F18: : | G18: =Details!B13&" m" -> 0,00-0,50 m | Y18: =AL18 -> 0 | AA18: 0 | AD18: =+AA18/100 -> 0 | AE18: =+(AD18/$AD$8)*100 -> 0 | AG18: 0 | AI18: =+$AM$10*AG18 -> 0 | AJ18: =+AD7 -> 1134.1149 | AL18: =+AI18/AJ18*10000 -> 0 | BJ18: 9 | BK18: =BJ18*($BD$4/10) -> #VALUE! | BL18: =BK18+$AZ$8 -> #VALUE! | BM18: =BM10 -> #VALUE! | BO18: =BJ18*($BF$4/10) -> #VALUE! | BP18: =BO18+$AZ$7 -> #VALUE! | BQ18: =BQ10 -> #VALUE!
C19: Jenis Tanah / Soil Type | F19: : | G19: =Details!B14 -> silty CLAY with sand | Y19: =AL19 -> #VALUE! | AA19: =IF(AG19<>"",AA18+50,"") -> 50 | AD19: =IF(AG19<>"",AA19/100,"") -> 0.5 | AE19: =IF(AG19<>"",(AD19/$AD$8)*100,"") -> 0.65789474 | AG19: {=_xlfn._xlws.FILTER(V11:V34, V11:V34<>"")} -> <> | AI19: =IF(AG19<>"",$AM$10*AG19/100,"") -> #VALUE! | AJ19: =IF(AE19<>"",$AJ$18/(1-(AE19/100)),"") -> 1141.6256 | AL19: =IF(OR(AI19="",AJ19=""),"",AI19/AJ19*10000) -> #VALUE! | BJ19: 9.25 | BK19: =BJ19*($BD$4/10) -> #VALUE! | BL19: =BK19+$AZ$8 -> #VALUE! | BM19: =BM9 -> #VALUE! | BO19: =BJ19*($BF$4/10) -> #VALUE! | BP19: =BO19+$AZ$7 -> #VALUE! | BQ19: =BQ9 -> #VALUE!
C20: Warna / Colour | F20: : | G20: =Details!B15 -> Abu-abu / Gray | Y20: =AL20 | AA20: =IF(AG20<>"",AA19+50,"") | AD20: =IF(AG20<>"",AA20/100,"") | AE20: =IF(AG20<>"",(AD20/$AD$8)*100,"") | AI20: =IF(AG20<>"",$AM$10*AG20/100,"") | AJ20: =IF(AE20<>"",$AJ$18/(1-(AE20/100)),"") | AL20: =IF(OR(AI20="",AJ20=""),"",AI20/AJ20*10000) | BJ20: 9.5 | BK20: =BJ20*($BD$4/10) -> #VALUE! | BL20: =BK20+$AZ$8 -> #VALUE! | BM20: =BM8 -> #VALUE! | BO20: =BJ20*($BF$4/10) -> #VALUE! | BP20: =BO20+$AZ$7 -> #VALUE! | BQ20: =BQ8 -> #VALUE!
C21: Jenis Sampel / Sample Type | F21: : | G21: =Details!B16 -> Undisturbed Sample / UDS | Y21: =AL21 | AA21: =IF(AG21<>"",AA20+50,"") | AD21: =IF(AG21<>"",AA21/100,"") | AE21: =IF(AG21<>"",(AD21/$AD$8)*100,"") | AI21: =IF(AG21<>"",$AM$10*AG21/100,"") | AJ21: =IF(AE21<>"",$AJ$18/(1-(AE21/100)),"") | AL21: =IF(OR(AI21="",AJ21=""),"",AI21/AJ21*10000) | BJ21: 9.75 | BK21: =BJ21*($BD$4/10) -> #VALUE! | BL21: =BK21+$AZ$8 -> #VALUE! | BM21: =BM7 -> #VALUE! | BO21: =BJ21*($BF$4/10) -> #VALUE! | BP21: =BO21+$AZ$7 -> #VALUE! | BQ21: =BQ7 -> #VALUE!
C22: =Details!C15 -> Disclaimer : | D22: =Details!C16 -> The samples were received as Undisturbed Sample / UDS and the validity of the sampling process was not verified by the laboratory. | Y22: =AL22 | AA22: =IF(AG22<>"",AA21+50,"") | AD22: =IF(AG22<>"",AA22/100,"") | AE22: =IF(AG22<>"",(AD22/$AD$8)*100,"") | AI22: =IF(AG22<>"",$AM$10*AG22/100,"") | AJ22: =IF(AE22<>"",$AJ$18/(1-(AE22/100)),"") | AL22: =IF(OR(AI22="",AJ22=""),"",AI22/AJ22*10000) | BJ22: 9.85 | BK22: =BJ22*($BD$4/10) -> #VALUE! | BL22: =BK22+$AZ$8 -> #VALUE! | BM22: =BM6 -> #VALUE! | BO22: =BJ22*($BF$4/10) -> #VALUE! | BP22: =BO22+$AZ$7 -> #VALUE! | BQ22: =BQ6 -> #VALUE!
C23: TEST RESULT : | L23: Specimen details : | Y23: =AL23 | AA23: =IF(AG23<>"",AA22+50,"") | AD23: =IF(AG23<>"",AA23/100,"") | AE23: =IF(AG23<>"",(AD23/$AD$8)*100,"") | AI23: =IF(AG23<>"",$AM$10*AG23/100,"") | AJ23: =IF(AE23<>"",$AJ$18/(1-(AE23/100)),"") | AL23: =IF(OR(AI23="",AJ23=""),"",AI23/AJ23*10000) | BJ23: 9.9 | BK23: =BJ23*($BD$4/10) -> #VALUE! | BL23: =BK23+$AZ$8 -> #VALUE! | BM23: =BM5 -> #VALUE! | BO23: =BJ23*($BF$4/10) -> #VALUE! | BP23: =BO23+$AZ$7 -> #VALUE! | BQ23: =BQ5 -> #VALUE!
C24: Sample | F24: At failure | L24: INITIAL | N24: UNDISTURB | P24: REMOLDED | R24: UNIT | Y24: =AL24 | AA24: =IF(AG24<>"",AA23+50,"") | AD24: =IF(AG24<>"",AA24/100,"") | AE24: =IF(AG24<>"",(AD24/$AD$8)*100,"") | AI24: =IF(AG24<>"",$AM$10*AG24/100,"") | AJ24: =IF(AE24<>"",$AJ$18/(1-(AE24/100)),"") | AL24: =IF(OR(AI24="",AJ24=""),"",AI24/AJ24*10000) | BJ24: 9.98 | BK24: =BJ24*($BD$4/10) -> #VALUE! | BL24: =BK24+$AZ$8 -> #VALUE! | BM24: =BM4 -> #VALUE! | BO24: =BJ24*($BF$4/10) -> #VALUE! | BP24: =BO24+$AZ$7 -> #VALUE! | BQ24: =BQ4 -> #VALUE!
F25: qu kgf/cm2 | H25: Strain % | L25: Diameter | O25: =AD6 -> 38 | P25: =AD47 -> 38 | R25: mm | Y25: =AL25 | AA25: =IF(AG25<>"",AA24+50,"") | AD25: =IF(AG25<>"",AA25/100,"") | AE25: =IF(AG25<>"",(AD25/$AD$8)*100,"") | AI25: =IF(AG25<>"",$AM$10*AG25/100,"") | AJ25: =IF(AE25<>"",$AJ$18/(1-(AE25/100)),"") | AL25: =IF(OR(AI25="",AJ25=""),"",AI25/AJ25*10000) | BJ25: 10 | BK25: =BJ25*($BD$4/10) -> #VALUE! | BL25: =BK25+$AZ$8 -> #VALUE! | BM25: =BM3 -> 0 | BO25: =BJ25*($BF$4/10) -> #VALUE! | BP25: =BO25+$AZ$7 -> #VALUE! | BQ25: =BQ3 -> 0
L26: Area | O26: =AD7 -> 1134.1149 | P26: =AD48 -> 1134.1149 | R26: mm2 | Y26: =AL26 | AA26: =IF(AG26<>"",AA25+50,"") | AD26: =IF(AG26<>"",AA26/100,"") | AE26: =IF(AG26<>"",(AD26/$AD$8)*100,"") | AI26: =IF(AG26<>"",$AM$10*AG26/100,"") | AJ26: =IF(AE26<>"",$AJ$18/(1-(AE26/100)),"") | AL26: =IF(OR(AI26="",AJ26=""),"",AI26/AJ26*10000)
C27: Undisturbed | G27: =AP34 -> #VALUE! | H27: =VLOOKUP(G27,Y15:AJ42,7,FALSE) -> #VALUE! | L27: Height | O27: =AD8 -> 76 | P27: =AD49 -> 76 | R27: mm | Y27: =AL27 | AA27: =IF(AG27<>"",AA26+50,"") | AD27: =IF(AG27<>"",AA27/100,"") | AE27: =IF(AG27<>"",(AD27/$AD$8)*100,"") | AI27: =IF(AG27<>"",$AM$10*AG27/100,"") | AJ27: =IF(AE27<>"",$AJ$18/(1-(AE27/100)),"") | AL27: =IF(OR(AI27="",AJ27=""),"",AI27/AJ27*10000)
C28: Remolded | G28: =AP37 -> #VALUE! | H28: =VLOOKUP(G28,Y56:AM83,7,FALSE) -> #VALUE! | L28: Volume | O28: =AD10 -> 86.192736 | P28: =AD50 -> 86.192736 | R28: cm3 | Y28: =AL28 | AA28: =IF(AG28<>"",AA27+50,"") | AD28: =IF(AG28<>"",AA28/100,"") | AE28: =IF(AG28<>"",(AD28/$AD$8)*100,"") | AI28: =IF(AG28<>"",$AM$10*AG28/100,"") | AJ28: =IF(AE28<>"",$AJ$18/(1-(AE28/100)),"") | AL28: =IF(OR(AI28="",AJ28=""),"",AI28/AJ28*10000)
C29: Sensitivity | G29: =+G27/G28 -> #VALUE! | L29: Mass | O29: =AD11 -> 0 | P29: =AD51 -> 0 | R29: g | Y29: =AL29 | AA29: =IF(AG29<>"",AA28+50,"") | AD29: =IF(AG29<>"",AA29/100,"") | AE29: =IF(AG29<>"",(AD29/$AD$8)*100,"") | AI29: =IF(AG29<>"",$AM$10*AG29/100,"") | AJ29: =IF(AE29<>"",$AJ$18/(1-(AE29/100)),"") | AL29: =IF(OR(AI29="",AJ29=""),"",AI29/AJ29*10000)
L30: Density | O30: =AD12 -> 0 | P30: =AD52 -> 0 | R30: g/cm3 | Y30: =AL30 | AA30: =IF(AG30<>"",AA29+50,"") | AD30: =IF(AG30<>"",AA30/100,"") | AE30: =IF(AG30<>"",(AD30/$AD$8)*100,"") | AI30: =IF(AG30<>"",$AM$10*AG30/100,"") | AJ30: =IF(AE30<>"",$AJ$18/(1-(AE30/100)),"") | AL30: =IF(OR(AI30="",AJ30=""),"",AI30/AJ30*10000)
L31: W | O31: =AG8 -> #DIV/0! | P31: =AG49 -> #DIV/0! | R31: % | Y31: =AL31 | AA31: =IF(AG31<>"",AA30+50,"") | AD31: =IF(AG31<>"",AA31/100,"") | AE31: =IF(AG31<>"",(AD31/$AD$8)*100,"") | AI31: =IF(AG31<>"",$AM$10*AG31/100,"") | AJ31: =IF(AE31<>"",$AJ$18/(1-(AE31/100)),"") | AL31: =IF(OR(AI31="",AJ31=""),"",AI31/AJ31*10000)
L32: Rate of deformation | O32: =AM7 -> 1 | P32: =AM48 -> 1 | R32: mm/min | Y32: =AL32 | AA32: =IF(AG32<>"",AA31+50,"") | AD32: =IF(AG32<>"",AA32/100,"") | AE32: =IF(AG32<>"",(AD32/$AD$8)*100,"") | AI32: =IF(AG32<>"",$AM$10*AG32/100,"") | AJ32: =IF(AE32<>"",$AJ$18/(1-(AE32/100)),"") | AL32: =IF(OR(AI32="",AJ32=""),"",AI32/AJ32*10000)
L33: PR Calibration | O33: =AM10 -> 0.5778 | P33: =AM49 -> 0.5778 | R33: kgf/div | Y33: =AL33 | AA33: =IF(AG33<>"",AA32+50,"") | AD33: =IF(AG33<>"",AA33/100,"") | AE33: =IF(AG33<>"",(AD33/$AD$8)*100,"") | AI33: =IF(AG33<>"",$AM$10*AG33/100,"") | AJ33: =IF(AE33<>"",$AJ$18/(1-(AE33/100)),"") | AL33: =IF(OR(AI33="",AJ33=""),"",AI33/AJ33*10000) | AO33: Undisturb.
Y34: =AL34 | AA34: =IF(AG34<>"",AA33+50,"") | AD34: =IF(AG34<>"",AA34/100,"") | AE34: =IF(AG34<>"",(AD34/$AD$8)*100,"") | AI34: =IF(AG34<>"",$AM$10*AG34/100,"") | AJ34: =IF(AE34<>"",$AJ$18/(1-(AE34/100)),"") | AL34: =IF(OR(AI34="",AJ34=""),"",AI34/AJ34*10000) | AO34: max | AP34: =MAX(Y18:Y42) -> #VALUE!
Y35: =AL35 | AA35: =IF(AG35<>"",AA34+50,"") | AD35: =IF(AG35<>"",AA35/100,"") | AE35: =IF(AG35<>"",(AD35/$AD$8)*100,"") | AI35: =IF(AG35<>"",$AM$10*AG35/100,"") | AJ35: =IF(AE35<>"",$AJ$18/(1-(AE35/100)),"") | AL35: =IF(OR(AI35="",AJ35=""),"",AI35/AJ35*10000)
K36: Notes : | Y36: =AL36 | AA36: =IF(AG36<>"",AA35+50,"") | AD36: =IF(AG36<>"",AA36/100,"") | AE36: =IF(AG36<>"",(AD36/$AD$8)*100,"") | AI36: =IF(AG36<>"",$AM$10*AG36/100,"") | AJ36: =IF(AE36<>"",$AJ$18/(1-(AE36/100)),"") | AL36: =IF(OR(AI36="",AJ36=""),"",AI36/AJ36*10000) | AO36: Remolded
Y37: =AL37 | AA37: =IF(AG37<>"",AA36+50,"") | AD37: =IF(AG37<>"",AA37/100,"") | AE37: =IF(AG37<>"",(AD37/$AD$8)*100,"") | AI37: =IF(AG37<>"",$AM$10*AG37/100,"") | AJ37: =IF(AE37<>"",$AJ$18/(1-(AE37/100)),"") | AL37: =IF(OR(AI37="",AJ37=""),"",AI37/AJ37*10000) | AO37: Max | AP37: =MAX(Y59:Y83) -> #VALUE!
Y38: =AL38 | AA38: =IF(AG38<>"",AA37+50,"") | AD38: =IF(AG38<>"",AA38/100,"") | AE38: =IF(AG38<>"",(AD38/$AD$8)*100,"") | AI38: =IF(AG38<>"",$AM$10*AG38/100,"") | AJ38: =IF(AE38<>"",$AJ$18/(1-(AE38/100)),"") | AL38: =IF(OR(AI38="",AJ38=""),"",AI38/AJ38*10000)
Y39: =AL39 | AA39: =IF(AG39<>"",AA38+50,"") | AD39: =IF(AG39<>"",AA39/100,"") | AE39: =IF(AG39<>"",(AD39/$AD$8)*100,"") | AI39: =IF(AG39<>"",$AM$10*AG39/100,"") | AJ39: =IF(AE39<>"",$AJ$18/(1-(AE39/100)),"") | AL39: =IF(OR(AI39="",AJ39=""),"",AI39/AJ39*10000)
Y40: =AL40 | AA40: =IF(AG40<>"",AA39+50,"") | AD40: =IF(AG40<>"",AA40/100,"") | AE40: =IF(AG40<>"",(AD40/$AD$8)*100,"") | AI40: =IF(AG40<>"",$AM$10*AG40/100,"") | AJ40: =IF(AE40<>"",$AJ$18/(1-(AE40/100)),"") | AL40: =IF(OR(AI40="",AJ40=""),"",AI40/AJ40*10000)
Y41: =AL41 | AA41: =IF(AG41<>"",AA40+50,"") | AD41: =IF(AG41<>"",AA41/100,"") | AE41: =IF(AG41<>"",(AD41/$AD$8)*100,"") | AI41: =IF(AG41<>"",$AM$10*AG41/100,"") | AJ41: =IF(AE41<>"",$AJ$18/(1-(AE41/100)),"") | AL41: =IF(OR(AI41="",AJ41=""),"",AI41/AJ41*10000)
Y42: =AL42 | AA42: =IF(AG42<>"",AA41+50,"") | AD42: =IF(AG42<>"",AA42/100,"") | AE42: =IF(AG42<>"",(AD42/$AD$8)*100,"") | AI42: =IF(AG42<>"",$AM$10*AG42/100,"") | AJ42: =IF(AE42<>"",$AJ$18/(1-(AE42/100)),"") | AL42: =IF(OR(AI42="",AJ42=""),"",AI42/AJ42*10000)
AA45: Preparation
AA46: Specimen details | AD46: Initial | AE46: After test | AI46: Machine details
AA47: Diameter | AC47: Dmm | AD47: 38 | AE47: Mass | AF47: g | AG47: =AD51 -> 0 | AI47: Machine no
AA48: Area | AC48: Ao mm2 | AD48: =+((AD47^2))*(PI()/4) -> 1134.1149 | AE48: Dry mass | AF48: g | AI48: Rate of deformation | AL48: mm/min | AM48: 1
AA49: Length | AC49: Lo mm | AD49: 76 | AE49: W | AF49: % | AG49: =+((AG47-AG48)/AG48)*100 -> #DIV/0! | AI49: PR Calibration | AL49: N/div | AM49: =AM10 -> 0.5778
AA50: Volume | AC50: cm3 | AD50: =+AD48*AD49/1000 -> 86.192736
AA51: Mass | AC51: g
AA52: Density | AC52: Mg/m3 | AD52: =+AD51/AD50 -> 0
AA54: Compression test stage
AG55: REMOLDED
AA56: Deformation | AD56: Compression of | AE56: Strain | AG56: Force gauge | AI56: Axial | AJ56: Corrected | AL56: Deviator stress
AA57: gauge reading | AD57: specimen (d L) | AG57: reading | AI57: force | AJ57: Area
AD58: (mm) | AE58: (%) | AG58: (div) | AI58: (N) | AJ58: (mm2) | AK58: (kg/cm2)
Y59: =AL59 -> 0 | AA59: 0 | AD59: =+AA59/100 -> 0 | AE59: =+(AD59/$AD$49)*100 -> 0 | AG59: 0 | AI59: =+$AM$49*AG59 -> 0 | AJ59: =+AD48 -> 1134.1149 | AL59: =+AI59/AJ59*10000 -> 0
Y60: =AL60 -> #VALUE! | AA60: =IF(AG60<>"",AA59+50,"") -> 50 | AD60: =IF(AG60<>"",AA60/100,"") -> 0.5 | AE60: =IF(AG60<>"",(AD60/$AD$8)*100,"") -> 0.65789474 | AG60: {=_xlfn._xlws.FILTER(W11:W34, W11:W34<>"")} -> <> | AI60: =IF(AG60<>"",$AM$10*AG60/100,"") -> #VALUE! | AJ60: =IF(AE60<>"",$AJ$18/(1-(AE60/100)),"") -> 1141.6256 | AL60: =IF(OR(AI60="",AJ60=""),"",AI60/AJ60*10000) -> #VALUE!
Y61: =AL61 | AA61: =IF(AG61<>"",AA60+50,"") | AD61: =IF(AG61<>"",AA61/100,"") | AE61: =IF(AG61<>"",(AD61/$AD$8)*100,"") | AI61: =IF(AG61<>"",$AM$10*AG61/100,"") | AJ61: =IF(AE61<>"",$AJ$18/(1-(AE61/100)),"") | AL61: =IF(OR(AI61="",AJ61=""),"",AI61/AJ61*10000)
Y62: =AL62 | AA62: =IF(AG62<>"",AA61+50,"") | AD62: =IF(AG62<>"",AA62/100,"") | AE62: =IF(AG62<>"",(AD62/$AD$8)*100,"") | AI62: =IF(AG62<>"",$AM$10*AG62/100,"") | AJ62: =IF(AE62<>"",$AJ$18/(1-(AE62/100)),"") | AL62: =IF(OR(AI62="",AJ62=""),"",AI62/AJ62*10000)
Y63: =AL63 | AA63: =IF(AG63<>"",AA62+50,"") | AD63: =IF(AG63<>"",AA63/100,"") | AE63: =IF(AG63<>"",(AD63/$AD$8)*100,"") | AI63: =IF(AG63<>"",$AM$10*AG63/100,"") | AJ63: =IF(AE63<>"",$AJ$18/(1-(AE63/100)),"") | AL63: =IF(OR(AI63="",AJ63=""),"",AI63/AJ63*10000)
Y64: =AL64 | AA64: =IF(AG64<>"",AA63+50,"") | AD64: =IF(AG64<>"",AA64/100,"") | AE64: =IF(AG64<>"",(AD64/$AD$8)*100,"") | AI64: =IF(AG64<>"",$AM$10*AG64/100,"") | AJ64: =IF(AE64<>"",$AJ$18/(1-(AE64/100)),"") | AL64: =IF(OR(AI64="",AJ64=""),"",AI64/AJ64*10000)
C65: Notes : | Y65: =AL65 | AA65: =IF(AG65<>"",AA64+50,"") | AD65: =IF(AG65<>"",AA65/100,"") | AE65: =IF(AG65<>"",(AD65/$AD$8)*100,"") | AI65: =IF(AG65<>"",$AM$10*AG65/100,"") | AJ65: =IF(AE65<>"",$AJ$18/(1-(AE65/100)),"") | AL65: =IF(OR(AI65="",AJ65=""),"",AI65/AJ65*10000)
C66: …....................................................................................... | Y66: =AL66 | AA66: =IF(AG66<>"",AA65+50,"") | AD66: =IF(AG66<>"",AA66/100,"") | AE66: =IF(AG66<>"",(AD66/$AD$8)*100,"") | AI66: =IF(AG66<>"",$AM$10*AG66/100,"") | AJ66: =IF(AE66<>"",$AJ$18/(1-(AE66/100)),"") | AL66: =IF(OR(AI66="",AJ66=""),"",AI66/AJ66*10000)
C67: …....................................................................................... | Y67: =AL67 | AA67: =IF(AG67<>"",AA66+50,"") | AD67: =IF(AG67<>"",AA67/100,"") | AE67: =IF(AG67<>"",(AD67/$AD$8)*100,"") | AI67: =IF(AG67<>"",$AM$10*AG67/100,"") | AJ67: =IF(AE67<>"",$AJ$18/(1-(AE67/100)),"") | AL67: =IF(OR(AI67="",AJ67=""),"",AI67/AJ67*10000)
C68: …....................................................................................... | Y68: =AL68 | AA68: =IF(AG68<>"",AA67+50,"") | AD68: =IF(AG68<>"",AA68/100,"") | AE68: =IF(AG68<>"",(AD68/$AD$8)*100,"") | AI68: =IF(AG68<>"",$AM$10*AG68/100,"") | AJ68: =IF(AE68<>"",$AJ$18/(1-(AE68/100)),"") | AL68: =IF(OR(AI68="",AJ68=""),"",AI68/AJ68*10000)
C69: …....................................................................................... | Y69: =AL69 | AA69: =IF(AG69<>"",AA68+50,"") | AD69: =IF(AG69<>"",AA69/100,"") | AE69: =IF(AG69<>"",(AD69/$AD$8)*100,"") | AI69: =IF(AG69<>"",$AM$10*AG69/100,"") | AJ69: =IF(AE69<>"",$AJ$18/(1-(AE69/100)),"") | AL69: =IF(OR(AI69="",AJ69=""),"",AI69/AJ69*10000)
Y70: =AL70 | AA70: =IF(AG70<>"",AA69+50,"") | AD70: =IF(AG70<>"",AA70/100,"") | AE70: =IF(AG70<>"",(AD70/$AD$8)*100,"") | AI70: =IF(AG70<>"",$AM$10*AG70/100,"") | AJ70: =IF(AE70<>"",$AJ$18/(1-(AE70/100)),"") | AL70: =IF(OR(AI70="",AJ70=""),"",AI70/AJ70*10000)
Y71: =AL71 | AA71: =IF(AG71<>"",AA70+50,"") | AD71: =IF(AG71<>"",AA71/100,"") | AE71: =IF(AG71<>"",(AD71/$AD$8)*100,"") | AI71: =IF(AG71<>"",$AM$10*AG71/100,"") | AJ71: =IF(AE71<>"",$AJ$18/(1-(AE71/100)),"") | AL71: =IF(OR(AI71="",AJ71=""),"",AI71/AJ71*10000)
Y72: =AL72 | AA72: =IF(AG72<>"",AA71+50,"") | AD72: =IF(AG72<>"",AA72/100,"") | AE72: =IF(AG72<>"",(AD72/$AD$8)*100,"") | AI72: =IF(AG72<>"",$AM$10*AG72/100,"") | AJ72: =IF(AE72<>"",$AJ$18/(1-(AE72/100)),"") | AL72: =IF(OR(AI72="",AJ72=""),"",AI72/AJ72*10000)
Y73: =AL73 | AA73: =IF(AG73<>"",AA72+50,"") | AD73: =IF(AG73<>"",AA73/100,"") | AE73: =IF(AG73<>"",(AD73/$AD$8)*100,"") | AI73: =IF(AG73<>"",$AM$10*AG73/100,"") | AJ73: =IF(AE73<>"",$AJ$18/(1-(AE73/100)),"") | AL73: =IF(OR(AI73="",AJ73=""),"",AI73/AJ73*10000)
Y74: =AL74 | AA74: =IF(AG74<>"",AA73+50,"") | AD74: =IF(AG74<>"",AA74/100,"") | AE74: =IF(AG74<>"",(AD74/$AD$8)*100,"") | AI74: =IF(AG74<>"",$AM$10*AG74/100,"") | AJ74: =IF(AE74<>"",$AJ$18/(1-(AE74/100)),"") | AL74: =IF(OR(AI74="",AJ74=""),"",AI74/AJ74*10000)
Y75: =AL75 | AA75: =IF(AG75<>"",AA74+50,"") | AD75: =IF(AG75<>"",AA75/100,"") | AE75: =IF(AG75<>"",(AD75/$AD$8)*100,"") | AI75: =IF(AG75<>"",$AM$10*AG75/100,"") | AJ75: =IF(AE75<>"",$AJ$18/(1-(AE75/100)),"") | AL75: =IF(OR(AI75="",AJ75=""),"",AI75/AJ75*10000)
Y76: =AL76 | AA76: =IF(AG76<>"",AA75+50,"") | AD76: =IF(AG76<>"",AA76/100,"") | AE76: =IF(AG76<>"",(AD76/$AD$8)*100,"") | AI76: =IF(AG76<>"",$AM$10*AG76/100,"") | AJ76: =IF(AE76<>"",$AJ$18/(1-(AE76/100)),"") | AL76: =IF(OR(AI76="",AJ76=""),"",AI76/AJ76*10000)
Y77: =AL77 | AA77: =IF(AG77<>"",AA76+50,"") | AD77: =IF(AG77<>"",AA77/100,"") | AE77: =IF(AG77<>"",(AD77/$AD$8)*100,"") | AI77: =IF(AG77<>"",$AM$10*AG77/100,"") | AJ77: =IF(AE77<>"",$AJ$18/(1-(AE77/100)),"") | AL77: =IF(OR(AI77="",AJ77=""),"",AI77/AJ77*10000)
Y78: =AL78 | AA78: =IF(AG78<>"",AA77+50,"") | AD78: =IF(AG78<>"",AA78/100,"") | AE78: =IF(AG78<>"",(AD78/$AD$8)*100,"") | AI78: =IF(AG78<>"",$AM$10*AG78/100,"") | AJ78: =IF(AE78<>"",$AJ$18/(1-(AE78/100)),"") | AL78: =IF(OR(AI78="",AJ78=""),"",AI78/AJ78*10000)
Y79: =AL79 | AA79: =IF(AG79<>"",AA78+50,"") | AD79: =IF(AG79<>"",AA79/100,"") | AE79: =IF(AG79<>"",(AD79/$AD$8)*100,"") | AI79: =IF(AG79<>"",$AM$10*AG79/100,"") | AJ79: =IF(AE79<>"",$AJ$18/(1-(AE79/100)),"") | AL79: =IF(OR(AI79="",AJ79=""),"",AI79/AJ79*10000)
Y80: =AL80 | AA80: =IF(AG80<>"",AA79+50,"") | AD80: =IF(AG80<>"",AA80/100,"") | AE80: =IF(AG80<>"",(AD80/$AD$8)*100,"") | AI80: =IF(AG80<>"",$AM$10*AG80/100,"") | AJ80: =IF(AE80<>"",$AJ$18/(1-(AE80/100)),"") | AL80: =IF(OR(AI80="",AJ80=""),"",AI80/AJ80*10000)
Y81: =AL81 | AA81: =IF(AG81<>"",AA80+50,"") | AD81: =IF(AG81<>"",AA81/100,"") | AE81: =IF(AG81<>"",(AD81/$AD$8)*100,"") | AI81: =IF(AG81<>"",$AM$10*AG81/100,"") | AJ81: =IF(AE81<>"",$AJ$18/(1-(AE81/100)),"") | AL81: =IF(OR(AI81="",AJ81=""),"",AI81/AJ81*10000)
... Y83: =AL83 | AA83: =IF(AG83<>"",AA82+50,"") | AD83: =IF(AG83<>"",AA83/100,"") | AE83: =IF(AG83<>"",(AD83/$AD$8)*100,"") | AI83: =IF(AG83<>"",$AM$10*AG83/100,"") | AJ83: =IF(AE83<>"",$AJ$18/(1-(AE83/100)),"") | AL83: =IF(OR(AI83="",AJ83=""),"",AI83/AJ83*10000)

Sheet DS
G3: GEOLAND QUATTRO TECHNOLAB
G4: JL. Nata Endah, Komplek Indahco No.22 Kel. Margahayu Tengah | AA4: area | AC4: =PI()*(AF5/2)^2 -> 27.711675 | AE4: height | AF4: 2.49
G5: Kec. Margahayu, Kab. Bandung 40225 | AA5: volume | AC5: =AC4*AF4 -> 69.00207 | AE5: Dia. | AF5: 5.94
G6: Telp/WhatsApp : 082115618130 | AA6: Calibration | AB6: kgf/div | AC6: 0.4067
G7: Email : geolandquattro@gmail.com; geolandquattro@geolandtechnolab.com
C9: UJI KUAT GESER LANGSUNG TANAH UU/ DIRECT SHEAR UU TEST | AA9: kg/cm2 | AB9: 1 | AC9: 2 | AD9: 4
C10: SNI 3420 : 2016 | AA10: Shear | AB10: Proving reading | AE10: Shear strenght kg/cm
C11: Deskripsi Sampel / Sample Description | AA11: Dial | AB11: A | AC11: B | AD11: C | AE11: A | AF11: B | AG11: C
C12: Pelanggan / Client | H12: : | I12: =Details!B4 -> PT Itamatra Nusantara | Q12: Penguji / Test by | T12: : | U12: PT. MGS | AA12: 0 | AB12: 0 | AC12: 0 | AD12: 0 | AE12: =AB12*AC$6/AC$4 -> 0 | AF12: =AC12*AC$6/AC$4 -> 0 | AG12: =AD12*AC$6/AC$4 -> 0
C13: Proyek / Project | H13: : | I13: =Details!B8 -> hidroplogi | Q13: No. PKS | T13: : | U13: 001/PKS GQT-MGS/VIII/2025 | AA13: 0.2 | AB13: {=_xlfn._xlws.FILTER(Data!Z3:Z34,Data!Z3:Z34,"<>")} -> <> | AC13: {=_xlfn._xlws.FILTER(Data!AA3:AA34,Data!AA3:AA34,"<>")} -> <> | AD13: {=_xlfn._xlws.FILTER(Data!AB3:AB34,Data!AB3:AB34,"<>")} -> <> | AE13: =AB13*AC$6/AC$4 -> #VALUE! | AF13: =AC13*AC$6/AC$4 -> #VALUE! | AG13: =AD13*AC$6/AC$4 -> #VALUE!
C14: Id Lab / Lab id | H14: : | I14: =Details!B7 -> 23-GQT--19-UDS-1-BH-05-0,00-0,50-100726-001 | Q14: Tanggal / Dated | T14: : | U14: =Details!B34 -> 46221 | AA14: =AA13+0.2 -> 0.4 | AE14: =AB14*AC$6/AC$4 -> 0 | AF14: =AC14*AC$6/AC$4 -> 0 | AG14: =AD14*AC$6/AC$4 -> 0
C15: No Sampel / Sample No | H15: : | I15: =Details!B1 -> BH-05_UDS-01 | Q15: Diperiksa / Checked by | T15: : | U15: =Details!B22 -> AS Sumartadji | AA15: =AA14+0.2 -> 0.6 | AE15: =AB15*AC$6/AC$4 -> 0 | AF15: =AC15*AC$6/AC$4 -> 0 | AG15: =AD15*AC$6/AC$4 -> 0
C16: Kedalaman / Depth | H16: : | I16: =Details!B13&" m" -> 0,00-0,50 m | Q16: No. Lampiran | T16: : | U16: =Details!B2 -> MGS/02/VI/2026 | AA16: =AA15+0.2 -> 0.8 | AE16: =AB16*AC$6/AC$4 -> 0 | AF16: =AC16*AC$6/AC$4 -> 0 | AG16: =AD16*AC$6/AC$4 -> 0
C17: Jenis Tanah / Soil Type | H17: : | I17: =Details!B14 -> silty CLAY with sand | AA17: =AA16+0.2 -> 1 | AE17: =AB17*AC$6/AC$4 -> 0 | AF17: =AC17*AC$6/AC$4 -> 0 | AG17: =AD17*AC$6/AC$4 -> 0
C18: Warna / Colour | H18: : | I18: =Details!B15 -> Abu-abu / Gray | AA18: =AA17+0.2 -> 1.2 | AE18: =AB18*AC$6/AC$4 -> 0 | AF18: =AC18*AC$6/AC$4 -> 0 | AG18: =AD18*AC$6/AC$4 -> 0
C19: Jenis Sampel / Sample Type | H19: : | I19: =Details!B16 -> Undisturbed Sample / UDS | AA19: =AA18+0.2 -> 1.4 | AE19: =AB19*AC$6/AC$4 -> 0 | AF19: =AC19*AC$6/AC$4 -> 0 | AG19: =AD19*AC$6/AC$4 -> 0
D20: =Details!C15 -> Disclaimer : | F20: =Details!C16 -> The samples were received as Undisturbed Sample / UDS and the validity of the sampling process was not verified by the laboratory. | T20: Notes : | AA20: =AA19+0.2 -> 1.6 | AE20: =AB20*AC$6/AC$4 -> 0 | AF20: =AC20*AC$6/AC$4 -> 0 | AG20: =AD20*AC$6/AC$4 -> 0
AA21: =AA20+0.2 -> 1.8 | AE21: =AB21*AC$6/AC$4 -> 0 | AF21: =AC21*AC$6/AC$4 -> 0 | AG21: =AD21*AC$6/AC$4 -> 0
E22: SPECIMENT | L22: UNIT | M22: 1 | O22: 2 | Q22: 3 | AA22: =AA21+0.2 -> 2 | AE22: =AB22*AC$6/AC$4 -> 0 | AF22: =AC22*AC$6/AC$4 -> 0 | AG22: =AD22*AC$6/AC$4 -> 0
E23: Tinggi awal/ Initial height | K23: Ho | L23: cm | M23: =AF4 -> 2.49 | O23: =M23 -> 2.49 | Q23: =O23 -> 2.49 | AA23: =AA22+0.2 -> 2.2 | AE23: =AB23*AC$6/AC$4 -> 0 | AF23: =AC23*AC$6/AC$4 -> 0 | AG23: =AD23*AC$6/AC$4 -> 0
E24: Diameter sample/sample diameter | K24: Do | L24: cm | M24: =AE60 -> 5.94 | O24: =AF60 -> 5.94 | Q24: =AG60 -> 5.94 | AA24: =AA23+0.2 -> 2.4 | AE24: =AB24*AC$6/AC$4 -> 0 | AF24: =AC24*AC$6/AC$4 -> 0 | AG24: =AD24*AC$6/AC$4 -> 0
E25: Area | K25: A | L25: cm2 | M25: =AE61 -> 27.697626 | O25: =AF61 -> 27.697626 | Q25: =AG61 -> 27.697626 | AA25: =AA24+0.2 -> 2.6 | AE25: =AB25*AC$6/AC$4 -> 0 | AF25: =AC25*AC$6/AC$4 -> 0 | AG25: =AD25*AC$6/AC$4 -> 0
E26: Volume awal/initial volume | K26: Vo | L26: cm3 | M26: =AE62 -> 68.967089 | O26: =AF62 -> 68.967089 | Q26: =AG62 -> 68.967089 | AA26: =AA25+0.2 -> 2.8 | AE26: =AB26*AC$6/AC$4 -> 0 | AF26: =AC26*AC$6/AC$4 -> 0 | AG26: =AD26*AC$6/AC$4 -> 0
E27: Proving ring Calibration | L27: kgf/dif | M27: =AC6 -> 0.4067 | O27: =AC6 -> 0.4067 | Q27: =AC6 -> 0.4067 | AA27: =AA26+0.2 -> 3 | AE27: =AB27*AC$6/AC$4 -> 0 | AF27: =AC27*AC$6/AC$4 -> 0 | AG27: =AD27*AC$6/AC$4 -> 0
AA28: =AA27+0.2 -> 3.2 | AE28: =AB28*AC$6/AC$4 -> 0 | AF28: =AC28*AC$6/AC$4 -> 0 | AG28: =AD28*AC$6/AC$4 -> 0
E29: Berat isi tanah basah/ wet density*1 | K29: γw | L29: gr/cm3 | M29: =AE67 -> -1.71331 | O29: =AF67 -> -1.71331 | Q29: =AG67 -> -1.71331 | AA29: =AA28+0.2 -> 3.4 | AE29: =AB29*AC$6/AC$4 -> 0 | AF29: =AC29*AC$6/AC$4 -> 0 | AG29: =AD29*AC$6/AC$4 -> 0
E30: Berat Isi Tanah Kering/dry density*1 | K30: γd | L30: gr/cm3 | M30: =AE78 -> #N/A | O30: =AF78 -> #N/A | Q30: =AG78 -> #N/A | AA30: =AA29+0.2 -> 3.6 | AE30: =AB30*AC$6/AC$4 -> 0 | AF30: =AC30*AC$6/AC$4 -> 0 | AG30: =AD30*AC$6/AC$4 -> 0 | AI30: BERAT ISI TANAH NON KOHESIF
E31: Kadar air/moisture content | K31: W | L31: % | M31: =AE75 -> #N/A | O31: =AF75 -> #N/A | Q31: =AG75 -> #N/A | AA31: =AA30+0.2 -> 3.8 | AE31: =AB31*AC$6/AC$4 -> 0 | AF31: =AC31*AC$6/AC$4 -> 0 | AG31: =AD31*AC$6/AC$4 -> 0 | AI31: SNI 03-4804-1998
AA32: =AA31+0.2 -> 4 | AE32: =AB32*AC$6/AC$4 -> 0 | AF32: =AC32*AC$6/AC$4 -> 0 | AG32: =AD32*AC$6/AC$4 -> 0
E33: Tegangan geser max/Max. shear strength | K33: τ | L33: kg/cm2 | M33: =AE47 -> 0 | O33: =AF47 -> 0 | Q33: =AG47 -> 0 | AA33: =AA32+0.2 -> 4.2 | AE33: =AB33*AC$6/AC$4 -> 0 | AF33: =AC33*AC$6/AC$4 -> 0 | AG33: =AD33*AC$6/AC$4 -> 0
E34: Tegangan normal/Normal strength | K34: σ | L34: kg/cm2 | M34: =AA49 -> 0.36085874 | O34: =AA50 -> 0.72171748 | Q34: =AB51 -> 0 | AA34: =AA33+0.2 -> 4.4 | AE34: =AB34*AC$6/AC$4 -> 0 | AF34: =AC34*AC$6/AC$4 -> 0 | AG34: =AD34*AC$6/AC$4 -> 0
AA35: =AA34+0.2 -> 4.6 | AE35: =AB35*AC$6/AC$4 -> 0 | AF35: =AC35*AC$6/AC$4 -> 0 | AG35: =AD35*AC$6/AC$4 -> 0 | AI35: Berat alat penakar Kosong (w1) | AL35: g | AM35: 161.8
E36: Sudut geser dalam /angel of internal friction | K36: φ | L36: o | M36: =AD51 -> 0 | O36: =AD51 -> 0 | Q36: =AD51 -> 0 | AA36: =AA35+0.2 -> 4.8 | AE36: =AB36*AC$6/AC$4 -> 0 | AF36: =AC36*AC$6/AC$4 -> 0 | AG36: =AD36*AC$6/AC$4 -> 0 | AI36: Berat tanah basah + alat penakar(W2) | AL36: g
E37: Kohesi/Cohesion | K37: Cu | L37: kg/cm2 | M37: =AB48 -> 0 | O37: =M37 -> 0 | Q37: =M37 -> 0 | AA37: =AA36+0.2 -> 5 | AE37: =AB37*AC$6/AC$4 -> 0 | AF37: =AC37*AC$6/AC$4 -> 0 | AG37: =AD37*AC$6/AC$4 -> 0 | AI37: Berat tanah basah | AL37: g | AM37: =AM36-AM35 -> -161.8
E38: Kuat geser langsung/direct shear | K38: S | L38: kg/cm2 | M38: =M34*TAN(RADIANS(M36))+M37 -> 0 | O38: =O34*TAN(RADIANS(O36))+O37 -> 0 | Q38: =Q34*TAN(RADIANS(Q36))+Q37 -> 0 | AA38: =AA37+0.2 -> 5.2 | AE38: =AB38*AC$6/AC$4 -> 0 | AF38: =AC38*AC$6/AC$4 -> 0 | AG38: =AD38*AC$6/AC$4 -> 0
L39: Kpa | M39: =M38*98.0665 -> 0 | O39: =O38*98.0665 -> 0 | Q39: =Q38*98.0665 -> 0 | AA39: =AA38+0.2 -> 5.4 | AE39: =AB39*AC$6/AC$4 -> 0 | AF39: =AC39*AC$6/AC$4 -> 0 | AG39: =AD39*AC$6/AC$4 -> 0 | AI39: Volume alat penakar | AL39: cm3 | AM39: =1000-130 -> 870
AA40: =AA39+0.2 -> 5.6 | AE40: =AB40*AC$6/AC$4 -> 0 | AF40: =AC40*AC$6/AC$4 -> 0 | AG40: =AD40*AC$6/AC$4 -> 0
AA41: =AA40+0.2 -> 5.8 | AE41: =AB41*AC$6/AC$4 -> 0 | AF41: =AC41*AC$6/AC$4 -> 0 | AG41: =AD41*AC$6/AC$4 -> 0 | AI41: Berat isi tanah basah (p) | AL41: gr/cm3 | AM41: =AM37/AM39 -> -0.18597701
AA42: =AA41+0.2 -> 6 | AE42: =AB42*AC$6/AC$4 -> 0 | AF42: =AC42*AC$6/AC$4 -> 0 | AG42: =AD42*AC$6/AC$4 -> 0
AA43: =AA42+0.2 -> 6.2 | AE43: =AB43*AC$6/AC$4 -> 0 | AF43: =AC43*AC$6/AC$4 -> 0 | AG43: =AD43*AC$6/AC$4 -> 0 | AI43: Berat tanah kering + alat penakar | AL43: gr
AA44: =AA43+0.2 -> 6.4 | AE44: =AB44*AC$6/AC$4 -> 0 | AF44: =AC44*AC$6/AC$4 -> 0 | AG44: =AD44*AC$6/AC$4 -> 0 | AI44: Berat Tanah kering | AL44: gr | AM44: =AM43-AM35 -> -161.8
AI46: Berat isi tanah Kering | AL46: gr/cm3 | AM46: =AM44/AM39 -> -0.18597701
AA47: x | AB47: y | AD47: MAX | AE47: =MAX(AE14:AE46) -> 0 | AF47: =MAX(AF14:AF46) -> 0 | AG47: =MAX(AG14:AG46) -> 0
AA48: 0 | AB48: =(((AA48-AA49)/(AA51-AA49))*(AB51-AB49)+AB49) -> 0
AA49: =AB9/AC4*10 -> 0.36085874 | AB49: =AE47 -> 0 | AD49: nilai kohesi
AA50: =AC9/AC4*10 -> 0.72171748 | AB50: =AF47 -> 0 | AD50: =((AB51-AB49)/(AA51-AA49)) -> 0 | AF50: x | AG50: y
AA51: =AD9/AC4*10 -> 1.443435 | AB51: =AG47 -> 0 | AD51: =DEGREES(ATAN(AD50)) -> 0 | AF51: =AA48 -> 0 | AG51: =AB48 -> 0
AA52: 6 | AB52: =(((AA52-AA49)/(AA51-AA49)*(AB51-AB49)+AB49)) -> 0 | AF52: =AA51 -> 1.443435 | AG52: =AB51 -> 0
AA53: Tanah Non Kohesif | AT53: *
AA54: SPECIMENT TANAH | AE54: A | AF54: B | AG54: C | AI54: No Cawan | AJ54: Berat Cawan (g)
AA55: Massa tanah basah + ring | AD55: gr | AI55: A | AJ55: 9.633
AA56: Massa ring | AD56: gr | AE56: 118.162 | AF56: =AE56 -> 118.162 | AG56: =AE56 -> 118.162 | AI56: B | AJ56: 9.693
AI57: C | AJ57: 9.8
AA58: Tinggi awal Contoh | AD58: cm | AE58: 2.49 | AF58: =AE58 -> 2.49 | AG58: =AE58 -> 2.49 | AI58: D | AJ58: 9.757
AA59: Tinggi akhir | AD59: cm | AI59: E | AJ59: 9.668
AA60: Diameter Contoh | AD60: cm | AE60: 5.94 | AF60: =AE60 -> 5.94 | AG60: =AE60 -> 5.94 | AI60: F | AJ60: 9.575
AA61: Area | AD61: cm2 | AE61: =(AE60^2/4)*3.14 -> 27.697626 | AF61: =(AF60^2/4)*3.14 -> 27.697626 | AG61: =(AG60^2/4)*3.14 -> 27.697626 | AI61: G | AJ61: 9.748
AA62: Vol contoh | AD62: cm3 | AE62: =AE61*AE58 -> 68.967089 | AF62: =AF61*AF58 -> 68.967089 | AG62: =AG61*AG58 -> 68.967089 | AI62: H | AJ62: 9.431
AI63: I | AJ63: 9.446
AA64: Berat tanah basah | AD64: gr/cm3 | AE64: =AE55-AE56 -> -118.162 | AF64: =AF55-AF56 -> -118.162 | AG64: =AG55-AG56 -> -118.162 | AI64: J | AJ64: 9.578
AA65: Rata-rata berat tanah basah | AD65: gr/cm3 | AE65: =AVERAGE(AE64:AG64) -> -118.162 | AI65: K | AJ65: 9.558
AI66: L | AJ66: 9.704
AA67: Berat Isi basah | AD67: g/cm3 | AE67: =AE64/AE62 -> -1.71331 | AF67: =AF64/AF62 -> -1.71331 | AG67: =AG64/AG62 -> -1.71331
AA69: Data Kadar Air
AA70: Massa tanah basah+cawan | AD70: gr
AA71: Massa tanah kering+cawan | AD71: gr
AA72: Massa air | AD72: gr | AE72: =AE70-AE71 -> 0 | AF72: =AF70-AF71 -> 0 | AG72: =AG70-AG71 -> 0
AA73: Massa cawan | AD73: gr | AE73: =VLOOKUP(AE69,$AI$54:$AJ$66,2,0) -> #N/A | AF73: =VLOOKUP(AF69,$AI$54:$AJ$66,2,0) -> #N/A | AG73: =VLOOKUP(AG69,$AI$54:$AJ$66,2,0) -> #N/A
AA74: Massa tanah kering | AD74: gr | AE74: =AE71-AE73 -> #N/A | AF74: =AF71-AF73 -> #N/A | AG74: =AG71-AG73 -> #N/A
AA75: Kadar air | AD75: % | AE75: =AE72/AE74*100 -> #N/A | AF75: =AF72/AF74*100 -> #N/A | AG75: =AG72/AG74*100 -> #N/A
AA76: Rata-rata kadar air | AD76: % | AE76: =AVERAGE(AE75:AG75) -> #N/A
AA78: Berat isi tanah kering | AD78: gr/cm3 | AE78: =AE74/AE62 -> #N/A | AF78: =AF74/AF62 -> #N/A | AG78: =AG74/AG62 -> #N/A
AQ121: 45

Sheet PB
F3: GEOLAND QUATTRO TECHNOLAB
F4: JL. Nata Endah, Komplek Indahco No.22 Kel. Margahayu Tengah
F5: Kec. Margahayu, Kab. Bandung 40225
F6: Telp/WhatsApp : 082115618130
F7: Email : geolandquattro@gmail.com; geolandquattro@geolandtechnolab.com
C9: PERMEABILITY - FALLING HEAD TEST
C10: SNI 03-6870 : 2002
C11: Deskripsi Sampel / Sample Description
C12: Pelanggan / Client | G12: : | H12: =Details!B4 -> PT Itamatra Nusantara | N12: Penguji / Test by | P12: : | Q12: PT. MGS
C13: Proyek / Project | G13: : | H13: =Details!B8 -> hidroplogi | N13: No. PKS | P13: : | Q13: 001/PKS GQT-MGS/VIII/2025
C14: Id Lab / Lab ID | G14: : | H14: =Details!B7 -> 23-GQT--19-UDS-1-BH-05-0,00-0,50-100726-001 | N14: Tanggal / Dated | P14: : | Q14: =Details!B36 -> 46224
C15: No Sampel / Sample No | G15: : | H15: =Details!B1 -> BH-05_UDS-01 | N15: Diperiksa / Checked by | P15: : | Q15: =Details!B22 -> AS Sumartadji
C16: Kedalaman / Depth | G16: : | H16: =Details!B13&" m" -> 0,00-0,50 m | N16: No. Lampiran | P16: : | Q16: =Details!B2 -> MGS/02/VI/2026
C17: Jenis Tanah / Soil Type | G17: : | H17: =Details!B14 -> silty CLAY with sand
C18: Warna / Colour | G18: : | H18: =Details!B15 -> Abu-abu / Gray
C19: Jenis Sampel / Sample Type | G19: : | H19: =Details!B16 -> Undisturbed Sample / UDS
E20: =Details!C16 -> The samples were received as Undisturbed Sample / UDS and the validity of the sampling process was not verified by the laboratory.
V22: 2.3 (f/F) . (l/t) log (h1/h2)
D23: SOIL PARAMTER | N23: APPARATUS PERMEAMETER
D24: Moisture Content | F24: Wn | G24: : | H24: =PP!J33 -> 44.621389 | I24: % | N24: Sample | P24: : | Q24: 6.37 | R24: cm
D25: Weight of Sample | F25: Wn | G25: : | H25: =Q31 -> 0 | I25: gr | N25: Apipe | P25: : | Q25: 0.866 | R25: cm2
D26: Leght of Sample | F26: L | G26: : | H26: 6 | I26: cm | N26: Asample | P26: : | Q26: 31.869 | R26: cm2
D27: Specfic Gravity | F27: Gs | G27: : | H27: =PP!J24 -> 2.6497359 | I27: - | N27: Weight tara
D28: Unit Weight | F28: Yn | G28: : | H28: =PP!J39 -> 1.6849798 | I28: gr/cm3
D29: Dry Weight | F29: ρd | G29: : | H29: =PP!J41 -> 1.1650972 | I29: gr/cm3 | N29: W1 | P29: : | R29: gr
D30: Porosity | F30: n | G30: : | H30: =PP!J43 -> 0.56029686 | I30: % | N30: W1 + Contoh = W2 | P30: : | R30: gr
D31: Void Ratio | F31: e | G31: : | H31: =PP!J42 -> 1.2742617 | N31: W2 - W1 = W | P31: : | Q31: =Q30-Q29 -> 0 | R31: gr
E35: Date | H35: Time | J35: t | K35: h1 | L35: h2 | M35: h1/h2 | N35: log h1/h2 | O35: l/t | P35: temp | R35: k
J36: s | K36: cm | L36: cm | O36: cm/s | R36: cm/s | V36: Tanggal
E38: =W36 -> 0 | H38: =W38 -> 0 | K38: =X39 -> 0 | V38: Waktu | X38: Nilai
E39: =E38 -> 0 | H39: =H38+TIME(0,0,$J$39) -> 0 | J39: =W39 -> 0 | L39: =K41 -> 0 | M39: =IFERROR(K38/L39, "") | N39: =IFERROR(LOG(M39), "") | O39: =IFERROR($H$26/J39, "") | P39: 26 | R39: =IFERROR((2.3*($Q$25/$Q$26)*O39*N39), "") | V39: Detik | Y39: 1
Y40: 2
E41: =E39 -> 0 | H41: =H39 -> 0 | K41: =X40 -> 0 | Y41: 3
E42: =$E$38 -> 0 | H42: =H41+TIME(0,0,$J$39) -> 0 | J42: =J39 -> 0 | L42: =K44 -> 0 | M42: =IFERROR(K41/L42, "") | N42: =IFERROR(LOG(M42), "") | O42: =IFERROR($H$26/J42, "") | P42: 26 | R42: =IFERROR((2.3*($Q$25/$Q$26)*O42*N42), "") | Y42: 4
Y43: 5
E44: =$E$38 -> 0 | H44: =H42 -> 0 | K44: =X41 -> 0 | Y44: 6
E45: =$E$38 -> 0 | H45: =H44+TIME(0,0,$J$39) -> 0 | J45: =J42 -> 0 | L45: =K47 -> 0 | M45: =IFERROR(K44/L45, "") | N45: =IFERROR(LOG(M45), "") | O45: =IFERROR($H$26/J45, "") | P45: 26 | R45: =IFERROR((2.3*($Q$25/$Q$26)*O45*N45), "")
E47: =$E$38 -> 0 | H47: =H45 -> 0 | K47: =X42 -> 0
E48: =$E$38 -> 0 | H48: =H47+TIME(0,0,$J$39) -> 0 | J48: =J45 -> 0 | L48: =K50 -> 0 | M48: =IFERROR(K47/L48, "") | N48: =IFERROR(LOG(M48), "") | O48: =IFERROR($H$26/J48, "") | P48: 26 | R48: =IFERROR((2.3*($Q$25/$Q$26)*O48*N48), "")
E50: =$E$38 -> 0 | H50: =H48 -> 0 | K50: =X43 -> 0
E51: =$E$38 -> 0 | H51: =H50+TIME(0,0,$J$39) -> 0 | J51: =J48 -> 0 | L51: =X44 -> 0 | M51: =IFERROR(K50/L51, "") | N51: =IFERROR(LOG(M51), "") | O51: =IFERROR($H$26/J51, "") | P51: 26 | R51: =IFERROR((2.3*($Q$25/$Q$26)*O51*N51), "")
M54: =IFERROR(K53/L54, "") | N54: =IFERROR(LOG(M54), "") | O54: =IFERROR($H$26/J54, "") | R54: =IFERROR((2.3*($Q$25/$Q$26)*O54*N54), "")
O56: krata-rata (cm/sec) | R56: =IFERROR(AVERAGE(R36:R54), "")
W60: Notes :
D71: Notes :

Sheet CU_Multi Saturasi
I2: Client | J2: =Details!B4 -> PT Itamatra Nusantara
I3: Project | J3: =Details!B8 -> hidroplogi
I4: Job No. | J4: =Details!B3 -> PO-GQT-19 | N4: Date | P4: =Details!B35 -> 46223
I5: Tested By | J5: =Details!B22 -> AS Sumartadji | N5: Checked By | P5: =Details!B22 -> AS Sumartadji
A7: CU - TRIAXIAL COMPRESSION TEST
B9: Location | C9: : | D9: =Details!B9 -> Morowali Utara | K9: Sample type | M9: : | N9: =Details!B16 -> Undisturbed Sample / UDS
B10: Boring no | C10: : | D10: =Details!B1 -> BH-05_UDS-01 | K10: Soil description | M10: : | N10: =Details!B14 -> silty CLAY with sand
B11: Depth | C11: : | D11: =Details!B13 -> 0,00-0,50 | E11: m | K11: Sample no. | M11: :
B13: SPECIMEN
B14: MEASUREMENT | H14: WEIGHINGS | M14: Specimen
B15: Length (mm) | E15: Diameter (mm) | M15: initially | O15: after test
B16: 76 | E16: 38 | H16: Container no.
B17: 76 | E17: 38 | H17: Weight of wet specimen + container | L17: gr | N17: =AVERAGE(PP!J27:K27) -> 101.146 | O17: 165.28
B18: 76 | E18: 38 | H18: Weight of dry specimen + container | L18: gr | N18: =AVERAGE(PP!J28:K28) -> 73.131 | O18: 141.42
B19: Mean Lo | D19: =+AVERAGE(B16:B18) -> 76 | E19: Mean Do | F19: =+AVERAGE(E16:E18) -> 38 | H19: Weight of container | L19: gr | N19: =AVERAGE(PP!J29:K29) -> 10.3605 | O19: 0
B20: INITIAL CONDITIONS | H20: Weight of wet soil | N20: =N17-N19 -> 90.7855 | O20: =O17-O19 -> 165.28
B21: Area, Ao | E21: mm2 | F21: =(PI()/4)*F19^2 -> 1134.1149 | H21: Weight of dry soil | N21: =AVERAGE(PP!J31:K31) -> 62.7705 | O21: 141.42
B22: Volume, Vo | E22: cm3 | F22: =(F21*D19)/1000 -> 86.192736 | H22: Weight of water | L22: gr | N22: =N20-N21 -> 28.015 | O22: =O20-O21 -> 23.86
B23: Wet density | E23: kg/cm3 | F23: =N20/F22 -> 1.0532848 | H23: Moisture content | L23: % | N23: =(N22/N21)*100 -> 44.630838 | O23: =(O22/O21)*100 -> 16.87173
B24: Moisture content | E24: % | F24: =N23 -> 44.630838
B25: Dry density | E25: kg/cm3 | F25: =PP!J41 -> 1.1650972
B27: SATURATION
B29: Cell pressure | D29: Back pressure | E29: Pore pressure | F29: pwp difference | G29: B value | H29: Back pressure volume change | K29: Cell volume change LHS/ RHS
B30: kN/m2 | D30: kN/m2 | E30: kN/m2 | F30: kN/m2 | H30: before | I30: after | J30: diff. | K30: before | L30: after | M30: diff. | O30: + consol cm3 | P30: - exp. cm3
T31: For Graph :
B32: 0 | D32: 0 | E32: 0 | T32: =B32 -> 0
B33: 50 | D33: - | E33: 12 | F33: =ABS(E33-E32) -> 12 | G33: =F33/(B33-B32) -> 0.24 | T33: =B33 -> 50 | U33: =G33 -> 0.24
B34: 50 | D34: 40 | E34: 40 | H34: 29.1 | I34: 30.7 | J34: =ABS(H34-I34) -> 1.6 | T34: =B35 -> 100 | U34: =G35 -> 0.38
B35: 100 | D35: - | E35: 59 | F35: =ABS(E35-E34) -> 19 | G35: =F35/(B35-B34) -> 0.38 | T35: =B37 -> 150 | U35: =G37 -> 0.62
B36: 100 | D36: 90 | E36: 90 | H36: =I34 -> 30.7 | I36: 32 | J36: =ABS(H36-I36) -> 1.3 | T36: =B39 -> 200 | U36: =G39 -> 0.86
B37: 150 | D37: - | E37: 121 | F37: =ABS(E37-E36) -> 31 | G37: =F37/(B37-B36) -> 0.62 | T37: =B41 -> 240 | U37: =G41 -> 0.965
B38: 150 | D38: 140 | E38: 140 | H38: =I36 -> 32 | I38: 33 | J38: =ABS(H38-I38) -> 1 | T38: =B43 -> 390 | U38: =G43 -> 0.98
B39: 200 | D39: - | E39: 183 | F39: =ABS(E39-E38) -> 43 | G39: =F39/(B39-B38) -> 0.86
B40: 200 | D40: 190 | E40: 190 | H40: =I38 -> 33 | I40: 33.8 | J40: =ABS(H40-I40) -> 0.8
B41: 240 | E41: 228.6 | F41: =ABS(E41-E40) -> 38.6 | G41: =F41/(B41-B40) -> 0.965
B42: 290 | E42: 276
B43: 390 | E43: 374 | F43: =ABS(E43-E42) -> 98 | G43: =F43/(B43-B42) -> 0.98
I79: Client | J79: =J2 -> PT Itamatra Nusantara
I80: Project | J80: =J3 -> hidroplogi
I81: Job No. | J81: =J4 -> PO-GQT-19 | N81: Date | P81: =P4 -> 46223
I82: Tested By | J82: =J5 -> AS Sumartadji | N82: Checked By | P82: =P5 -> AS Sumartadji
A84: CU - TRIAXIAL COMPRESSION TEST
B86: Location | C86: : | D86: =D9 -> Morowali Utara | K86: Sample type | M86: : | N86: =N9 -> Undisturbed Sample / UDS
B87: Boring no | C87: : | D87: =D10 -> BH-05_UDS-01 | K87: Soil description | M87: : | N87: =N10 -> silty CLAY with sand
B88: Depth | C88: : | D88: =D11 -> 0,00-0,50 | E88: m | K88: Sample no. | M88: :
B90: SPECIMEN
B91: MEASUREMENT | H91: WEIGHINGS | M91: Specimen
B92: Length (mm) | E92: Diameter (mm) | M92: initially | O92: after test
H93: Container no.
H94: Weight of wet specimen + container | L94: gr
H95: Weight of dry specimen + container | L95: gr
B96: Mean Lo | D96: ='Cu_Multi Shear'!O14-'Cu_Multi Shear'!C92 -> 70.559128 | E96: Mean Do | F96: =+AVERAGE(E93:E95) -> #DIV/0! | H96: Weight of container | L96: gr
B97: INITIAL CONDITIONS | H97: Weight of wet soil
B98: Area, Ao | E98: mm2 | F98: ='Cu_Multi Shear'!O13/(1-('Cu_Multi Shear'!C92/'Cu_Multi Shear'!O14)) -> 1200.3909 | H98: Weight of dry soil
B99: Volume, Vo | E99: cm3 | F99: =(F98*D96)/1000 -> 84.698537 | H99: Weight of water | L99: gr
B100: Wet density | E100: kg/cm3 | F100: =N20/F99 -> 1.0718662 | H100: Moisture content | L100: %
B101: Moisture content | E101: % | F101: =F24 -> 44.630838
B102: Dry density | E102: kg/cm3 | F102: =N21/F99 -> 0.74110489
B104: SATURATION
B106: Cell pressure | D106: Back pressure | E106: Pore pressure | F106: pwp difference | G106: B value | H106: Back pressure volume change | K106: Cell volume change LHS/ RHS
B107: kN/m2 | D107: kN/m2 | E107: kN/m2 | F107: kN/m2 | H107: before | I107: after | J107: diff | K107: before | L107: after | M107: diff | O107: + consol cm3 | P107: - exp. cm3
T108: For Graph :
B109: 590 | D109: 390 | E109: 580 | F109: =ABS(E109-D109) -> 190 | G109: =F109/(B109-B42) -> 0.63333333 | T109: =B109 -> 590
T110: =B110 -> 0 | U110: =G110 -> 0
T111: =B112 -> 0 | U111: =G112 -> 0
T112: =B114 -> 0 | U112: =G114 -> 0
T113: =B116 -> 0 | U113: =G116 -> 0
T114: =B118 -> 0 | U114: =G118 -> 0
I156: Client | J156: =J2 -> PT Itamatra Nusantara
I157: Project | J157: =J3 -> hidroplogi
I158: Job No. | J158: =J4 -> PO-GQT-19 | N158: Date | P158: =P4 -> 46223
I159: Tested By | J159: =J5 -> AS Sumartadji | N159: Checked By | P159: =P5 -> AS Sumartadji
A161: CU - TRIAXIAL COMPRESSION TEST
B163: Location | C163: : | D163: =D9 -> Morowali Utara | K163: Sample type | M163: : | N163: =N9 -> Undisturbed Sample / UDS
B164: Boring no | C164: : | D164: =D10 -> BH-05_UDS-01 | K164: Soil description | M164: : | N164: =N87 -> silty CLAY with sand
B165: Depth | C165: : | D165: =D11 -> 0,00-0,50 | E165: m | K165: Sample no. | M165: : | N165: 3
B167: SPECIMEN
B168: MEASUREMENT | H168: WEIGHINGS | M168: Specimen
B169: Length (mm) | E169: Diameter (mm) | M169: initially | O169: after test
H170: Container no.
H171: Weight of wet specimen + container | L171: gr
H172: Weight of dry specimen + container | L172: gr
B173: Mean Lo | D173: ='Cu_Multi Shear'!O81-('Cu_Multi Shear'!C159-'Cu_Multi Shear'!C92) -> 65.287059 | E173: Mean Do | F173: =+AVERAGE(E170:E172) -> #DIV/0! | H173: Weight of container | L173: gr
B174: INITIAL CONDITIONS | H174: Weight of wet soil
B175: Area, Ao | E175: mm2 | F175: ='Cu_Multi Shear'!O80/(1-('Cu_Multi Shear'!C159-'Cu_Multi Shear'!C92)/'Cu_Multi Shear'!O81) -> 1271.4023 | H175: Weight of dry soil
B176: Volume, Vo | E176: cm3 | F176: =(F175*D173)/1000 -> 83.006119 | H176: Weight of water | L176: gr
B177: Wet density | E177: kg/cm3 | F177: =N20/F176 -> 1.0937206 | H177: Moisture content | L177: %
B178: Moisture content | E178: % | F178: =F24 -> 44.630838
B179: Dry density | E179: kg/cm3 | F179: =N21/F176 -> 0.75621533
B181: SATURATION
B183: Cell pressure | D183: Back pressure | E183: Pore pressure | F183: pwp difference | G183: B value | H183: Back pressure volume change | K183: Cell volume change LHS/ RHS
B184: kN/m2 | D184: kN/m2 | E184: kN/m2 | F184: kN/m2 | H184: before | I184: after | J184: diff | K184: before | L184: after | M184: diff | O184: + consol cm3 | P184: - exp. cm3
T185: For Graph :
B186: 790 | D186: 390 | E186: 780 | F186: =ABS(E186-D186) -> 390 | G186: =F186/(B186-B42) -> 0.78 | T186: =B186 -> 790
T187: =B187 -> 0 | U187: =G187 -> 0
T188: =B189 -> 0 | U188: =G189 -> 0
T189: =B191 -> 0 | U189: =G191 -> 0
T190: =B193 -> 0 | U190: =G193 -> 0
T191: =B195 -> 0 | U191: =G195 -> 0

Sheet Cu_Multi Consol
H2: Client | I2: =Details!B4 -> PT Itamatra Nusantara
H3: Project | I3: =Details!B8 -> hidroplogi
H4: Job No. | I4: =Details!B3 -> PO-GQT-19 | K4: Date | M4: =Details!B35 -> 46223
H5: Tested By | I5: =Details!B22 -> AS Sumartadji | K5: Checked By | M5: =Details!B22 -> AS Sumartadji
A7: CU - TRIAXIAL COMPRESSION TEST
B9: Location | C9: : | D9: =Details!B9 -> Morowali Utara | J9: Sample type | L9: : | M9: =Details!B16 -> Undisturbed Sample / UDS
B10: Boring no | C10: : | D10: =Details!B1 -> BH-05_UDS-01 | J10: Soil description | L10: : | M10: =Details!B14 -> silty CLAY with sand
B11: Depth | C11: : | D11: =Details!B13 -> 0,00-0,50 | F11: m | J11: Sample no. | L11: :
B13: CONSOLIDATION
B15: Effective pressure | E15: : | F15: 50 | G15: kN/m2
B16: Cell pressure | E16: : | F16: 240 | G16: kN/m2
B17: Back pressure | E17: : | F17: 190 | G17: kN/m2
B18: PWP after build-up | E18: : | F18: ='CU_Multi Saturasi'!E41 -> 228.6 | G18: kN/m2
B19: Difference | E19: : | F19: =F18-F17 -> 38.6 | G19: kN/m2
B20: With | D20: Side drains
B22: Date | D22: Clock time | F22: Time | H22: Volume change | J22: Pore pressure
F23: t | G23: t | H23: gauge | I23: diff | J23: reading | K23: diff | M23: dissipation
F24: minutes | I24: cm3 | J24: kN/m2 | K24: kN/m2 | M24: %
B25: =N4 -> 0 | D25: 0.33680556 | F25: 0 | G25: =SQRT(F25) -> 0 | H25: 36.9 | I25: 0 | J25: =F18 -> 228.6 | K25: 0 | M25: =(K25/$F$19)*100 -> 0
D26: 0.33697917 | F26: 0.25 | G26: =SQRT(F26) -> 0.5 | H26: 36.6 | I26: =$H$25-H26 -> 0.3 | J26: 226 | K26: =$J$25-J26 -> 2.6 | M26: =(K26/$F$19)*100 -> 6.7357513
D27: 0.33715278 | F27: 0.5 | G27: =SQRT(F27) -> 0.70710678 | H27: 36.4 | I27: =$H$25-H27 -> 0.5 | J27: 218 | K27: =$J$25-J27 -> 10.6 | M27: =(K27/$F$19)*100 -> 27.46114
D28: 0.3375 | F28: 1 | G28: =SQRT(F28) -> 1 | H28: 36.2 | I28: =$H$25-H28 -> 0.7 | J28: 214 | K28: =$J$25-J28 -> 14.6 | M28: =(K28/$F$19)*100 -> 37.823834
D29: 0.33836806 | F29: 2.25 | G29: =SQRT(F29) -> 1.5 | H29: 36 | I29: =$H$25-H29 -> 0.9 | J29: 208 | K29: =$J$25-J29 -> 20.6 | M29: =(K29/$F$19)*100 -> 53.367876
D30: =$D$25+F30/1440 -> 0.33958333 | F30: 4 | G30: =SQRT(F30) -> 2 | H30: 35.9 | I30: =$H$25-H30 -> 1 | J30: 206 | K30: =$J$25-J30 -> 22.6 | M30: =(K30/$F$19)*100 -> 58.549223
D31: =$D$25+F31/1440 -> 0.34305556 | F31: 9 | G31: =SQRT(F31) -> 3 | H31: 35.8 | I31: =$H$25-H31 -> 1.1 | J31: 203 | K31: =$J$25-J31 -> 25.6 | M31: =(K31/$F$19)*100 -> 66.321244
D32: =$D$25+F32/1440 -> 0.34791667 | F32: 16 | G32: =SQRT(F32) -> 4 | H32: 35.6 | I32: =$H$25-H32 -> 1.3 | J32: 196 | K32: =$J$25-J32 -> 32.6 | M32: =(K32/$F$19)*100 -> 84.455959
D33: =$D$25+F33/1440 -> 0.35416667 | F33: 25 | G33: =SQRT(F33) -> 5 | H33: 35.5 | I33: =$H$25-H33 -> 1.4 | J33: 195 | K33: =$J$25-J33 -> 33.6 | M33: =(K33/$F$19)*100 -> 87.046632
D34: =$D$25+F34/1440 -> 0.36180556 | F34: 36 | G34: =SQRT(F34) -> 6 | H34: 35.4 | I34: =$H$25-H34 -> 1.5 | J34: 193 | K34: =$J$25-J34 -> 35.6 | M34: =(K34/$F$19)*100 -> 92.227979
D35: =$D$25+F35/1440 -> 0.38125 | F35: 64 | G35: =SQRT(F35) -> 8 | H35: 35.4 | I35: =$H$25-H35 -> 1.5 | J35: 191 | K35: =$J$25-J35 -> 37.6 | M35: =(K35/$F$19)*100 -> 97.409326
D36: =$D$25+F36/1440 -> 0.42083333 | F36: 121 | G36: =SQRT(F36) -> 11 | H36: 35.4 | I36: =$H$25-H36 -> 1.5 | J36: 190 | K36: =$J$25-J36 -> 38.6 | M36: =(K36/$F$19)*100 -> 100
D37: =$D$25+F37/1440 -> 0.49305556 | F37: 225 | G37: =SQRT(F37) -> 15 | H37: 35.4 | I37: =$H$25-H37 -> 1.5 | J37: 190 | K37: =$J$25-J37 -> 38.6 | M37: =(K37/$F$19)*100 -> 100
D38: =$D$25+F38/1440 -> 1.09375 | F38: 1090 | G38: =SQRT(F38) -> 33.015148 | H38: 35.4 | I38: =$H$25-H38 -> 1.5 | J38: 190 | K38: =$J$25-J38 -> 38.6 | M38: =(K38/$F$19)*100 -> 100
R41: speciment diameter : | S41: ='CU_Multi Saturasi'!F19 -> 38 | T41: mm
S42: =S41/10 -> 3.8 | T42: cm
R43: volume : | S43: ='CU_Multi Saturasi'!F22 -> 86.192736 | T43: cm3
R44: eff. Preassure : | S44: =F15 -> 50 | T44: kN/m2
R45: max vol. change : | S45: =MAX(I25:I38) -> 1.5 | T45: cm3
T46: √t90 | U46: =Q62 -> 6.2 | V46: menit
S47: Nilai √t saat ΔV pertama kali = Δvmax | T47: t90
T48: =INDEX(G25:G38,MATCH(MAX(I25:I38), I25:I38,0)) -> 6 | U48: =U46^2 -> 38.44 | V48: menit
Q49: Garis 1 | T49: Dengan Side drain-menggunakan diameter (Rata-rata) /2 masing2 spesimen
Q50: x | R50: y | T50: Hdr | U50: =S41/2 -> 19 | V50: mm
Q51: 0 | R51: 0.7 | U51: =S42/2 -> 1.9 | V51: cm
Q52: 8.7 | R52: {=MAX(I25:I38+0.5)} -> 2
T53: Cv | U53: =(0.848*(U51^2)/U48) -> 0.079637877 | V53: cm2/menit
Q54: Garis 1,15 | U54: =U53/60 -> 0.001327298 | V54: cm2/sec
Q55: x | R55: y | U55: =U54*3153.6 -> 4.1857668 | V55: m2/year
Q56: 0 | R56: =R51 -> 0.7
Q57: =Q52*1.15 -> 10.005 | R57: =R52 -> 2 | T57: Mv | U57: =S45/(S43*S44) -> 0.00034805717
D58: t100 | E58: : | F58: =U46 -> 6.2 | I58: Assumed strain to failure : | K58: 5 | L58: 5 | M58: % | U58: =U57 -> 0.00034805717 | V58: m2/kN
D59: t100 | E59: : | F59: =U48 -> 38.44 | G59: min | I59: Time to failure : | K59: 2 | L59: 2 | M59: hrs | Q59: akar t90
I60: Calculated rate of strain : | K60: =(K58/100)*('CU_Multi Saturasi'!D19/('Cu_Multi Consol'!K59*60)) -> 0.031666667 | L60: =(L58/100)*('CU_Multi Saturasi'!D19/(L59*60)) -> 0.031666667 | M60: mm/min | Q60: x | R60: y | T60: K | U60: =U55*U58*9.81 -> 0.014292053 | V60: m/year
J61: mvi : | K61: =U58 -> 0.00034805717 | L61: =(I38/'CU_Multi Saturasi'!F22)*(1000/('Cu_Multi Consol'!J25-'Cu_Multi Consol'!J38)) -> 0.45085126 | M61: m2/MN | Q61: 0 | R61: =S45 -> 1.5
J62: cvi : | K62: =U55 -> 4.1857668 | L62: =2400/'Cu_Multi Consol'!F59 -> 62.434964 | M62: m2/year | Q62: 6.2 | R62: =R61 -> 1.5
Q63: =Q62 -> 6.2 | R63: =R57 -> 2
H66: Client | I66: =I2 -> PT Itamatra Nusantara
H67: Project | I67: =I3 -> hidroplogi
H68: Job No. | I68: =I4 -> PO-GQT-19 | K68: Date | M68: =M4 -> 46223
H69: Tested By | I69: =I5 -> AS Sumartadji | K69: Checked By | M69: =M5 -> AS Sumartadji
A71: CU - TRIAXIAL COMPRESSION TEST
B73: Location | C73: : | D73: =D9 -> Morowali Utara | J73: Sample type | L73: : | M73: =M9 -> Undisturbed Sample / UDS
B74: Boring no | C74: : | D74: =D10 -> BH-05_UDS-01 | J74: Soil description | L74: : | M74: =M10 -> silty CLAY with sand
B75: Depth | C75: : | D75: =D11 -> 0,00-0,50 | F75: m | J75: Sample no. | L75: :
B77: CONSOLIDATION
B79: Effective pressure | E79: : | F79: =F80-F81 -> 100 | G79: kN/m2
B80: Cell pressure | E80: : | F80: =MAX('CU_Multi Saturasi'!B32:B42) -> 290 | G80: kN/m2
B81: Back pressure | E81: : | F81: =MAX('CU_Multi Saturasi'!D32:D42) -> 190 | G81: kN/m2
B82: PWP After build-up | E82: : | F82: ='CU_Multi Saturasi'!E42 -> 276 | G82: kN/m2
B83: Difference | E83: : | F83: =F82-F81 -> 86 | G83: kN/m2
B84: =B20 -> With | D84: =D20 -> Side drains
B86: Date | D86: Clock time | F86: Time | H86: Volume change | J86: Pore pressure
F87: t | G87: t | H87: gauge | I87: diff | J87: reading | K87: diff | M87: dissipation
F88: minutes | I88: cm3 | J88: kN/m2 | K88: kN/m2 | M88: %
B89: =N68 -> 0 | D89: 0.34027778 | F89: 0 | G89: =SQRT(F89) -> 0 | H89: 32.8 | I89: 0 | J89: =F82 -> 276 | K89: 0 | M89: =(K89/$F$19)*100 -> 0
D90: 0.34045139 | F90: 0.25 | G90: =SQRT(F90) -> 0.5 | H90: 32.4 | I90: =$H$89-H90 -> 0.4 | J90: 265 | K90: =$J$89-J90 -> 11 | M90: =(K90/$F$83)*100 -> 12.790698
D91: 0.340625 | F91: 0.5 | G91: =SQRT(F91) -> 0.70710678 | H91: 32.2 | I91: =$H$89-H91 -> 0.6 | J91: 247 | K91: =$J$89-J91 -> 29 | M91: =(K91/$F$83)*100 -> 33.72093
D92: 0.34097222 | F92: 1 | G92: =SQRT(F92) -> 1 | H92: 32 | I92: =$H$89-H92 -> 0.8 | J92: 242 | K92: =$J$89-J92 -> 34 | M92: =(K92/$F$83)*100 -> 39.534884
D93: =$D$89+F93/1440 -> 0.34184028 | F93: 2.25 | G93: =SQRT(F93) -> 1.5 | H93: 31.8 | I93: =$H$89-H93 -> 1 | J93: 235 | K93: =$J$89-J93 -> 41 | M93: =(K93/$F$83)*100 -> 47.674419
D94: =$D$89+F94/1440 -> 0.34305556 | F94: 4 | G94: =SQRT(F94) -> 2 | H94: 31.6 | I94: =$H$89-H94 -> 1.2 | J94: 227 | K94: =$J$89-J94 -> 49 | M94: =(K94/$F$83)*100 -> 56.976744
D95: =$D$89+F95/1440 -> 0.34652778 | F95: 9 | G95: =SQRT(F95) -> 3 | H95: 31.3 | I95: =$H$89-H95 -> 1.5 | J95: 215 | K95: =$J$89-J95 -> 61 | M95: =(K95/$F$83)*100 -> 70.930233
D96: =$D$89+F96/1440 -> 0.35138889 | F96: 16 | G96: =SQRT(F96) -> 4 | H96: 31.2 | I96: =$H$89-H96 -> 1.6 | J96: 205 | K96: =$J$89-J96 -> 71 | M96: =(K96/$F$83)*100 -> 82.55814
D97: =$D$89+F97/1440 -> 0.35763889 | F97: 25 | G97: =SQRT(F97) -> 5 | H97: 31.1 | I97: =$H$89-H97 -> 1.7 | J97: 200 | K97: =$J$89-J97 -> 76 | M97: =(K97/$F$83)*100 -> 88.372093
D98: =$D$89+F98/1440 -> 0.36527778 | F98: 36 | G98: =SQRT(F98) -> 6 | H98: 31.1 | I98: =$H$89-H98 -> 1.7 | J98: 197 | K98: =$J$89-J98 -> 79 | M98: =(K98/$F$83)*100 -> 91.860465
D99: =$D$89+F99/1440 -> 0.38472222 | F99: 64 | G99: =SQRT(F99) -> 8 | H99: 31.1 | I99: =$H$89-H99 -> 1.7 | J99: 192 | K99: =$J$89-J99 -> 84 | M99: =(K99/$F$83)*100 -> 97.674419
D100: =$D$89+F100/1440 -> 0.42430556 | F100: 121 | G100: =SQRT(F100) -> 11 | H100: 31.1 | I100: =$H$89-H100 -> 1.7 | J100: 190 | K100: =$J$89-J100 -> 86 | M100: =(K100/$F$83)*100 -> 100
D101: =$D$89+F101/1440 -> 0.49652778 | F101: 225 | G101: =SQRT(F101) -> 15 | H101: 31.1 | I101: =$H$89-H101 -> 1.7 | J101: 190 | K101: =$J$89-J101 -> 86 | M101: =(K101/$F$83)*100 -> 100
D102: =$D$89+F102/1440 -> 1.0972222 | F102: 1090 | G102: =SQRT(F102) -> 33.015148 | H102: 31.1 | I102: =$H$89-H102 -> 1.7 | J102: 190 | K102: =$J$89-J102 -> 86 | M102: =(K102/$F$83)*100 -> 100
R105: speciment diameter : | S105: =S41 -> 38 | T105: mm
S106: =S42 -> 3.8 | T106: cm
R107: volume : | S107: =S43 -> 86.192736 | T107: cm3
R108: eff. Preassure : | S108: =F79 -> 100 | T108: kN/m2
R109: max vol. change : | S109: =MAX(I89:I102) -> 1.7 | T109: cm3
T110: √t90 | U110: =Q126 -> 5 | V110: menit
S111: Nilai √t saat ΔV pertama kali = Δvmax | T111: t90
T112: =INDEX(G89:G102,MATCH(MAX(I89:I102), I89:I102,0)) -> 5 | U112: =U110^2 -> 25 | V112: menit
Q113: Garis 1 | T113: Dengan Side drain-menggunakan diameter (Rata-rata) /2 masing2 spesimen
Q114: x | R114: y | T114: Hdr | U114: =S105/2 -> 19 | V114: mm
Q115: 0 | R115: 0.8 | U115: =S106/2 -> 1.9 | V115: cm
Q116: 6.7 | R116: {=MAX(I89:I102+0.5)} -> 2.2
T117: Cv | U117: =(0.848*(U115^2)/U112) -> 0.1224512 | V117: cm2/menit
...

Sheet Cu_Multi Shear
J2: Client | K2: ='CU_Multi Saturasi'!J2 -> PT Itamatra Nusantara
J3: Project | K3: ='CU_Multi Saturasi'!J3 -> hidroplogi
J4: Job No. | K4: ='CU_Multi Saturasi'!J4 -> PO-GQT-19 | O4: Date | P4: ='CU_Multi Saturasi'!P4 -> 46223
J5: Tested By | K5: ='CU_Multi Saturasi'!J5 -> AS Sumartadji | O5: Checked By | P5: ='CU_Multi Saturasi'!P5 -> AS Sumartadji
B7: CU - TRIAXIAL COMPRESSION TEST
S8: Ev | T8: =('Cu_Multi Consol'!I38/'CU_Multi Saturasi'!F22)*100 -> 1.7402859
C9: Location | D9: : | E9: ='CU_Multi Saturasi'!D9 -> Morowali Utara | L9: Sample type | N9: : | O9: ='CU_Multi Saturasi'!N9 -> Undisturbed Sample / UDS | S9: 1/3 Ev | T9: =T8*(1/3) -> 0.58009529
C10: Boring no. | D10: : | E10: ='CU_Multi Saturasi'!D10 -> BH-05_UDS-01 | L10: Soil description | N10: : | O10: ='CU_Multi Saturasi'!N10 -> silty CLAY with sand | S10: 2/3 Ev | T10: =T8*(2/3) -> 1.1601906
C11: Depth | D11: : | E11: ='CU_Multi Saturasi'!D11 -> 0,00-0,50 | G11: m | L11: Sample no. | N11: : | O11: ='CU_Multi Saturasi'!N11 -> 0
C13: Effective pressure | F13: : | G13: ='Cu_Multi Consol'!F15 -> 50 | H13: kN/m2 | L13: Consolidated area, Ac | N13: : | O13: ='CU_Multi Saturasi'!F21*(1-('Cu_Multi Shear'!T10/100)) -> 1120.9571 | P13: cm2
C14: Cell pressure | F14: : | G14: ='Cu_Multi Consol'!F16 -> 240 | H14: kN/m2 | L14: Consolidated length, Lc | N14: : | O14: ='CU_Multi Saturasi'!D19*(1-('Cu_Multi Shear'!T9/100)) -> 75.559128 | P14: mm
C15: Back pressure | F15: : | G15: ='Cu_Multi Consol'!F17 -> 190 | H15: kN/m2 | L15: Consolidated volume, Vc | N15: : | O15: ='CU_Multi Saturasi'!F22-'Cu_Multi Consol'!I38 -> 84.692736 | P15: cm3
C16: PWP after build-up | F16: : | G16: ='Cu_Multi Consol'!F18 -> 228.6 | H16: kN/m2 | L16: Proving ring no. | N16: :
C17: Difference | F17: : | G17: ='Cu_Multi Consol'!F19 -> 38.6 | H17: kN/m2 | L17: PR calibration | N17: : | O17: 1.183 | P17: N/div
C18: ='Cu_Multi Consol'!B20 -> With | E18: ='Cu_Multi Consol'!D20 -> Side drains
B20: SHEARING
B22: Axial strain | E22: e | G22: Axial force | I22: Pore pressure | K22: Deviator stress | L22: Stress ratio
B23: Reading | C23: DL | G23: Reading | H23: Load | I23: U | J23: U diff | K23: s1-s3 | L23: s1 | M23: s1' | O23: s3' | P23: s1' / s3'
C24: mm | E24: % | G24: div | H24: N | I24: kN/m2 | K24: kN/m2 | L24: kN/m2 | M24: kN/m2 | O24: kN/m2
B25: 0 | C25: 0 | E25: =(C25/$O$14)*100 -> 0 | G25: 0 | H25: 0 | I25: 190 | J25: 0 | K25: 0 | L25: =$G$14+K25 -> 240 | M25: =L25-I25 -> 50 | O25: =$G$14-I25 -> 50 | P25: =M25/O25 -> 1
B26: =B25+20 -> 20 | C26: =(B26-$B$25)/100 -> 0.2 | E26: =(C26/$O$14)*100 -> 0.26469337 | G26: 11 | H26: =G26*$O$17 -> 13.013 | I26: 190.5 | J26: =I26-$I$25 -> 0.5 | K26: =(H26/$O$13)*((1-(E26/100)))*1000 -> 11.578102 | L26: =$G$14+K26 -> 251.5781 | M26: =L26-I26 -> 61.078102 | O26: =$G$14-I26 -> 49.5 | P26: =M26/O26 -> 1.2339011
B27: =B26+20 -> 40 | C27: =(B27-$B$25)/100 -> 0.4 | E27: =(C27/$O$14)*100 -> 0.52938674 | G27: 20 | H27: =G27*$O$17 -> 23.66 | I27: 191 | J27: =I27-$I$25 -> 1 | K27: =(H27/$O$13)*((1-(E27/100)))*1000 -> 20.995226 | L27: =$G$14+K27 -> 260.99523 | M27: =L27-I27 -> 69.995226 | O27: =$G$14-I27 -> 49 | P27: =M27/O27 -> 1.428474
B28: =B27+20 -> 60 | C28: =(B28-$B$25)/100 -> 0.6 | E28: =(C28/$O$14)*100 -> 0.79408011 | G28: 33 | H28: =G28*$O$17 -> 39.039 | I28: 192.1 | J28: =I28-$I$25 -> 2.1 | K28: =(H28/$O$13)*((1-(E28/100)))*1000 -> 34.54994 | L28: =$G$14+K28 -> 274.54994 | M28: =L28-I28 -> 82.44994 | O28: =$G$14-I28 -> 47.9 | P28: =M28/O28 -> 1.7212931
