Workbook
Name TTD_: TTD!$B$3:$C$8
Name TTD_1ATB: INDIRECT('WS-ATB'!$T$9)
Name TTD_1CBRS: INDIRECT('WS-CBRSoaked'!$T$9)
Name TTD_1CBRU: INDIRECT('WS-CBR unsoaked'!$T$9)
Name TTD_1CDR: INDIRECT('WS_CD Residual '!$T$9)
Name TTD_1CMPM: INDIRECT('WS-modified proctor'!$T$9)
Name TTD_1CMPS: INDIRECT('WS-standard Proctor'!$T$9)
Name TTD_1CON: INDIRECT('WS-Konsolidasi'!$T$9)
Name TTD_1DSCD: INDIRECT('WS_DS-CD'!$T$9)
Name TTD_1DSUU: INDIRECT('WS_DS-UU'!$T$9)
Name TTD_1PP: INDIRECT('WS-PP'!$Y$9)
Name TTD_1SH: INDIRECT('WS-Sieve dan hidrometer'!$T$9)
Name TTD_1TCUM: INDIRECT('WS-TRX-CU Multi'!$T$9)
Name TTD_1TCUN: INDIRECT('WS-TRX-CD'!$T$9)
Name TTD_1TCUN: INDIRECT('WS-TRX-CU Normal'!$T$9)
Name TTD_1TUU: INDIRECT('WS-TRX-UU'!$T$9)
Name TTD_1UCT: INDIRECT('WS-UCT'!$T$9)
Name TTD_2ATB: INDIRECT('WS-ATB'!$T$10)
Name TTD_2CBRS: INDIRECT('WS-CBRSoaked'!$T$10)
Name TTD_2CBRU: INDIRECT('WS-CBR unsoaked'!$T$10)
Name TTD_2CDR: INDIRECT('WS_CD Residual '!$T$10)
Name TTD_2CMPM: INDIRECT('WS-modified proctor'!$T$10)
Name TTD_2CMPS: INDIRECT('WS-standard Proctor'!$T$10)
Name TTD_2CON: INDIRECT('WS-Konsolidasi'!$T$10)
Name TTD_2DSCD: INDIRECT('WS_DS-CD'!$T$10)
Name TTD_2DSUU: INDIRECT('WS_DS-UU'!$T$10)
Name TTD_2PP: INDIRECT('WS-PP'!$Y$10)
Name TTD_2SH: INDIRECT('WS-Sieve dan hidrometer'!$T$10)
Name TTD_2TCUM: INDIRECT('WS-TRX-CU Multi'!$T$10)
Name TTD_2TCUN: INDIRECT('WS-TRX-CD'!$T$10)
Name TTD_2TCUN: INDIRECT('WS-TRX-CU Normal'!$T$10)
Name TTD_2TUU: INDIRECT('WS-TRX-UU'!$T$10)
Name TTD_2UCT: INDIRECT('WS-UCT'!$T$10)
Name TTD_3ATB: INDIRECT('WS-ATB'!$T$11)
Name TTD_3CBRS: INDIRECT('WS-CBRSoaked'!$T$11)
Name TTD_3CBRU: INDIRECT('WS-CBR unsoaked'!$T$11)
Name TTD_3CDR: INDIRECT('WS_CD Residual '!$T$11)
Name TTD_3CMPM: INDIRECT('WS-modified proctor'!$T$11)
Name TTD_3CON: INDIRECT('WS-Konsolidasi'!$T$11)
Name TTD_3DSCD: INDIRECT('WS_DS-CD'!$T$11)
Name TTD_3DSUU: INDIRECT('WS_DS-UU'!$T$11)
Name TTD_3PP: INDIRECT('WS-PP'!$Y$11)
Name TTD_3SH: INDIRECT('WS-Sieve dan hidrometer'!$T$11)
Name TTD_3TCUM: INDIRECT('WS-TRX-CU Multi'!$T$11)
Name TTD_3TCUN: INDIRECT('WS-TRX-CD'!$T$11)
Name TTD_3TCUN: INDIRECT('WS-TRX-CU Normal'!$T$11)
Name TTD_3TUU: INDIRECT('WS-TRX-UU'!$T$11)
Name TTD_3UCT: INDIRECT('WS-UCT'!$T$11)
Name TTD_A.SUMARTADJI: TTD!$B$12:$E$18
Name TTD_CMPS: INDIRECT('WS-standard Proctor'!$T$11)
Name TTD_NOUFAL: TTD!$B$19:$D$25
Name TTD_RAFLY: TTD!$B$28:$D$33
Name TTD_RIZKI: TTD!$B$36:$D$42
Name X_UCS_Remoulded: OFFSET(#REF!,0,0,COUNT(#REF!),1)
Name X_UCS_Undisturbed: OFFSET(#REF!,0,0,COUNT(#REF!),1)
Name X_UU: OFFSET(#REF!,0,0,COUNT(#REF!),1)
Name X_UU_1kg: OFFSET(#REF!,0,0,COUNT(#REF!),1)
Name X_UU_2kg: OFFSET(#REF!,0,0,COUNT(#REF!),1)
Name Y_UCS_Remoulded: OFFSET(#REF!,0,0,COUNT(#REF!),1)
Name Y_UCS_Undisturbed: OFFSET(#REF!,0,0,COUNT(#REF!),1)

Sheet TTD
G14: A.SUMARTADJI
G20: M.NOUFAL
G30: RAFLY R.
G37: RIZKI W.

Sheet Template LHU
F1: LABORATORIUM MEKANIKA TANAH
F2: PT. MINEARTH GEO SOLUTION
F3: LABORATORY TEST REPORT
A6: No. Laporan / Report No. | E6: =": " & IF('DATA INDUK'!$H$17="","",'DATA INDUK'!$H$17) -> : 23/MGS/53/II/2026
A7: Revisi / Revision | E7: =": "&IF('DATA INDUK'!$H$18="","",'DATA INDUK'!$H$18) -> : R0 | J7: Tgl. Laporan / Report Date | M7: =": "&IF('DATA INDUK'!$H$19="","",TEXT('DATA INDUK'!$H$19,"dd mmmm yyyy")) -> : 29 January 2026 | T7: Halaman/Pages | W7: =": 1 dari x" -> : 1 dari x
A9: INFORMASI PROYEK /PROJECT INFORMATION | N9: INFORMASI CONTOH / SAMPLE INFORMATION
A11: Nama Proyek / Project Name | N11: Kode Laboratorium / Laboratory Id.
A12: =IF('DATA INDUK'!$H$2="","",'DATA INDUK'!$H$2) -> BSI Candrian Waste Dump Extension Study | N12: =IF('WS-PP'!D7="","",'WS-PP'!D7) -> 26-001-DS-001
A13: Lokasi Proyek / Location | E13: =": "&IF('DATA INDUK'!$H$3="","",'DATA INDUK'!$H$3) -> : Banyuwangi - JAWA TIMUR | N13: No. Contoh / Sample Id. | S13: =": "&IF('WS-PP'!D9="","",'WS-PP'!D9) -> #N/A
A14: No. PO / PO Number | E14: =": "&IF('DATA INDUK'!$H$9="","",'DATA INDUK'!$H$9) -> : PO-GQT-001 | N14: Kedalaman / Depth (m) | S14: =": "&IF('WS-PP'!D10="","",'WS-PP'!D10) -> #N/A
N15: Jenis Contoh / Sample Type | S15: =": "&IF('WS-PP'!D11="","",'WS-PP'!D11) -> : Disturbed Sample
A17: IDENTITAS KLIEN / CLIENT INFORMATION | N17: Deskripsi Tanah / Soil Description | S17: =": "&IF('WS-PP'!D12="","",'WS-PP'!D12) -> : Lempung / Clay
N18: Warna Tanah / Soil Color | S18: =": "&IF('WS-PP'!D13="","",'WS-PP'!D13) -> : Coklat Kekuningan / Yellowish Brown
A19: Klien / Client | E19: =": "&IF('DATA INDUK'!$H$4="","",'DATA INDUK'!$H$4) -> : PT. GEOLAND QUATRO TECHNOLAB
N20: Tgl.Diterima / Date Received | S20: =": "&IF('DATA INDUK'!H13="","",TEXT('DATA INDUK'!H13,"dd mmmm yyyy")) -> : 05 January 2026
A21: Alamat / Address | E21: =": "&IF('DATA INDUK'!$H$6="","",'DATA INDUK'!H6) -> : Kab. Bandung - JAWA BARAT
N22: Tgl Pengujian / Date Tested | S22: =": "&IF('WS-PP'!T12="","",TEXT('WS-PP'!T12,"dd mmmm yyyy")) -> : 05 January 2026
A26: ='WS-PP'!A2 -> UJI SIFAT FISIK TANAH | U26: SNI
A27: ='WS-PP'!A3 -> SOIL PHYSICAL PROPERTIES TEST
C60: DIUJI OLEH / | H60: DIPERIKSA OLEH / | M60: DISETUJUI OLEH /
C61: TESTED BY | H61: CHECKED BY | M61: APPROVED BY
C66: Teknisi/Analis | H66: Koordinator Teknis | M66: Kepala Laboratorium
C67: Tgl./Date : | E67: =IF($M$7="","",$M$7-1) -> #VALUE! | H67: Tgl./Date : | J67: =IF($M$7="","",$M$7-1) -> #VALUE! | M67: Tgl./Date : | P67: =IF($M$7="","",$M$7-1) -> #VALUE!
A69: KETERANGAN / NOTES | D69: - Laporan hasil Uji ini hanya berlaku untuk contoh yang diuji | M69: - | N69: This test report applies only to the tested sample.
D70: - Dilarang memperbanyak laporan tanpa ijin tertulis dari Laboratorium | M70: - | N70: This report shall not be reproduced except in full without written approval from
D71: Mekanika Tanah PT. MINEARTH GEO SOLUTION. | N71: PT. MINEARTH GEO SOLUTION Soil Mechanics Laboratory.
D72: - Laboratorium tidak bertanggung jawab atas kegiatan pengambilan | M72: - | N72: The laboratory is not responsible for sampling,handling and sample transportation
D73: dan transportasi contoh yang dilakukan oleh pihak lain. | N73: conducted by others.
T74: ='DATA INDUK'!$BT$44 -> 23-MINEARTH-RM-LHU-DS-CD-R0
A75: Jl. Leuwisari VII No.23, Kota Bandung | K75: Telp : 022-4572503,08112183223 | S75: Email : Soil_test@minearth.co.id
A76: Jawa Barat-40235 | K76: Mobile : 0811-2183-223 | S76: Website : www.minearth.co.id
F79: LABORATORIUM MEKANIKA TANAH
F80: PT. MINEARTH GEO SOLUTION
F81: LABORATORY TEST REPORT
A84: No. Laporan / Report No. | E84: =": " & IF('DATA INDUK'!$H$17="","",'DATA INDUK'!$H$17) -> : 23/MGS/53/II/2026
A85: Revisi / Revision | E85: =": "&IF('DATA INDUK'!$H$18="","",'DATA INDUK'!$H$18) -> : R0 | J85: Tgl. Laporan / Report Date | M85: =": "&IF('DATA INDUK'!$H$19="","",TEXT('DATA INDUK'!$H$19,"dd mmmm yyyy")) -> : 29 January 2026 | T85: Halaman/Pages | W85: =": 1 dari 2" -> : 1 dari 2
A87: LAMPIRAN / APPENDIX
A140: CATATAN /NOTES : | H140: DIUJI OLEH / | L140: DIPERIKSA OLEH / | P140: DISETUJUI OLEH /
H141: TESTED BY | L141: CHECKED BY | P141: APPROVED BY
H142: =C65 -> 0
L145: =H65 -> 0 | P145: =M65 -> 0
H146: =C66 -> Teknisi/Analis | L146: =H66 -> Koordinator Teknis | P146: =M66 -> Kepala Laboratorium
H147: Tgl./Date : | J147: =E67 -> #VALUE! | L147: Tgl./Date : | N147: =J67 -> #VALUE! | P147: Tgl./Date | R147: =P67 -> #VALUE!
T149: =#REF! -> #REF!

Sheet DATA INDUK
B2: NAMA PROYEK / PROJECT ID | H2: BSI Candrian Waste Dump Extension Study
B3: LOKASI PROYEK | H3: Banyuwangi - JAWA TIMUR
B4: PEMILIK/KLIEN | H4: PT. GEOLAND QUATRO TECHNOLAB
B5: ALAMAT | F5: JL.
F6: KOTA-PROVINSI | H6: Kab. Bandung - JAWA BARAT
B7: PIC
B8: TLP
B9: NOMOR PO | H9: PO-GQT-001
B10: TGL PO
B11: NO. URUT PO | H11: 1
B12: TAHUN | H12: 2026
B13: TGL KEDATANGAN SAMPEL | H13: 46027
B14: NO. BA PENERIMAAN SAMPEL
B16: PELAPORAN
B17: NOMOR LAPORAN | H17: 23/MGS/53/II/2026
B18: REVISI | H18: R0
B19: TGL LAPORAN | H19: 46051
B21: JENIS PENGUJIAN /TEST PERFORMED
B22: NO. | C22: SAMPLE ID | D22: JENIS SAMPLE | E22: KODE SAMPEL | F22: HOLE ID | G22: SAMPEL No. | H22: LAB ID | I22: Group Composit | J22: DEPTH (m) | M22: FILE ID | N22: SPESIFIC GRAVITY | O22: MOISTURE CONTENT | P22: UNIT WEIGHT | Q22: ATTENBERG LIMIT | R22: SIEVE ANALYSIS | S22: SIEVE &HIDROMETER | T22: COMPACTION | V22: PERMEABILTY | W22: CONSOLIDATION | X22: UCT | Y22: DIRECT SHEAR | AD22: TRIAXIAL | AH22: CBR LAB. | AJ22: SHRINGKAGE LIMIT | AK22: SWELLING PRESSURE | AN22: SPESIFIC GRAVITY | AO22: MOISTURE CONTENT | AP22: UNIT WEIGHT | AQ22: ATTENBERG LIMIT | AR22: SIEVE ANALYSIS | AS22: SIEVE &HIDROMETER | AT22: COMPACTION | AV22: PERMEABILTY | AW22: CONSOLIDATION | AX22: UCT | AY22: DIRECT SHEAR | BD22: TRIAXIAL | BH22: CBR LAB. | BJ22: SHRINGKAGE LIMIT | BK22: SWELLING PRESSURE
J23: INTERVAL | K23: Depth fr. | L23: Depth to | T23: STD. PROCTOR | U23: MODIF. PROCTOR | Y23: DS-UU | Z23: DS-CU | AA23: DS - CD | AB23: DS - RESIDUAL | AC23: DS CD-RESIDUAL | AD23: TRIAXIAL UU | AE23: TRIAXIAL CU-M | AF23: TRIAXIAL CU-N | AG23: TRIAXIAL CD | AH23: CBR UNSOAKED | AI23: CBR-SOAKED | AT23: STD. PROCTOR | AU23: MODIF. PROCTOR | AY23: DS-UU | AZ23: DS-CU | BA23: DS - CD | BB23: DS - RESIDUAL | BC23: DS CD-RESIDUAL | BD23: TRIAXIAL UU | BE23: TRIAXIAL CU-M | BF23: TRIAXIAL CU-N | BG23: TRIAXIAL CD | BH23: CBR UNSOAKED | BI23: CBR-SOAKED
AB25: DS - RESIDUAL | BB25: DS - RESIDUAL | BQ25: No | BR25: J | BS25: SNI | BT25: KODE DOKUMEN
A27: DS | B27: 1 | C27: =CONCATENATE(F27,"-",G27) -> BH-04R1-SPT 15 | D27: =IF(E27="DS","Disturbed Sample", IF(E27="UDS","Undisturbed Sample", IF(E27="BS","Bulk Sample", IF(E27="CS","Composite Sample","")))) -> Disturbed Sample | E27: DS | F27: BH-04R1 | G27: SPT 15 | H27: =IF(OR($H$12="",$H$11="",E27="",B27=""),"",RIGHT($H$12,2)&"-"&TEXT($H$11,"000")&"-"&E27&"-"&TEXT(B27,"000")) -> 26-001-DS-001 | J27: =IF(AND(K27=0,L27=0), "-", TEXT(K27,"0.00")&" - "&TEXT(L27,"0.00")&" m") -> 22.50 - 22.95 m | K27: 22.5 | L27: 22.95 | M27: =TEXT(B27,"000")&"-"&C27&"-"&TEXT(K27,"0.00")&"-"&TEXT(L27,"0.00")&"m" -> 001-BH-04R1-SPT 15-22.50-22.95m | N27: 1 | O27: 1 | P27: 1 | Q27: 1 | R27: 1 | S27: 1 | T27: 1 | U27: 1 | V27: 1 | W27: 1 | X27: 1 | Y27: 1 | Z27: 1 | AA27: 1 | AB27: 1 | AC27: 1 | AD27: 1 | AE27: 1 | AF27: 1 | AG27: 1 | AH27: 1 | AI27: 1 | AJ27: 1 | AK27: 1 | AN27: =IF(N27=1,COUNTIF($N$27:N27,1),"") -> 1 | AO27: =IF(O27=1,COUNTIF($O$27:O27,1),"") -> 1 | AP27: =IF(P27=1,COUNTIF($P$27:P27,1),"") -> 1 | AQ27: =IF(Q27=1,COUNTIF($Q$27:Q27,1),"") -> 1 | AR27: =IF(R27=1,COUNTIF($R$27:R27,1),"") -> 1 | AS27: =IF(S27=1,COUNTIF($S$27:S27,1),"") -> 1 | AT27: =IF(T27=1,COUNTIF($T$27:T27,1),"") -> 1 | AU27: =IF(U27=1,COUNTIF($U$27:U27,1),"") -> 1 | AV27: =IF(V27=1,COUNTIF($V$27:V27,1),"") -> 1 | AW27: =IF(W27=1,COUNTIF($W$27:W27,1),"") -> 1 | AX27: =IF(X27=1,COUNTIF($X$27:X27,1),"") -> 1 | AY27: =IF(Y27=1,COUNTIF($Y$27:Y27,1),"") -> 1 | AZ27: =IF(Z27=1,COUNTIF($Z$27:Z27,1),"") -> 1 | BA27: =IF(AA27=1,COUNTIF($AA$27:AA27,1),"") -> 1 | BB27: =IF(AB27=1,COUNTIF($AB$27:AB27,1),"") -> 1 | BC27: =IF(AC27=1,COUNTIF($AC$27:AC27,1),"") -> 1 | BD27: =IF(AD27=1,COUNTIF($AD$27:AD27,1),"") -> 1 | BE27: =IF(AE27=1,COUNTIF($AE$27:AE27,1),"") -> 1 | BF27: =IF(AF27=1,COUNTIF($AF$27:AF27,1),"") -> 1 | BG27: =IF(AG27=1,COUNTIF($AG$27:AG27,1),"") -> 1 | BH27: =IF(AH27=1,COUNTIF($AH$27:AH27,1),"") -> 1 | BI27: =IF(AI27=1,COUNTIF($AI$27:AI27,1),"") -> 1 | BJ27: =IF(AJ27=1,COUNTIF($AJ$27:AJ27,1),"") -> 1 | BK27: =IF(AK27=1,COUNTIF($AK$27:AK27,1),"") -> 1 | BQ27: 1 | BR27: Sieve analysis & Hydrometer | BS27: 3423:2008 | BT27: 23-MINEARTH-RM-LHU-SH-R0
A28: UDS | B28: =B27+1 -> 2 | C28: =CONCATENATE(F28,"-",G28) -> BH-03-R-SPT 01 | D28: =IF(E28="DS","Disturbed Sample", IF(E28="UDS","Undisturbed Sample", IF(E28="BS","Bulk Sample", IF(E28="CS","Composite Sample","")))) -> Disturbed Sample | E28: DS | F28: BH-03-R | G28: SPT 01 | H28: =IF(OR($H$12="",$H$11="",E28="",B28=""),"",RIGHT($H$12,2)&"-"&TEXT($H$11,"000")&"-"&E28&"-"&TEXT(B28,"000")) -> 26-001-DS-002 | J28: =IF(AND(K28=0,L28=0), "-", TEXT(K28,"0.00")&" - "&TEXT(L28,"0.00")&" m") -> 1.50 - 1.95 m | K28: 1.5 | L28: 1.95 | M28: =TEXT(B28,"000")&"-"&C28&"-"&TEXT(K28,"0.00")&"-"&TEXT(L28,"0.00")&"m" -> 002-BH-03-R-SPT 01-1.50-1.95m | AN28: =IF(N28=1,COUNTIF($N$27:N28,1),"") | AO28: =IF(O28=1,COUNTIF($O$27:O28,1),"") | AP28: =IF(P28=1,COUNTIF($P$27:P28,1),"") | AQ28: =IF(Q28=1,COUNTIF($Q$27:Q28,1),"") | AR28: =IF(R28=1,COUNTIF($R$27:R28,1),"") | AS28: =IF(S28=1,COUNTIF($S$27:S28,1),"") | AT28: =IF(T28=1,COUNTIF($T$27:T28,1),"") | AU28: =IF(U28=1,COUNTIF($U$27:U28,1),"") | AV28: =IF(V28=1,COUNTIF($V$27:V28,1),"") | AW28: =IF(W28=1,COUNTIF($W$27:W28,1),"") | AX28: =IF(X28=1,COUNTIF($X$27:X28,1),"") | AY28: =IF(Y28=1,COUNTIF($Y$27:Y28,1),"") | AZ28: =IF(Z28=1,COUNTIF($Z$27:Z28,1),"") | BA28: =IF(AA28=1,COUNTIF($AA$27:AA28,1),"") | BB28: =IF(AB28=1,COUNTIF($AB$27:AB28,1),"") | BC28: =IF(AC28=1,COUNTIF($AC$27:AC28,1),"") | BD28: =IF(AD28=1,COUNTIF($AD$27:AD28,1),"") | BE28: =IF(AE28=1,COUNTIF($AE$27:AE28,1),"") | BF28: =IF(AF28=1,COUNTIF($AF$27:AF28,1),"") | BG28: =IF(AG28=1,COUNTIF($AG$27:AG28,1),"") | BH28: =IF(AH28=1,COUNTIF($AH$27:AH28,1),"") | BI28: =IF(AI28=1,COUNTIF($AI$27:AI28,1),"") | BJ28: =IF(AJ28=1,COUNTIF($AJ$27:AJ28,1),"") | BK28: =IF(AK28=1,COUNTIF($AK$27:AK28,1),"") | BQ28: 2 | BR28: Analisi Ayakan | BS28: 3423:2008 | BT28: 23-MINEARTH-RM-LHU-AS-R0
A29: BS | B29: =B28+1 -> 3 | C29: =CONCATENATE(F29,"-",G29) -> BH-07-R-SPT-01 | D29: =IF(E29="DS","Disturbed Sample", IF(E29="UDS","Undisturbed Sample", IF(E29="BS","Bulk Sample", IF(E29="CS","Composite Sample","")))) -> Disturbed Sample | E29: DS | F29: BH-07-R | G29: SPT-01 | H29: =IF(OR($H$12="",$H$11="",E29="",B29=""),"",RIGHT($H$12,2)&"-"&TEXT($H$11,"000")&"-"&E29&"-"&TEXT(B29,"000")) -> 26-001-DS-003 | J29: =IF(AND(K29=0,L29=0), "-", TEXT(K29,"0.00")&" - "&TEXT(L29,"0.00")&" m") -> 1.50 - 1.95 m | K29: 1.5 | L29: 1.95 | M29: =TEXT(B29,"000")&"-"&C29&"-"&TEXT(K29,"0.00")&"-"&TEXT(L29,"0.00")&"m" -> 003-BH-07-R-SPT-01-1.50-1.95m | AN29: =IF(N29=1,COUNTIF($N$27:N29,1),"") | AO29: =IF(O29=1,COUNTIF($O$27:O29,1),"") | AP29: =IF(P29=1,COUNTIF($P$27:P29,1),"") | AQ29: =IF(Q29=1,COUNTIF($Q$27:Q29,1),"") | AR29: =IF(R29=1,COUNTIF($R$27:R29,1),"") | AS29: =IF(S29=1,COUNTIF($S$27:S29,1),"") | AT29: =IF(T29=1,COUNTIF($T$27:T29,1),"") | AU29: =IF(U29=1,COUNTIF($U$27:U29,1),"") | AV29: =IF(V29=1,COUNTIF($V$27:V29,1),"") | AW29: =IF(W29=1,COUNTIF($W$27:W29,1),"") | AX29: =IF(X29=1,COUNTIF($X$27:X29,1),"") | AY29: =IF(Y29=1,COUNTIF($Y$27:Y29,1),"") | AZ29: =IF(Z29=1,COUNTIF($Z$27:Z29,1),"") | BA29: =IF(AA29=1,COUNTIF($AA$27:AA29,1),"") | BB29: =IF(AB29=1,COUNTIF($AB$27:AB29,1),"") | BC29: =IF(AC29=1,COUNTIF($AC$27:AC29,1),"") | BD29: =IF(AD29=1,COUNTIF($AD$27:AD29,1),"") | BE29: =IF(AE29=1,COUNTIF($AE$27:AE29,1),"") | BF29: =IF(AF29=1,COUNTIF($AF$27:AF29,1),"") | BG29: =IF(AG29=1,COUNTIF($AG$27:AG29,1),"") | BH29: =IF(AH29=1,COUNTIF($AH$27:AH29,1),"") | BI29: =IF(AI29=1,COUNTIF($AI$27:AI29,1),"") | BJ29: =IF(AJ29=1,COUNTIF($AJ$27:AJ29,1),"") | BK29: =IF(AK29=1,COUNTIF($AK$27:AK29,1),"") | BQ29: 3 | BR29: Hidrometer | BS29: 3423:2008 | BT29: 23-MINEARTH-RM-LHU-HID-R0
A30: CS | B30: =B29+1 -> 4 | C30: =CONCATENATE(F30,"-",G30) -> BH-07-R-SPT 03 | D30: =IF(E30="DS","Disturbed Sample", IF(E30="UDS","Undisturbed Sample", IF(E30="BS","Bulk Sample", IF(E30="CS","Composite Sample","")))) -> Disturbed Sample | E30: DS | F30: BH-07-R | G30: SPT 03 | H30: =IF(OR($H$12="",$H$11="",E30="",B30=""),"",RIGHT($H$12,2)&"-"&TEXT($H$11,"000")&"-"&E30&"-"&TEXT(B30,"000")) -> 26-001-DS-004 | J30: =IF(AND(K30=0,L30=0), "-", TEXT(K30,"0.00")&" - "&TEXT(L30,"0.00")&" m") -> 4.50 - 4.95 m | K30: 4.5 | L30: 4.95 | M30: =TEXT(B30,"000")&"-"&C30&"-"&TEXT(K30,"0.00")&"-"&TEXT(L30,"0.00")&"m" -> 004-BH-07-R-SPT 03-4.50-4.95m | AN30: =IF(N30=1,COUNTIF($N$27:N30,1),"") | AO30: =IF(O30=1,COUNTIF($O$27:O30,1),"") | AP30: =IF(P30=1,COUNTIF($P$27:P30,1),"") | AQ30: =IF(Q30=1,COUNTIF($Q$27:Q30,1),"") | AR30: =IF(R30=1,COUNTIF($R$27:R30,1),"") | AS30: =IF(S30=1,COUNTIF($S$27:S30,1),"") | AT30: =IF(T30=1,COUNTIF($T$27:T30,1),"") | AU30: =IF(U30=1,COUNTIF($U$27:U30,1),"") | AV30: =IF(V30=1,COUNTIF($V$27:V30,1),"") | AW30: =IF(W30=1,COUNTIF($W$27:W30,1),"") | AX30: =IF(X30=1,COUNTIF($X$27:X30,1),"") | AY30: =IF(Y30=1,COUNTIF($Y$27:Y30,1),"") | AZ30: =IF(Z30=1,COUNTIF($Z$27:Z30,1),"") | BA30: =IF(AA30=1,COUNTIF($AA$27:AA30,1),"") | BB30: =IF(AB30=1,COUNTIF($AB$27:AB30,1),"") | BC30: =IF(AC30=1,COUNTIF($AC$27:AC30,1),"") | BD30: =IF(AD30=1,COUNTIF($AD$27:AD30,1),"") | BE30: =IF(AE30=1,COUNTIF($AE$27:AE30,1),"") | BF30: =IF(AF30=1,COUNTIF($AF$27:AF30,1),"") | BG30: =IF(AG30=1,COUNTIF($AG$27:AG30,1),"") | BH30: =IF(AH30=1,COUNTIF($AH$27:AH30,1),"") | BI30: =IF(AI30=1,COUNTIF($AI$27:AI30,1),"") | BJ30: =IF(AJ30=1,COUNTIF($AJ$27:AJ30,1),"") | BK30: =IF(AK30=1,COUNTIF($AK$27:AK30,1),"") | BQ30: 4 | BR30: Spesific gravity/Uji berat Jenis | BS30: 1964:2008 | BT30: 23-MINEARTH-RM-LHU-PP-R0
B31: =B30+1 -> 5 | C31: =CONCATENATE(F31,"-",G31) -> BH-06-R2-SPT 01 | D31: =IF(E31="DS","Disturbed Sample", IF(E31="UDS","Undisturbed Sample", IF(E31="BS","Bulk Sample", IF(E31="CS","Composite Sample","")))) -> Disturbed Sample | E31: DS | F31: BH-06-R2 | G31: SPT 01 | H31: =IF(OR($H$12="",$H$11="",E31="",B31=""),"",RIGHT($H$12,2)&"-"&TEXT($H$11,"000")&"-"&E31&"-"&TEXT(B31,"000")) -> 26-001-DS-005 | J31: =IF(AND(K31=0,L31=0), "-", TEXT(K31,"0.00")&" - "&TEXT(L31,"0.00")&" m") -> 1.50 - 1.95 m | K31: 1.5 | L31: 1.95 | M31: =TEXT(B31,"000")&"-"&C31&"-"&TEXT(K31,"0.00")&"-"&TEXT(L31,"0.00")&"m" -> 005-BH-06-R2-SPT 01-1.50-1.95m | AN31: =IF(N31=1,COUNTIF($N$27:N31,1),"") | AO31: =IF(O31=1,COUNTIF($O$27:O31,1),"") | AP31: =IF(P31=1,COUNTIF($P$27:P31,1),"") | AQ31: =IF(Q31=1,COUNTIF($Q$27:Q31,1),"") | AR31: =IF(R31=1,COUNTIF($R$27:R31,1),"") | AS31: =IF(S31=1,COUNTIF($S$27:S31,1),"") | AT31: =IF(T31=1,COUNTIF($T$27:T31,1),"") | AU31: =IF(U31=1,COUNTIF($U$27:U31,1),"") | AV31: =IF(V31=1,COUNTIF($V$27:V31,1),"") | AW31: =IF(W31=1,COUNTIF($W$27:W31,1),"") | AX31: =IF(X31=1,COUNTIF($X$27:X31,1),"") | AY31: =IF(Y31=1,COUNTIF($Y$27:Y31,1),"") | AZ31: =IF(Z31=1,COUNTIF($Z$27:Z31,1),"") | BA31: =IF(AA31=1,COUNTIF($AA$27:AA31,1),"") | BB31: =IF(AB31=1,COUNTIF($AB$27:AB31,1),"") | BC31: =IF(AC31=1,COUNTIF($AC$27:AC31,1),"") | BD31: =IF(AD31=1,COUNTIF($AD$27:AD31,1),"") | BE31: =IF(AE31=1,COUNTIF($AE$27:AE31,1),"") | BF31: =IF(AF31=1,COUNTIF($AF$27:AF31,1),"") | BG31: =IF(AG31=1,COUNTIF($AG$27:AG31,1),"") | BH31: =IF(AH31=1,COUNTIF($AH$27:AH31,1),"") | BI31: =IF(AI31=1,COUNTIF($AI$27:AI31,1),"") | BJ31: =IF(AJ31=1,COUNTIF($AJ$27:AJ31,1),"") | BK31: =IF(AK31=1,COUNTIF($AK$27:AK31,1),"") | BQ31: 5 | BR31: Moisture Content/Uji kadar air | BS31: 1965:2008
B32: =B31+1 -> 6 | C32: =CONCATENATE(F32,"-",G32) -> BH-06-R2-SPT 03 | D32: =IF(E32="DS","Disturbed Sample", IF(E32="UDS","Undisturbed Sample", IF(E32="BS","Bulk Sample", IF(E32="CS","Composite Sample","")))) -> Disturbed Sample | E32: DS | F32: BH-06-R2 | G32: SPT 03 | H32: =IF(OR($H$12="",$H$11="",E32="",B32=""),"",RIGHT($H$12,2)&"-"&TEXT($H$11,"000")&"-"&E32&"-"&TEXT(B32,"000")) -> 26-001-DS-006 | J32: =IF(AND(K32=0,L32=0), "-", TEXT(K32,"0.00")&" - "&TEXT(L32,"0.00")&" m") -> 4.50 - 4.95 m | K32: 4.5 | L32: 4.95 | M32: =TEXT(B32,"000")&"-"&C32&"-"&TEXT(K32,"0.00")&"-"&TEXT(L32,"0.00")&"m" -> 006-BH-06-R2-SPT 03-4.50-4.95m | AN32: =IF(N32=1,COUNTIF($N$27:N32,1),"") | AO32: =IF(O32=1,COUNTIF($O$27:O32,1),"") | AP32: =IF(P32=1,COUNTIF($P$27:P32,1),"") | AQ32: =IF(Q32=1,COUNTIF($Q$27:Q32,1),"") | AR32: =IF(R32=1,COUNTIF($R$27:R32,1),"") | AS32: =IF(S32=1,COUNTIF($S$27:S32,1),"") | AT32: =IF(T32=1,COUNTIF($T$27:T32,1),"") | AU32: =IF(U32=1,COUNTIF($U$27:U32,1),"") | AV32: =IF(V32=1,COUNTIF($V$27:V32,1),"") | AW32: =IF(W32=1,COUNTIF($W$27:W32,1),"") | AX32: =IF(X32=1,COUNTIF($X$27:X32,1),"") | AY32: =IF(Y32=1,COUNTIF($Y$27:Y32,1),"") | AZ32: =IF(Z32=1,COUNTIF($Z$27:Z32,1),"") | BA32: =IF(AA32=1,COUNTIF($AA$27:AA32,1),"") | BB32: =IF(AB32=1,COUNTIF($AB$27:AB32,1),"") | BC32: =IF(AC32=1,COUNTIF($AC$27:AC32,1),"") | BD32: =IF(AD32=1,COUNTIF($AD$27:AD32,1),"") | BE32: =IF(AE32=1,COUNTIF($AE$27:AE32,1),"") | BF32: =IF(AF32=1,COUNTIF($AF$27:AF32,1),"") | BG32: =IF(AG32=1,COUNTIF($AG$27:AG32,1),"") | BH32: =IF(AH32=1,COUNTIF($AH$27:AH32,1),"") | BI32: =IF(AI32=1,COUNTIF($AI$27:AI32,1),"") | BJ32: =IF(AJ32=1,COUNTIF($AJ$27:AJ32,1),"") | BK32: =IF(AK32=1,COUNTIF($AK$27:AK32,1),"") | BQ32: 6 | BR32: Atterberg Limit | BT32: 23-MINEARTH-RM-LHU-ATB-R0
B33: =B32+1 -> 7 | C33: =CONCATENATE(F33,"-",G33) -> BH-04R1-UDS 01 | D33: =IF(E33="DS","Disturbed Sample", IF(E33="UDS","Undisturbed Sample", IF(E33="BS","Bulk Sample", IF(E33="CS","Composite Sample","")))) -> Composite Sample | E33: CS | F33: BH-04R1 | G33: UDS 01 | H33: =IF(OR($H$12="",$H$11="",E33="",B33=""),"",RIGHT($H$12,2)&"-"&TEXT($H$11,"000")&"-"&E33&"-"&TEXT(B33,"000")) -> 26-001-CS-007 | I33: C-1 | J33: =IF(AND(K33=0,L33=0), "-", TEXT(K33,"0.00")&" - "&TEXT(L33,"0.00")&" m") -> 10.00 - 10.15 m | K33: 10 | L33: 10.15 | M33: =TEXT(B33,"000")&"-"&C33&"-"&TEXT(K33,"0.00")&"-"&TEXT(L33,"0.00")&"m" -> 007-BH-04R1-UDS 01-10.00-10.15m | AN33: =IF(N33=1,COUNTIF($N$27:N33,1),"") | AO33: =IF(O33=1,COUNTIF($O$27:O33,1),"") | AP33: =IF(P33=1,COUNTIF($P$27:P33,1),"") | AQ33: =IF(Q33=1,COUNTIF($Q$27:Q33,1),"") | AR33: =IF(R33=1,COUNTIF($R$27:R33,1),"") | AS33: =IF(S33=1,COUNTIF($S$27:S33,1),"") | AT33: =IF(T33=1,COUNTIF($T$27:T33,1),"") | AU33: =IF(U33=1,COUNTIF($U$27:U33,1),"") | AV33: =IF(V33=1,COUNTIF($V$27:V33,1),"") | AW33: =IF(W33=1,COUNTIF($W$27:W33,1),"") | AX33: =IF(X33=1,COUNTIF($X$27:X33,1),"") | AY33: =IF(Y33=1,COUNTIF($Y$27:Y33,1),"") | AZ33: =IF(Z33=1,COUNTIF($Z$27:Z33,1),"") | BA33: =IF(AA33=1,COUNTIF($AA$27:AA33,1),"") | BB33: =IF(AB33=1,COUNTIF($AB$27:AB33,1),"") | BC33: =IF(AC33=1,COUNTIF($AC$27:AC33,1),"") | BD33: =IF(AD33=1,COUNTIF($AD$27:AD33,1),"") | BE33: =IF(AE33=1,COUNTIF($AE$27:AE33,1),"") | BF33: =IF(AF33=1,COUNTIF($AF$27:AF33,1),"") | BG33: =IF(AG33=1,COUNTIF($AG$27:AG33,1),"") | BH33: =IF(AH33=1,COUNTIF($AH$27:AH33,1),"") | BI33: =IF(AI33=1,COUNTIF($AI$27:AI33,1),"") | BJ33: =IF(AJ33=1,COUNTIF($AJ$27:AJ33,1),"") | BK33: =IF(AK33=1,COUNTIF($AK$27:AK33,1),"") | BR33: - Uji Batas Plastis dan Indeks Plastisitas | BS33: 1966:2008
B34: =B33+1 -> 8 | C34: =CONCATENATE(F34,"-",G34) -> BH-05-R-UDS 01 | D34: =IF(E34="DS","Disturbed Sample", IF(E34="UDS","Undisturbed Sample", IF(E34="BS","Bulk Sample", IF(E34="CS","Composite Sample","")))) -> Composite Sample | E34: CS | F34: BH-05-R | G34: UDS 01 | H34: =IF(OR($H$12="",$H$11="",E34="",B34=""),"",RIGHT($H$12,2)&"-"&TEXT($H$11,"000")&"-"&E34&"-"&TEXT(B34,"000")) -> 26-001-CS-008 | I34: C-1 | J34: =IF(AND(K34=0,L34=0), "-", TEXT(K34,"0.00")&" - "&TEXT(L34,"0.00")&" m") -> 0.50 - 0.75 m | K34: 0.5 | L34: 0.75 | M34: =TEXT(B34,"000")&"-"&C34&"-"&TEXT(K34,"0.00")&"-"&TEXT(L34,"0.00")&"m" -> 008-BH-05-R-UDS 01-0.50-0.75m | AN34: =IF(N34=1,COUNTIF($N$27:N34,1),"") | AO34: =IF(O34=1,COUNTIF($O$27:O34,1),"") | AP34: =IF(P34=1,COUNTIF($P$27:P34,1),"") | AQ34: =IF(Q34=1,COUNTIF($Q$27:Q34,1),"") | AR34: =IF(R34=1,COUNTIF($R$27:R34,1),"") | AS34: =IF(S34=1,COUNTIF($S$27:S34,1),"") | AT34: =IF(T34=1,COUNTIF($T$27:T34,1),"") | AU34: =IF(U34=1,COUNTIF($U$27:U34,1),"") | AV34: =IF(V34=1,COUNTIF($V$27:V34,1),"") | AW34: =IF(W34=1,COUNTIF($W$27:W34,1),"") | AX34: =IF(X34=1,COUNTIF($X$27:X34,1),"") | AY34: =IF(Y34=1,COUNTIF($Y$27:Y34,1),"") | AZ34: =IF(Z34=1,COUNTIF($Z$27:Z34,1),"") | BA34: =IF(AA34=1,COUNTIF($AA$27:AA34,1),"") | BB34: =IF(AB34=1,COUNTIF($AB$27:AB34,1),"") | BC34: =IF(AC34=1,COUNTIF($AC$27:AC34,1),"") | BD34: =IF(AD34=1,COUNTIF($AD$27:AD34,1),"") | BE34: =IF(AE34=1,COUNTIF($AE$27:AE34,1),"") | BF34: =IF(AF34=1,COUNTIF($AF$27:AF34,1),"") | BG34: =IF(AG34=1,COUNTIF($AG$27:AG34,1),"") | BH34: =IF(AH34=1,COUNTIF($AH$27:AH34,1),"") | BI34: =IF(AI34=1,COUNTIF($AI$27:AI34,1),"") | BJ34: =IF(AJ34=1,COUNTIF($AJ$27:AJ34,1),"") | BK34: =IF(AK34=1,COUNTIF($AK$27:AK34,1),"") | BR34: - Uji Batas Batas Cair | BS34: 1967:2008
B35: =B34+1 -> 9 | C35: =CONCATENATE(F35,"-",G35) -> BH-03-R-UDS 01 | D35: =IF(E35="DS","Disturbed Sample", IF(E35="UDS","Undisturbed Sample", IF(E35="BS","Bulk Sample", IF(E35="CS","Composite Sample","")))) -> Composite Sample | E35: CS | F35: BH-03-R | G35: UDS 01 | H35: =IF(OR($H$12="",$H$11="",E35="",B35=""),"",RIGHT($H$12,2)&"-"&TEXT($H$11,"000")&"-"&E35&"-"&TEXT(B35,"000")) -> 26-001-CS-009 | I35: C-1 | J35: =IF(AND(K35=0,L35=0), "-", TEXT(K35,"0.00")&" - "&TEXT(L35,"0.00")&" m") -> 4.00 - 4.34 m | K35: 4 | L35: 4.34 | M35: =TEXT(B35,"000")&"-"&C35&"-"&TEXT(K35,"0.00")&"-"&TEXT(L35,"0.00")&"m" -> 009-BH-03-R-UDS 01-4.00-4.34m | AN35: =IF(N35=1,COUNTIF($N$27:N35,1),"") | AO35: =IF(O35=1,COUNTIF($O$27:O35,1),"") | AP35: =IF(P35=1,COUNTIF($P$27:P35,1),"") | AQ35: =IF(Q35=1,COUNTIF($Q$27:Q35,1),"") | AR35: =IF(R35=1,COUNTIF($R$27:R35,1),"") | AS35: =IF(S35=1,COUNTIF($S$27:S35,1),"") | AT35: =IF(T35=1,COUNTIF($T$27:T35,1),"") | AU35: =IF(U35=1,COUNTIF($U$27:U35,1),"") | AV35: =IF(V35=1,COUNTIF($V$27:V35,1),"") | AW35: =IF(W35=1,COUNTIF($W$27:W35,1),"") | AX35: =IF(X35=1,COUNTIF($X$27:X35,1),"") | AY35: =IF(Y35=1,COUNTIF($Y$27:Y35,1),"") | AZ35: =IF(Z35=1,COUNTIF($Z$27:Z35,1),"") | BA35: =IF(AA35=1,COUNTIF($AA$27:AA35,1),"") | BB35: =IF(AB35=1,COUNTIF($AB$27:AB35,1),"") | BC35: =IF(AC35=1,COUNTIF($AC$27:AC35,1),"") | BD35: =IF(AD35=1,COUNTIF($AD$27:AD35,1),"") | BE35: =IF(AE35=1,COUNTIF($AE$27:AE35,1),"") | BF35: =IF(AF35=1,COUNTIF($AF$27:AF35,1),"") | BG35: =IF(AG35=1,COUNTIF($AG$27:AG35,1),"") | BH35: =IF(AH35=1,COUNTIF($AH$27:AH35,1),"") | BI35: =IF(AI35=1,COUNTIF($AI$27:AI35,1),"") | BJ35: =IF(AJ35=1,COUNTIF($AJ$27:AJ35,1),"") | BK35: =IF(AK35=1,COUNTIF($AK$27:AK35,1),"") | BQ35: 7 | BR35: Unit Weight/Uji berat isi tanah | BS35: 03-3637-1994
B36: =B35+1 -> 10 | C36: =CONCATENATE(F36,"-",G36) -> BH-03-R-UDS 04 | D36: =IF(E36="DS","Disturbed Sample", IF(E36="UDS","Undisturbed Sample", IF(E36="BS","Bulk Sample", IF(E36="CS","Composite Sample","")))) -> Undisturbed Sample | E36: UDS | F36: BH-03-R | G36: UDS 04 | H36: =IF(OR($H$12="",$H$11="",E36="",B36=""),"",RIGHT($H$12,2)&"-"&TEXT($H$11,"000")&"-"&E36&"-"&TEXT(B36,"000")) -> 26-001-UDS-010 | J36: =IF(AND(K36=0,L36=0), "-", TEXT(K36,"0.00")&" - "&TEXT(L36,"0.00")&" m") -> 8.50 - 9.00 m | K36: 8.5 | L36: 9 | M36: =TEXT(B36,"000")&"-"&C36&"-"&TEXT(K36,"0.00")&"-"&TEXT(L36,"0.00")&"m" -> 010-BH-03-R-UDS 04-8.50-9.00m | AN36: =IF(N36=1,COUNTIF($N$27:N36,1),"") | AO36: =IF(O36=1,COUNTIF($O$27:O36,1),"") | AP36: =IF(P36=1,COUNTIF($P$27:P36,1),"") | AQ36: =IF(Q36=1,COUNTIF($Q$27:Q36,1),"") | AR36: =IF(R36=1,COUNTIF($R$27:R36,1),"") | AS36: =IF(S36=1,COUNTIF($S$27:S36,1),"") | AT36: =IF(T36=1,COUNTIF($T$27:T36,1),"") | AU36: =IF(U36=1,COUNTIF($U$27:U36,1),"") | AV36: =IF(V36=1,COUNTIF($V$27:V36,1),"") | AW36: =IF(W36=1,COUNTIF($W$27:W36,1),"") | AX36: =IF(X36=1,COUNTIF($X$27:X36,1),"") | AY36: =IF(Y36=1,COUNTIF($Y$27:Y36,1),"") | AZ36: =IF(Z36=1,COUNTIF($Z$27:Z36,1),"") | BA36: =IF(AA36=1,COUNTIF($AA$27:AA36,1),"") | BB36: =IF(AB36=1,COUNTIF($AB$27:AB36,1),"") | BC36: =IF(AC36=1,COUNTIF($AC$27:AC36,1),"") | BD36: =IF(AD36=1,COUNTIF($AD$27:AD36,1),"") | BE36: =IF(AE36=1,COUNTIF($AE$27:AE36,1),"") | BF36: =IF(AF36=1,COUNTIF($AF$27:AF36,1),"") | BG36: =IF(AG36=1,COUNTIF($AG$27:AG36,1),"") | BH36: =IF(AH36=1,COUNTIF($AH$27:AH36,1),"") | BI36: =IF(AI36=1,COUNTIF($AI$27:AI36,1),"") | BJ36: =IF(AJ36=1,COUNTIF($AJ$27:AJ36,1),"") | BK36: =IF(AK36=1,COUNTIF($AK$27:AK36,1),"") | BQ36: 8 | BR36: Uji Triaxial
B37: =B36+1 -> 11 | C37: =CONCATENATE(F37,"-",G37) -> BH-07-R-UDS 01 | D37: =IF(E37="DS","Disturbed Sample", IF(E37="UDS","Undisturbed Sample", IF(E37="BS","Bulk Sample", IF(E37="CS","Composite Sample","")))) -> Undisturbed Sample | E37: UDS | F37: BH-07-R | G37: UDS 01 | H37: =IF(OR($H$12="",$H$11="",E37="",B37=""),"",RIGHT($H$12,2)&"-"&TEXT($H$11,"000")&"-"&E37&"-"&TEXT(B37,"000")) -> 26-001-UDS-011 | J37: =IF(AND(K37=0,L37=0), "-", TEXT(K37,"0.00")&" - "&TEXT(L37,"0.00")&" m") -> 1.00 - 1.50 m | K37: 1 | L37: 1.5 | M37: =TEXT(B37,"000")&"-"&C37&"-"&TEXT(K37,"0.00")&"-"&TEXT(L37,"0.00")&"m" -> 011-BH-07-R-UDS 01-1.00-1.50m | AN37: =IF(N37=1,COUNTIF($N$27:N37,1),"") | AO37: =IF(O37=1,COUNTIF($O$27:O37,1),"") | AP37: =IF(P37=1,COUNTIF($P$27:P37,1),"") | AQ37: =IF(Q37=1,COUNTIF($Q$27:Q37,1),"") | AR37: =IF(R37=1,COUNTIF($R$27:R37,1),"") | AS37: =IF(S37=1,COUNTIF($S$27:S37,1),"") | AT37: =IF(T37=1,COUNTIF($T$27:T37,1),"") | AU37: =IF(U37=1,COUNTIF($U$27:U37,1),"") | AV37: =IF(V37=1,COUNTIF($V$27:V37,1),"") | AW37: =IF(W37=1,COUNTIF($W$27:W37,1),"") | AX37: =IF(X37=1,COUNTIF($X$27:X37,1),"") | AY37: =IF(Y37=1,COUNTIF($Y$27:Y37,1),"") | AZ37: =IF(Z37=1,COUNTIF($Z$27:Z37,1),"") | BA37: =IF(AA37=1,COUNTIF($AA$27:AA37,1),"") | BB37: =IF(AB37=1,COUNTIF($AB$27:AB37,1),"") | BC37: =IF(AC37=1,COUNTIF($AC$27:AC37,1),"") | BD37: =IF(AD37=1,COUNTIF($AD$27:AD37,1),"") | BE37: =IF(AE37=1,COUNTIF($AE$27:AE37,1),"") | BF37: =IF(AF37=1,COUNTIF($AF$27:AF37,1),"") | BG37: =IF(AG37=1,COUNTIF($AG$27:AG37,1),"") | BH37: =IF(AH37=1,COUNTIF($AH$27:AH37,1),"") | BI37: =IF(AI37=1,COUNTIF($AI$27:AI37,1),"") | BJ37: =IF(AJ37=1,COUNTIF($AJ$27:AJ37,1),"") | BK37: =IF(AK37=1,COUNTIF($AK$27:AK37,1),"") | BR37: - Triaxial UU | BS37: 4813:2015 | BT37: 23-MINEARTH-RM-LHU-TRX-UU-R0
B38: =B37+1 -> 12 | C38: =CONCATENATE(F38,"-",G38) -> BH-06-R2-UDS 01 | D38: =IF(E38="DS","Disturbed Sample", IF(E38="UDS","Undisturbed Sample", IF(E38="BS","Bulk Sample", IF(E38="CS","Composite Sample","")))) -> Undisturbed Sample | E38: UDS | F38: BH-06-R2 | G38: UDS 01 | H38: =IF(OR($H$12="",$H$11="",E38="",B38=""),"",RIGHT($H$12,2)&"-"&TEXT($H$11,"000")&"-"&E38&"-"&TEXT(B38,"000")) -> 26-001-UDS-012 | J38: =IF(AND(K38=0,L38=0), "-", TEXT(K38,"0.00")&" - "&TEXT(L38,"0.00")&" m") -> 2.50 - 3.00 m | K38: 2.5 | L38: 3 | M38: =TEXT(B38,"000")&"-"&C38&"-"&TEXT(K38,"0.00")&"-"&TEXT(L38,"0.00")&"m" -> 012-BH-06-R2-UDS 01-2.50-3.00m | AN38: =IF(N38=1,COUNTIF($N$27:N38,1),"") | AO38: =IF(O38=1,COUNTIF($O$27:O38,1),"") | AP38: =IF(P38=1,COUNTIF($P$27:P38,1),"") | AQ38: =IF(Q38=1,COUNTIF($Q$27:Q38,1),"") | AR38: =IF(R38=1,COUNTIF($R$27:R38,1),"") | AS38: =IF(S38=1,COUNTIF($S$27:S38,1),"") | AT38: =IF(T38=1,COUNTIF($T$27:T38,1),"") | AU38: =IF(U38=1,COUNTIF($U$27:U38,1),"") | AV38: =IF(V38=1,COUNTIF($V$27:V38,1),"") | AW38: =IF(W38=1,COUNTIF($W$27:W38,1),"") | AX38: =IF(X38=1,COUNTIF($X$27:X38,1),"") | AY38: =IF(Y38=1,COUNTIF($Y$27:Y38,1),"") | AZ38: =IF(Z38=1,COUNTIF($Z$27:Z38,1),"") | BA38: =IF(AA38=1,COUNTIF($AA$27:AA38,1),"") | BB38: =IF(AB38=1,COUNTIF($AB$27:AB38,1),"") | BC38: =IF(AC38=1,COUNTIF($AC$27:AC38,1),"") | BD38: =IF(AD38=1,COUNTIF($AD$27:AD38,1),"") | BE38: =IF(AE38=1,COUNTIF($AE$27:AE38,1),"") | BF38: =IF(AF38=1,COUNTIF($AF$27:AF38,1),"") | BG38: =IF(AG38=1,COUNTIF($AG$27:AG38,1),"") | BH38: =IF(AH38=1,COUNTIF($AH$27:AH38,1),"") | BI38: =IF(AI38=1,COUNTIF($AI$27:AI38,1),"") | BJ38: =IF(AJ38=1,COUNTIF($AJ$27:AJ38,1),"") | BK38: =IF(AK38=1,COUNTIF($AK$27:AK38,1),"") | BR38: - Triaxial CU | BS38: 2455 : 2015 | BT38: 23-MINEARTH-RM-LHU-TRX-CU-R0
B39: =B38+1 -> 13 | C39: =CONCATENATE(F39,"-",G39) -> BH-06-R2-UDS 02 | D39: =IF(E39="DS","Disturbed Sample", IF(E39="UDS","Undisturbed Sample", IF(E39="BS","Bulk Sample", IF(E39="CS","Composite Sample","")))) -> Undisturbed Sample | E39: UDS | F39: BH-06-R2 | G39: UDS 02 | H39: =IF(OR($H$12="",$H$11="",E39="",B39=""),"",RIGHT($H$12,2)&"-"&TEXT($H$11,"000")&"-"&E39&"-"&TEXT(B39,"000")) -> 26-001-UDS-013 | J39: =IF(AND(K39=0,L39=0), "-", TEXT(K39,"0.00")&" - "&TEXT(L39,"0.00")&" m") -> 4.00 - 0.50 m | K39: 4 | L39: 0.5 | M39: =TEXT(B39,"000")&"-"&C39&"-"&TEXT(K39,"0.00")&"-"&TEXT(L39,"0.00")&"m" -> 013-BH-06-R2-UDS 02-4.00-0.50m | AN39: =IF(N39=1,COUNTIF($N$27:N39,1),"") | AO39: =IF(O39=1,COUNTIF($O$27:O39,1),"") | AP39: =IF(P39=1,COUNTIF($P$27:P39,1),"") | AQ39: =IF(Q39=1,COUNTIF($Q$27:Q39,1),"") | AR39: =IF(R39=1,COUNTIF($R$27:R39,1),"") | AS39: =IF(S39=1,COUNTIF($S$27:S39,1),"") | AT39: =IF(T39=1,COUNTIF($T$27:T39,1),"") | AU39: =IF(U39=1,COUNTIF($U$27:U39,1),"") | AV39: =IF(V39=1,COUNTIF($V$27:V39,1),"") | AW39: =IF(W39=1,COUNTIF($W$27:W39,1),"") | AX39: =IF(X39=1,COUNTIF($X$27:X39,1),"") | AY39: =IF(Y39=1,COUNTIF($Y$27:Y39,1),"") | AZ39: =IF(Z39=1,COUNTIF($Z$27:Z39,1),"") | BA39: =IF(AA39=1,COUNTIF($AA$27:AA39,1),"") | BB39: =IF(AB39=1,COUNTIF($AB$27:AB39,1),"") | BC39: =IF(AC39=1,COUNTIF($AC$27:AC39,1),"") | BD39: =IF(AD39=1,COUNTIF($AD$27:AD39,1),"") | BE39: =IF(AE39=1,COUNTIF($AE$27:AE39,1),"") | BF39: =IF(AF39=1,COUNTIF($AF$27:AF39,1),"") | BG39: =IF(AG39=1,COUNTIF($AG$27:AG39,1),"") | BH39: =IF(AH39=1,COUNTIF($AH$27:AH39,1),"") | BI39: =IF(AI39=1,COUNTIF($AI$27:AI39,1),"") | BJ39: =IF(AJ39=1,COUNTIF($AJ$27:AJ39,1),"") | BK39: =IF(AK39=1,COUNTIF($AK$27:AK39,1),"") | BR39: - Triaxial CD | BS39: 2455 : 2015 | BT39: 23-MINEARTH-RM-LHU-CS-R0
B40: =B39+1 -> 14 | C40: =CONCATENATE(F40,"-",G40) -> BH-04R1-DS 01 | D40: =IF(E40="DS","Disturbed Sample", IF(E40="UDS","Undisturbed Sample", IF(E40="BS","Bulk Sample", IF(E40="CS","Composite Sample","")))) -> Disturbed Sample | E40: DS | F40: BH-04R1 | G40: DS 01 | H40: =IF(OR($H$12="",$H$11="",E40="",B40=""),"",RIGHT($H$12,2)&"-"&TEXT($H$11,"000")&"-"&E40&"-"&TEXT(B40,"000")) -> 26-001-DS-014 | J40: =IF(AND(K40=0,L40=0), "-", TEXT(K40,"0.00")&" - "&TEXT(L40,"0.00")&" m") -> 19.95 - 20.30 m | K40: 19.95 | L40: 20.3 | M40: =TEXT(B40,"000")&"-"&C40&"-"&TEXT(K40,"0.00")&"-"&TEXT(L40,"0.00")&"m" -> 014-BH-04R1-DS 01-19.95-20.30m | AN40: =IF(N40=1,COUNTIF($N$27:N40,1),"") | AO40: =IF(O40=1,COUNTIF($O$27:O40,1),"") | AP40: =IF(P40=1,COUNTIF($P$27:P40,1),"") | AQ40: =IF(Q40=1,COUNTIF($Q$27:Q40,1),"") | AR40: =IF(R40=1,COUNTIF($R$27:R40,1),"") | AS40: =IF(S40=1,COUNTIF($S$27:S40,1),"") | AT40: =IF(T40=1,COUNTIF($T$27:T40,1),"") | AU40: =IF(U40=1,COUNTIF($U$27:U40,1),"") | AV40: =IF(V40=1,COUNTIF($V$27:V40,1),"") | AW40: =IF(W40=1,COUNTIF($W$27:W40,1),"") | AX40: =IF(X40=1,COUNTIF($X$27:X40,1),"") | AY40: =IF(Y40=1,COUNTIF($Y$27:Y40,1),"") | AZ40: =IF(Z40=1,COUNTIF($Z$27:Z40,1),"") | BA40: =IF(AA40=1,COUNTIF($AA$27:AA40,1),"") | BB40: =IF(AB40=1,COUNTIF($AB$27:AB40,1),"") | BC40: =IF(AC40=1,COUNTIF($AC$27:AC40,1),"") | BD40: =IF(AD40=1,COUNTIF($AD$27:AD40,1),"") | BE40: =IF(AE40=1,COUNTIF($AE$27:AE40,1),"") | BF40: =IF(AF40=1,COUNTIF($AF$27:AF40,1),"") | BG40: =IF(AG40=1,COUNTIF($AG$27:AG40,1),"") | BH40: =IF(AH40=1,COUNTIF($AH$27:AH40,1),"") | BI40: =IF(AI40=1,COUNTIF($AI$27:AI40,1),"") | BJ40: =IF(AJ40=1,COUNTIF($AJ$27:AJ40,1),"") | BK40: =IF(AK40=1,COUNTIF($AK$27:AK40,1),"") | BQ40: 9 | BR40: Unconfined CompressionTest (UCS)/Uji Kuat Tekan Bebas | BS40: 3638:2012 | BT40: 23-MINEARTH-RM-LHU-UCT-R0
B41: =B40+1 -> 15 | C41: =CONCATENATE(F41,"-",G41) -> BH-04R1-DS 04 | D41: =IF(E41="DS","Disturbed Sample", IF(E41="UDS","Undisturbed Sample", IF(E41="BS","Bulk Sample", IF(E41="CS","Composite Sample","")))) -> Disturbed Sample | E41: DS | F41: BH-04R1 | G41: DS 04 | H41: =IF(OR($H$12="",$H$11="",E41="",B41=""),"",RIGHT($H$12,2)&"-"&TEXT($H$11,"000")&"-"&E41&"-"&TEXT(B41,"000")) -> 26-001-DS-015 | J41: =IF(AND(K41=0,L41=0), "-", TEXT(K41,"0.00")&" - "&TEXT(L41,"0.00")&" m") -> 25.23 - 25.43 m | K41: 25.23 | L41: 25.43 | M41: =TEXT(B41,"000")&"-"&C41&"-"&TEXT(K41,"0.00")&"-"&TEXT(L41,"0.00")&"m" -> 015-BH-04R1-DS 04-25.23-25.43m | AN41: =IF(N41=1,COUNTIF($N$27:N41,1),"") | AO41: =IF(O41=1,COUNTIF($O$27:O41,1),"") | AP41: =IF(P41=1,COUNTIF($P$27:P41,1),"") | AQ41: =IF(Q41=1,COUNTIF($Q$27:Q41,1),"") | AR41: =IF(R41=1,COUNTIF($R$27:R41,1),"") | AS41: =IF(S41=1,COUNTIF($S$27:S41,1),"") | AT41: =IF(T41=1,COUNTIF($T$27:T41,1),"") | AU41: =IF(U41=1,COUNTIF($U$27:U41,1),"") | AV41: =IF(V41=1,COUNTIF($V$27:V41,1),"") | AW41: =IF(W41=1,COUNTIF($W$27:W41,1),"") | AX41: =IF(X41=1,COUNTIF($X$27:X41,1),"") | AY41: =IF(Y41=1,COUNTIF($Y$27:Y41,1),"") | AZ41: =IF(Z41=1,COUNTIF($Z$27:Z41,1),"") | BA41: =IF(AA41=1,COUNTIF($AA$27:AA41,1),"") | BB41: =IF(AB41=1,COUNTIF($AB$27:AB41,1),"") | BC41: =IF(AC41=1,COUNTIF($AC$27:AC41,1),"") | BD41: =IF(AD41=1,COUNTIF($AD$27:AD41,1),"") | BE41: =IF(AE41=1,COUNTIF($AE$27:AE41,1),"") | BF41: =IF(AF41=1,COUNTIF($AF$27:AF41,1),"") | BG41: =IF(AG41=1,COUNTIF($AG$27:AG41,1),"") | BH41: =IF(AH41=1,COUNTIF($AH$27:AH41,1),"") | BI41: =IF(AI41=1,COUNTIF($AI$27:AI41,1),"") | BJ41: =IF(AJ41=1,COUNTIF($AJ$27:AJ41,1),"") | BK41: =IF(AK41=1,COUNTIF($AK$27:AK41,1),"") | BQ41: 10 | BR41: Direct shear/Uji Kuat Geser Langsung
B42: =B41+1 -> 16 | C42: =CONCATENATE(F42,"-",G42) -> BH-05-R-DS 01 | D42: =IF(E42="DS","Disturbed Sample", IF(E42="UDS","Undisturbed Sample", IF(E42="BS","Bulk Sample", IF(E42="CS","Composite Sample","")))) -> Disturbed Sample | E42: DS | F42: BH-05-R | G42: DS 01 | H42: =IF(OR($H$12="",$H$11="",E42="",B42=""),"",RIGHT($H$12,2)&"-"&TEXT($H$11,"000")&"-"&E42&"-"&TEXT(B42,"000")) -> 26-001-DS-016 | J42: =IF(AND(K42=0,L42=0), "-", TEXT(K42,"0.00")&" - "&TEXT(L42,"0.00")&" m") -> 3.92 - 4.15 m | K42: 3.92 | L42: 4.15 | M42: =TEXT(B42,"000")&"-"&C42&"-"&TEXT(K42,"0.00")&"-"&TEXT(L42,"0.00")&"m" -> 016-BH-05-R-DS 01-3.92-4.15m | AN42: =IF(N42=1,COUNTIF($N$27:N42,1),"") | AO42: =IF(O42=1,COUNTIF($O$27:O42,1),"") | AP42: =IF(P42=1,COUNTIF($P$27:P42,1),"") | AQ42: =IF(Q42=1,COUNTIF($Q$27:Q42,1),"") | AR42: =IF(R42=1,COUNTIF($R$27:R42,1),"") | AS42: =IF(S42=1,COUNTIF($S$27:S42,1),"") | AT42: =IF(T42=1,COUNTIF($T$27:T42,1),"") | AU42: =IF(U42=1,COUNTIF($U$27:U42,1),"") | AV42: =IF(V42=1,COUNTIF($V$27:V42,1),"") | AW42: =IF(W42=1,COUNTIF($W$27:W42,1),"") | AX42: =IF(X42=1,COUNTIF($X$27:X42,1),"") | AY42: =IF(Y42=1,COUNTIF($Y$27:Y42,1),"") | AZ42: =IF(Z42=1,COUNTIF($Z$27:Z42,1),"") | BA42: =IF(AA42=1,COUNTIF($AA$27:AA42,1),"") | BB42: =IF(AB42=1,COUNTIF($AB$27:AB42,1),"") | BC42: =IF(AC42=1,COUNTIF($AC$27:AC42,1),"") | BD42: =IF(AD42=1,COUNTIF($AD$27:AD42,1),"") | BE42: =IF(AE42=1,COUNTIF($AE$27:AE42,1),"") | BF42: =IF(AF42=1,COUNTIF($AF$27:AF42,1),"") | BG42: =IF(AG42=1,COUNTIF($AG$27:AG42,1),"") | BH42: =IF(AH42=1,COUNTIF($AH$27:AH42,1),"") | BI42: =IF(AI42=1,COUNTIF($AI$27:AI42,1),"") | BJ42: =IF(AJ42=1,COUNTIF($AJ$27:AJ42,1),"") | BK42: =IF(AK42=1,COUNTIF($AK$27:AK42,1),"") | BR42: Direct shear UU | BS42: 3420:2016 | BT42: 23-MINEARTH-RM-LHU-DS-UU-R0
B43: =B42+1 -> 17 | C43: =CONCATENATE(F43,"-",G43) -> BH-03-R-DS 01 | D43: =IF(E43="DS","Disturbed Sample", IF(E43="UDS","Undisturbed Sample", IF(E43="BS","Bulk Sample", IF(E43="CS","Composite Sample","")))) -> Disturbed Sample | E43: DS | F43: BH-03-R | G43: DS 01 | H43: =IF(OR($H$12="",$H$11="",E43="",B43=""),"",RIGHT($H$12,2)&"-"&TEXT($H$11,"000")&"-"&E43&"-"&TEXT(B43,"000")) -> 26-001-DS-017 | J43: =IF(AND(K43=0,L43=0), "-", TEXT(K43,"0.00")&" - "&TEXT(L43,"0.00")&" m") -> 2.50 - 3.00 m | K43: 2.5 | L43: 3 | M43: =TEXT(B43,"000")&"-"&C43&"-"&TEXT(K43,"0.00")&"-"&TEXT(L43,"0.00")&"m" -> 017-BH-03-R-DS 01-2.50-3.00m | AN43: =IF(N43=1,COUNTIF($N$27:N43,1),"") | AO43: =IF(O43=1,COUNTIF($O$27:O43,1),"") | AP43: =IF(P43=1,COUNTIF($P$27:P43,1),"") | AQ43: =IF(Q43=1,COUNTIF($Q$27:Q43,1),"") | AR43: =IF(R43=1,COUNTIF($R$27:R43,1),"") | AS43: =IF(S43=1,COUNTIF($S$27:S43,1),"") | AT43: =IF(T43=1,COUNTIF($T$27:T43,1),"") | AU43: =IF(U43=1,COUNTIF($U$27:U43,1),"") | AV43: =IF(V43=1,COUNTIF($V$27:V43,1),"") | AW43: =IF(W43=1,COUNTIF($W$27:W43,1),"") | AX43: =IF(X43=1,COUNTIF($X$27:X43,1),"") | AY43: =IF(Y43=1,COUNTIF($Y$27:Y43,1),"") | AZ43: =IF(Z43=1,COUNTIF($Z$27:Z43,1),"") | BA43: =IF(AA43=1,COUNTIF($AA$27:AA43,1),"") | BB43: =IF(AB43=1,COUNTIF($AB$27:AB43,1),"") | BC43: =IF(AC43=1,COUNTIF($AC$27:AC43,1),"") | BD43: =IF(AD43=1,COUNTIF($AD$27:AD43,1),"") | BE43: =IF(AE43=1,COUNTIF($AE$27:AE43,1),"") | BF43: =IF(AF43=1,COUNTIF($AF$27:AF43,1),"") | BG43: =IF(AG43=1,COUNTIF($AG$27:AG43,1),"") | BH43: =IF(AH43=1,COUNTIF($AH$27:AH43,1),"") | BI43: =IF(AI43=1,COUNTIF($AI$27:AI43,1),"") | BJ43: =IF(AJ43=1,COUNTIF($AJ$27:AJ43,1),"") | BK43: =IF(AK43=1,COUNTIF($AK$27:AK43,1),"") | BR43: Direct shear CU | BS43: 2813 : 2008 | BT43: 23-MINEARTH-RM-LHU-DS_CU-R0
B44: =B43+1 -> 18 | C44: =CONCATENATE(F44,"-",G44) -> BH-03-R-DS 02 | D44: =IF(E44="DS","Disturbed Sample", IF(E44="UDS","Undisturbed Sample", IF(E44="BS","Bulk Sample", IF(E44="CS","Composite Sample","")))) -> Disturbed Sample | E44: DS | F44: BH-03-R | G44: DS 02 | H44: =IF(OR($H$12="",$H$11="",E44="",B44=""),"",RIGHT($H$12,2)&"-"&TEXT($H$11,"000")&"-"&E44&"-"&TEXT(B44,"000")) -> 26-001-DS-018 | J44: =IF(AND(K44=0,L44=0), "-", TEXT(K44,"0.00")&" - "&TEXT(L44,"0.00")&" m") -> 6.45 - 6.96 m | K44: 6.45 | L44: 6.96 | M44: =TEXT(B44,"000")&"-"&C44&"-"&TEXT(K44,"0.00")&"-"&TEXT(L44,"0.00")&"m" -> 018-BH-03-R-DS 02-6.45-6.96m | AN44: =IF(N44=1,COUNTIF($N$27:N44,1),"") | AO44: =IF(O44=1,COUNTIF($O$27:O44,1),"") | AP44: =IF(P44=1,COUNTIF($P$27:P44,1),"") | AQ44: =IF(Q44=1,COUNTIF($Q$27:Q44,1),"") | AR44: =IF(R44=1,COUNTIF($R$27:R44,1),"") | AS44: =IF(S44=1,COUNTIF($S$27:S44,1),"") | AT44: =IF(T44=1,COUNTIF($T$27:T44,1),"") | AU44: =IF(U44=1,COUNTIF($U$27:U44,1),"") | AV44: =IF(V44=1,COUNTIF($V$27:V44,1),"") | AW44: =IF(W44=1,COUNTIF($W$27:W44,1),"") | AX44: =IF(X44=1,COUNTIF($X$27:X44,1),"") | AY44: =IF(Y44=1,COUNTIF($Y$27:Y44,1),"") | AZ44: =IF(Z44=1,COUNTIF($Z$27:Z44,1),"") | BA44: =IF(AA44=1,COUNTIF($AA$27:AA44,1),"") | BB44: =IF(AB44=1,COUNTIF($AB$27:AB44,1),"") | BC44: =IF(AC44=1,COUNTIF($AC$27:AC44,1),"") | BD44: =IF(AD44=1,COUNTIF($AD$27:AD44,1),"") | BE44: =IF(AE44=1,COUNTIF($AE$27:AE44,1),"") | BF44: =IF(AF44=1,COUNTIF($AF$27:AF44,1),"") | BG44: =IF(AG44=1,COUNTIF($AG$27:AG44,1),"") | BH44: =IF(AH44=1,COUNTIF($AH$27:AH44,1),"") | BI44: =IF(AI44=1,COUNTIF($AI$27:AI44,1),"") | BJ44: =IF(AJ44=1,COUNTIF($AJ$27:AJ44,1),"") | BK44: =IF(AK44=1,COUNTIF($AK$27:AK44,1),"") | BR44: Direct shear CD | BS44: 2813:2008 | BT44: 23-MINEARTH-RM-LHU-DS-CD-R0
B45: =B44+1 -> 19 | C45: =CONCATENATE(F45,"-",G45) -> BH-07-R-DS 01 | D45: =IF(E45="DS","Disturbed Sample", IF(E45="UDS","Undisturbed Sample", IF(E45="BS","Bulk Sample", IF(E45="CS","Composite Sample","")))) -> Disturbed Sample | E45: DS | F45: BH-07-R | G45: DS 01 | H45: =IF(OR($H$12="",$H$11="",E45="",B45=""),"",RIGHT($H$12,2)&"-"&TEXT($H$11,"000")&"-"&E45&"-"&TEXT(B45,"000")) -> 26-001-DS-019 | J45: =IF(AND(K45=0,L45=0), "-", TEXT(K45,"0.00")&" - "&TEXT(L45,"0.00")&" m") -> 10.95 - 11.17 m | K45: 10.95 | L45: 11.17 | M45: =TEXT(B45,"000")&"-"&C45&"-"&TEXT(K45,"0.00")&"-"&TEXT(L45,"0.00")&"m" -> 019-BH-07-R-DS 01-10.95-11.17m | AN45: =IF(N45=1,COUNTIF($N$27:N45,1),"") | AO45: =IF(O45=1,COUNTIF($O$27:O45,1),"") | AP45: =IF(P45=1,COUNTIF($P$27:P45,1),"") | AQ45: =IF(Q45=1,COUNTIF($Q$27:Q45,1),"") | AR45: =IF(R45=1,COUNTIF($R$27:R45,1),"") | AS45: =IF(S45=1,COUNTIF($S$27:S45,1),"") | AT45: =IF(T45=1,COUNTIF($T$27:T45,1),"") | AU45: =IF(U45=1,COUNTIF($U$27:U45,1),"") | AV45: =IF(V45=1,COUNTIF($V$27:V45,1),"") | AW45: =IF(W45=1,COUNTIF($W$27:W45,1),"") | AX45: =IF(X45=1,COUNTIF($X$27:X45,1),"") | AY45: =IF(Y45=1,COUNTIF($Y$27:Y45,1),"") | AZ45: =IF(Z45=1,COUNTIF($Z$27:Z45,1),"") | BA45: =IF(AA45=1,COUNTIF($AA$27:AA45,1),"") | BB45: =IF(AB45=1,COUNTIF($AB$27:AB45,1),"") | BC45: =IF(AC45=1,COUNTIF($AC$27:AC45,1),"") | BD45: =IF(AD45=1,COUNTIF($AD$27:AD45,1),"") | BE45: =IF(AE45=1,COUNTIF($AE$27:AE45,1),"") | BF45: =IF(AF45=1,COUNTIF($AF$27:AF45,1),"") | BG45: =IF(AG45=1,COUNTIF($AG$27:AG45,1),"") | BH45: =IF(AH45=1,COUNTIF($AH$27:AH45,1),"") | BI45: =IF(AI45=1,COUNTIF($AI$27:AI45,1),"") | BJ45: =IF(AJ45=1,COUNTIF($AJ$27:AJ45,1),"") | BK45: =IF(AK45=1,COUNTIF($AK$27:AK45,1),"") | BR45: Direct shear Residual | BS45: 2813:2008 | BT45: 23-MINEARTH-RM-LHU-DS-RES-R0
B46: =B45+1 -> 20 | C46: =CONCATENATE(F46,"-",G46) -> BH-06-R2-DS 01 | D46: =IF(E46="DS","Disturbed Sample", IF(E46="UDS","Undisturbed Sample", IF(E46="BS","Bulk Sample", IF(E46="CS","Composite Sample","")))) -> Disturbed Sample | E46: DS | F46: BH-06-R2 | G46: DS 01 | H46: =IF(OR($H$12="",$H$11="",E46="",B46=""),"",RIGHT($H$12,2)&"-"&TEXT($H$11,"000")&"-"&E46&"-"&TEXT(B46,"000")) -> 26-001-DS-020 | J46: =IF(AND(K46=0,L46=0), "-", TEXT(K46,"0.00")&" - "&TEXT(L46,"0.00")&" m") -> 3.55 - 3.75 m | K46: 3.55 | L46: 3.75 | M46: =TEXT(B46,"000")&"-"&C46&"-"&TEXT(K46,"0.00")&"-"&TEXT(L46,"0.00")&"m" -> 020-BH-06-R2-DS 01-3.55-3.75m | AN46: =IF(N46=1,COUNTIF($N$27:N46,1),"") | AO46: =IF(O46=1,COUNTIF($O$27:O46,1),"") | AP46: =IF(P46=1,COUNTIF($P$27:P46,1),"") | AQ46: =IF(Q46=1,COUNTIF($Q$27:Q46,1),"") | AR46: =IF(R46=1,COUNTIF($R$27:R46,1),"") | AS46: =IF(S46=1,COUNTIF($S$27:S46,1),"") | AT46: =IF(T46=1,COUNTIF($T$27:T46,1),"") | AU46: =IF(U46=1,COUNTIF($U$27:U46,1),"") | AV46: =IF(V46=1,COUNTIF($V$27:V46,1),"") | AW46: =IF(W46=1,COUNTIF($W$27:W46,1),"") | AX46: =IF(X46=1,COUNTIF($X$27:X46,1),"") | AY46: =IF(Y46=1,COUNTIF($Y$27:Y46,1),"") | AZ46: =IF(Z46=1,COUNTIF($Z$27:Z46,1),"") | BA46: =IF(AA46=1,COUNTIF($AA$27:AA46,1),"") | BB46: =IF(AB46=1,COUNTIF($AB$27:AB46,1),"") | BC46: =IF(AC46=1,COUNTIF($AC$27:AC46,1),"") | BD46: =IF(AD46=1,COUNTIF($AD$27:AD46,1),"") | BE46: =IF(AE46=1,COUNTIF($AE$27:AE46,1),"") | BF46: =IF(AF46=1,COUNTIF($AF$27:AF46,1),"") | BG46: =IF(AG46=1,COUNTIF($AG$27:AG46,1),"") | BH46: =IF(AH46=1,COUNTIF($AH$27:AH46,1),"") | BI46: =IF(AI46=1,COUNTIF($AI$27:AI46,1),"") | BJ46: =IF(AJ46=1,COUNTIF($AJ$27:AJ46,1),"") | BK46: =IF(AK46=1,COUNTIF($AK$27:AK46,1),"") | BR46: Direct shear CD- Residual | BS46: 2813:2008 | BT46: 23-MINEARTH-RM-LHU-DS-CD RES-R0
B47: =B46+1 -> 21 | C47: =CONCATENATE(F47,"-",G47) -> SPOT 01-01 | D47: =IF(E47="DS","Disturbed Sample", IF(E47="UDS","Undisturbed Sample", IF(E47="BS","Bulk Sample", IF(E47="CS","Composite Sample","")))) -> Bulk Sample | E47: BS | F47: SPOT 01 | G47: 01 | H47: =IF(OR($H$12="",$H$11="",E47="",B47=""),"",RIGHT($H$12,2)&"-"&TEXT($H$11,"000")&"-"&E47&"-"&TEXT(B47,"000")) -> 26-001-BS-021 | J47: =IF(AND(K47=0,L47=0), "-", TEXT(K47,"0.00")&" - "&TEXT(L47,"0.00")&" m") -> - | M47: =TEXT(B47,"000")&"-"&C47&"-"&TEXT(K47,"0.00")&"-"&TEXT(L47,"0.00")&"m" -> 021-SPOT 01-01-0.00-0.00m | AN47: =IF(N47=1,COUNTIF($N$27:N47,1),"") | AO47: =IF(O47=1,COUNTIF($O$27:O47,1),"") | AP47: =IF(P47=1,COUNTIF($P$27:P47,1),"") | AQ47: =IF(Q47=1,COUNTIF($Q$27:Q47,1),"") | AR47: =IF(R47=1,COUNTIF($R$27:R47,1),"") | AS47: =IF(S47=1,COUNTIF($S$27:S47,1),"") | AT47: =IF(T47=1,COUNTIF($T$27:T47,1),"") | AU47: =IF(U47=1,COUNTIF($U$27:U47,1),"") | AV47: =IF(V47=1,COUNTIF($V$27:V47,1),"") | AW47: =IF(W47=1,COUNTIF($W$27:W47,1),"") | AX47: =IF(X47=1,COUNTIF($X$27:X47,1),"") | AY47: =IF(Y47=1,COUNTIF($Y$27:Y47,1),"") | AZ47: =IF(Z47=1,COUNTIF($Z$27:Z47,1),"") | BA47: =IF(AA47=1,COUNTIF($AA$27:AA47,1),"") | BB47: =IF(AB47=1,COUNTIF($AB$27:AB47,1),"") | BC47: =IF(AC47=1,COUNTIF($AC$27:AC47,1),"") | BD47: =IF(AD47=1,COUNTIF($AD$27:AD47,1),"") | BE47: =IF(AE47=1,COUNTIF($AE$27:AE47,1),"") | BF47: =IF(AF47=1,COUNTIF($AF$27:AF47,1),"") | BG47: =IF(AG47=1,COUNTIF($AG$27:AG47,1),"") | BH47: =IF(AH47=1,COUNTIF($AH$27:AH47,1),"") | BI47: =IF(AI47=1,COUNTIF($AI$27:AI47,1),"") | BJ47: =IF(AJ47=1,COUNTIF($AJ$27:AJ47,1),"") | BK47: =IF(AK47=1,COUNTIF($AK$27:AK47,1),"") | BQ47: 11 | BR47: Consolidation Test/Uji Konsolidasi | BS47: 2812:2011 | BT47: 23-MINEARTH-RM-LHU-CON-R0
B48: =B47+1 -> 22 | C48: =CONCATENATE(F48,"-",G48) -> SPOT 02-01 | D48: =IF(E48="DS","Disturbed Sample", IF(E48="UDS","Undisturbed Sample", IF(E48="BS","Bulk Sample", IF(E48="CS","Composite Sample","")))) -> Bulk Sample | E48: BS | F48: SPOT 02 | G48: 01 | H48: =IF(OR($H$12="",$H$11="",E48="",B48=""),"",RIGHT($H$12,2)&"-"&TEXT($H$11,"000")&"-"&E48&"-"&TEXT(B48,"000")) -> 26-001-BS-022 | J48: =IF(AND(K48=0,L48=0), "-", TEXT(K48,"0.00")&" - "&TEXT(L48,"0.00")&" m") -> - | M48: =TEXT(B48,"000")&"-"&C48&"-"&TEXT(K48,"0.00")&"-"&TEXT(L48,"0.00")&"m" -> 022-SPOT 02-01-0.00-0.00m | AN48: =IF(N48=1,COUNTIF($N$27:N48,1),"") | AO48: =IF(O48=1,COUNTIF($O$27:O48,1),"") | AP48: =IF(P48=1,COUNTIF($P$27:P48,1),"") | AQ48: =IF(Q48=1,COUNTIF($Q$27:Q48,1),"") | AR48: =IF(R48=1,COUNTIF($R$27:R48,1),"") | AS48: =IF(S48=1,COUNTIF($S$27:S48,1),"") | AT48: =IF(T48=1,COUNTIF($T$27:T48,1),"") | AU48: =IF(U48=1,COUNTIF($U$27:U48,1),"") | AV48: =IF(V48=1,COUNTIF($V$27:V48,1),"") | AW48: =IF(W48=1,COUNTIF($W$27:W48,1),"") | AX48: =IF(X48=1,COUNTIF($X$27:X48,1),"") | AY48: =IF(Y48=1,COUNTIF($Y$27:Y48,1),"") | AZ48: =IF(Z48=1,COUNTIF($Z$27:Z48,1),"") | BA48: =IF(AA48=1,COUNTIF($AA$27:AA48,1),"") | BB48: =IF(AB48=1,COUNTIF($AB$27:AB48,1),"") | BC48: =IF(AC48=1,COUNTIF($AC$27:AC48,1),"") | BD48: =IF(AD48=1,COUNTIF($AD$27:AD48,1),"") | BE48: =IF(AE48=1,COUNTIF($AE$27:AE48,1),"") | BF48: =IF(AF48=1,COUNTIF($AF$27:AF48,1),"") | BG48: =IF(AG48=1,COUNTIF($AG$27:AG48,1),"") | BH48: =IF(AH48=1,COUNTIF($AH$27:AH48,1),"") | BI48: =IF(AI48=1,COUNTIF($AI$27:AI48,1),"") | BJ48: =IF(AJ48=1,COUNTIF($AJ$27:AJ48,1),"") | BK48: =IF(AK48=1,COUNTIF($AK$27:AK48,1),"") | BQ48: 12 | BR48: Compaction :
B49: =B48+1 -> 23 | C49: =CONCATENATE(F49,"-",G49) -> SPOT 03-01 | D49: =IF(E49="DS","Disturbed Sample", IF(E49="UDS","Undisturbed Sample", IF(E49="BS","Bulk Sample", IF(E49="CS","Composite Sample","")))) -> Bulk Sample | E49: BS | F49: SPOT 03 | G49: 01 | H49: =IF(OR($H$12="",$H$11="",E49="",B49=""),"",RIGHT($H$12,2)&"-"&TEXT($H$11,"000")&"-"&E49&"-"&TEXT(B49,"000")) -> 26-001-BS-023 | J49: =IF(AND(K49=0,L49=0), "-", TEXT(K49,"0.00")&" - "&TEXT(L49,"0.00")&" m") -> - | M49: =TEXT(B49,"000")&"-"&C49&"-"&TEXT(K49,"0.00")&"-"&TEXT(L49,"0.00")&"m" -> 023-SPOT 03-01-0.00-0.00m | AN49: =IF(N49=1,COUNTIF($N$27:N49,1),"") | AO49: =IF(O49=1,COUNTIF($O$27:O49,1),"") | AP49: =IF(P49=1,COUNTIF($P$27:P49,1),"") | AQ49: =IF(Q49=1,COUNTIF($Q$27:Q49,1),"") | AR49: =IF(R49=1,COUNTIF($R$27:R49,1),"") | AS49: =IF(S49=1,COUNTIF($S$27:S49,1),"") | AT49: =IF(T49=1,COUNTIF($T$27:T49,1),"") | AU49: =IF(U49=1,COUNTIF($U$27:U49,1),"") | AV49: =IF(V49=1,COUNTIF($V$27:V49,1),"") | AW49: =IF(W49=1,COUNTIF($W$27:W49,1),"") | AX49: =IF(X49=1,COUNTIF($X$27:X49,1),"") | AY49: =IF(Y49=1,COUNTIF($Y$27:Y49,1),"") | AZ49: =IF(Z49=1,COUNTIF($Z$27:Z49,1),"") | BA49: =IF(AA49=1,COUNTIF($AA$27:AA49,1),"") | BB49: =IF(AB49=1,COUNTIF($AB$27:AB49,1),"") | BC49: =IF(AC49=1,COUNTIF($AC$27:AC49,1),"") | BD49: =IF(AD49=1,COUNTIF($AD$27:AD49,1),"") | BE49: =IF(AE49=1,COUNTIF($AE$27:AE49,1),"") | BF49: =IF(AF49=1,COUNTIF($AF$27:AF49,1),"") | BG49: =IF(AG49=1,COUNTIF($AG$27:AG49,1),"") | BH49: =IF(AH49=1,COUNTIF($AH$27:AH49,1),"") | BI49: =IF(AI49=1,COUNTIF($AI$27:AI49,1),"") | BJ49: =IF(AJ49=1,COUNTIF($AJ$27:AJ49,1),"") | BK49: =IF(AK49=1,COUNTIF($AK$27:AK49,1),"") | BR49: - Compaction Standard Proctor/Uji Kepadatan Ringan | BS49: 1742:2008 | BT49: 23-MINEARTH-RM-LHU-CMP-S-R0
B50: =B49+1 -> 24 | C50: =CONCATENATE(F50,"-",G50) -> SPOT 04-01 | D50: =IF(E50="DS","Disturbed Sample", IF(E50="UDS","Undisturbed Sample", IF(E50="BS","Bulk Sample", IF(E50="CS","Composite Sample","")))) -> Bulk Sample | E50: BS | F50: SPOT 04 | G50: 01 | H50: =IF(OR($H$12="",$H$11="",E50="",B50=""),"",RIGHT($H$12,2)&"-"&TEXT($H$11,"000")&"-"&E50&"-"&TEXT(B50,"000")) -> 26-001-BS-024 | J50: =IF(AND(K50=0,L50=0), "-", TEXT(K50,"0.00")&" - "&TEXT(L50,"0.00")&" m") -> - | M50: =TEXT(B50,"000")&"-"&C50&"-"&TEXT(K50,"0.00")&"-"&TEXT(L50,"0.00")&"m" -> 024-SPOT 04-01-0.00-0.00m | AN50: =IF(N50=1,COUNTIF($N$27:N50,1),"") | AO50: =IF(O50=1,COUNTIF($O$27:O50,1),"") | AP50: =IF(P50=1,COUNTIF($P$27:P50,1),"") | AQ50: =IF(Q50=1,COUNTIF($Q$27:Q50,1),"") | AR50: =IF(R50=1,COUNTIF($R$27:R50,1),"") | AS50: =IF(S50=1,COUNTIF($S$27:S50,1),"") | AT50: =IF(T50=1,COUNTIF($T$27:T50,1),"") | AU50: =IF(U50=1,COUNTIF($U$27:U50,1),"") | AV50: =IF(V50=1,COUNTIF($V$27:V50,1),"") | AW50: =IF(W50=1,COUNTIF($W$27:W50,1),"") | AX50: =IF(X50=1,COUNTIF($X$27:X50,1),"") | AY50: =IF(Y50=1,COUNTIF($Y$27:Y50,1),"") | AZ50: =IF(Z50=1,COUNTIF($Z$27:Z50,1),"") | BA50: =IF(AA50=1,COUNTIF($AA$27:AA50,1),"") | BB50: =IF(AB50=1,COUNTIF($AB$27:AB50,1),"") | BC50: =IF(AC50=1,COUNTIF($AC$27:AC50,1),"") | BD50: =IF(AD50=1,COUNTIF($AD$27:AD50,1),"") | BE50: =IF(AE50=1,COUNTIF($AE$27:AE50,1),"") | BF50: =IF(AF50=1,COUNTIF($AF$27:AF50,1),"") | BG50: =IF(AG50=1,COUNTIF($AG$27:AG50,1),"") | BH50: =IF(AH50=1,COUNTIF($AH$27:AH50,1),"") | BI50: =IF(AI50=1,COUNTIF($AI$27:AI50,1),"") | BJ50: =IF(AJ50=1,COUNTIF($AJ$27:AJ50,1),"") | BK50: =IF(AK50=1,COUNTIF($AK$27:AK50,1),"") | BR50: - Compaction Modified Proctor/Uji Kepadatan Berat | BS50: 1743:2008 | BT50: 23-MINEARTH-RM-LHU-CMP-M-R0
B51: =B50+1 -> 25 | C51: =CONCATENATE(F51,"-",G51) -> SPOT 05-01 | D51: =IF(E51="DS","Disturbed Sample", IF(E51="UDS","Undisturbed Sample", IF(E51="BS","Bulk Sample", IF(E51="CS","Composite Sample","")))) -> Bulk Sample | E51: BS | F51: SPOT 05 | G51: 01 | H51: =IF(OR($H$12="",$H$11="",E51="",B51=""),"",RIGHT($H$12,2)&"-"&TEXT($H$11,"000")&"-"&E51&"-"&TEXT(B51,"000")) -> 26-001-BS-025 | J51: =IF(AND(K51=0,L51=0), "-", TEXT(K51,"0.00")&" - "&TEXT(L51,"0.00")&" m") -> - | M51: =TEXT(B51,"000")&"-"&C51&"-"&TEXT(K51,"0.00")&"-"&TEXT(L51,"0.00")&"m" -> 025-SPOT 05-01-0.00-0.00m | AN51: =IF(N51=1,COUNTIF($N$27:N51,1),"") | AO51: =IF(O51=1,COUNTIF($O$27:O51,1),"") | AP51: =IF(P51=1,COUNTIF($P$27:P51,1),"") | AQ51: =IF(Q51=1,COUNTIF($Q$27:Q51,1),"") | AR51: =IF(R51=1,COUNTIF($R$27:R51,1),"") | AS51: =IF(S51=1,COUNTIF($S$27:S51,1),"") | AT51: =IF(T51=1,COUNTIF($T$27:T51,1),"") | AU51: =IF(U51=1,COUNTIF($U$27:U51,1),"") | AV51: =IF(V51=1,COUNTIF($V$27:V51,1),"") | AW51: =IF(W51=1,COUNTIF($W$27:W51,1),"") | AX51: =IF(X51=1,COUNTIF($X$27:X51,1),"") | AY51: =IF(Y51=1,COUNTIF($Y$27:Y51,1),"") | AZ51: =IF(Z51=1,COUNTIF($Z$27:Z51,1),"") | BA51: =IF(AA51=1,COUNTIF($AA$27:AA51,1),"") | BB51: =IF(AB51=1,COUNTIF($AB$27:AB51,1),"") | BC51: =IF(AC51=1,COUNTIF($AC$27:AC51,1),"") | BD51: =IF(AD51=1,COUNTIF($AD$27:AD51,1),"") | BE51: =IF(AE51=1,COUNTIF($AE$27:AE51,1),"") | BF51: =IF(AF51=1,COUNTIF($AF$27:AF51,1),"") | BG51: =IF(AG51=1,COUNTIF($AG$27:AG51,1),"") | BH51: =IF(AH51=1,COUNTIF($AH$27:AH51,1),"") | BI51: =IF(AI51=1,COUNTIF($AI$27:AI51,1),"") | BJ51: =IF(AJ51=1,COUNTIF($AJ$27:AJ51,1),"") | BK51: =IF(AK51=1,COUNTIF($AK$27:AK51,1),"") | BQ51: 13 | BR51: CBR Lab :
C52: =CONCATENATE(F52,"-",G52) -> - | D52: =IF(E52="DS","Contoh Terganggu / Disturbed Sample", IF(E52="UDS","Contoh Tidak Terganggu / Undisturbed Sample", IF(E52="BS","Contoh Curah / Bulk Sample", IF(E52="CS","Contoh Komposit / Composite Sample","")))) | J52: =IF(AND(K52=0,L52=0), "-", TEXT(K52,"0.00")&" - "&TEXT(L52,"0.00")&" m") -> - | AN52: =IF(N52=1,COUNTIF($N$27:N52,1),"") | AO52: =IF(O52=1,COUNTIF($O$27:O52,1),"") | AP52: =IF(P52=1,COUNTIF($P$27:P52,1),"") | AQ52: =IF(Q52=1,COUNTIF($Q$27:Q52,1),"") | AR52: =IF(R52=1,COUNTIF($R$27:R52,1),"") | AS52: =IF(S52=1,COUNTIF($S$27:S52,1),"") | AT52: =IF(T52=1,COUNTIF($T$27:T52,1),"") | AU52: =IF(U52=1,COUNTIF($U$27:U52,1),"") | AV52: =IF(V52=1,COUNTIF($V$27:V52,1),"") | AW52: =IF(W52=1,COUNTIF($W$27:W52,1),"") | AX52: =IF(X52=1,COUNTIF($X$27:X52,1),"") | AY52: =IF(Y52=1,COUNTIF($Y$27:Y52,1),"") | AZ52: =IF(Z52=1,COUNTIF($Z$27:Z52,1),"") | BA52: =IF(AA52=1,COUNTIF($AA$27:AA52,1),"") | BB52: =IF(AB52=1,COUNTIF($AB$27:AB52,1),"") | BC52: =IF(AC52=1,COUNTIF($AC$27:AC52,1),"") | BD52: =IF(AD52=1,COUNTIF($AD$27:AD52,1),"") | BE52: =IF(AE52=1,COUNTIF($AE$27:AE52,1),"") | BF52: =IF(AF52=1,COUNTIF($AF$27:AF52,1),"") | BG52: =IF(AG52=1,COUNTIF($AG$27:AG52,1),"") | BH52: =IF(AH52=1,COUNTIF($AH$27:AH52,1),"") | BI52: =IF(AI52=1,COUNTIF($AI$27:AI52,1),"") | BJ52: =IF(AJ52=1,COUNTIF($AJ$27:AJ52,1),"") | BK52: =IF(AK52=1,COUNTIF($AK$27:AK52,1),"") | BR52: - CBR Soaked | BS52: 1744:2012 | BT52: 23-MINEARTH-RM-LHU-CBR-S-R0
C53: =CONCATENATE(F53,"-",G53) -> - | D53: =IF(E53="DS","Contoh Terganggu / Disturbed Sample", IF(E53="UDS","Contoh Tidak Terganggu / Undisturbed Sample", IF(E53="BS","Contoh Curah / Bulk Sample", IF(E53="CS","Contoh Komposit / Composite Sample","")))) | J53: =IF(AND(K53=0,L53=0), "-", TEXT(K53,"0.00")&" - "&TEXT(L53,"0.00")&" m") -> - | AN53: =IF(N53=1,COUNTIF($N$27:N53,1),"") | AO53: =IF(O53=1,COUNTIF($O$27:O53,1),"") | AP53: =IF(P53=1,COUNTIF($P$27:P53,1),"") | AQ53: =IF(Q53=1,COUNTIF($Q$27:Q53,1),"") | AR53: =IF(R53=1,COUNTIF($R$27:R53,1),"") | AS53: =IF(S53=1,COUNTIF($S$27:S53,1),"") | AT53: =IF(T53=1,COUNTIF($T$27:T53,1),"") | AU53: =IF(U53=1,COUNTIF($U$27:U53,1),"") | AV53: =IF(V53=1,COUNTIF($V$27:V53,1),"") | AW53: =IF(W53=1,COUNTIF($W$27:W53,1),"") | AX53: =IF(X53=1,COUNTIF($X$27:X53,1),"") | AY53: =IF(Y53=1,COUNTIF($Y$27:Y53,1),"") | AZ53: =IF(Z53=1,COUNTIF($Z$27:Z53,1),"") | BA53: =IF(AA53=1,COUNTIF($AA$27:AA53,1),"") | BB53: =IF(AB53=1,COUNTIF($AB$27:AB53,1),"") | BC53: =IF(AC53=1,COUNTIF($AC$27:AC53,1),"") | BD53: =IF(AD53=1,COUNTIF($AD$27:AD53,1),"") | BE53: =IF(AE53=1,COUNTIF($AE$27:AE53,1),"") | BF53: =IF(AF53=1,COUNTIF($AF$27:AF53,1),"") | BG53: =IF(AG53=1,COUNTIF($AG$27:AG53,1),"") | BH53: =IF(AH53=1,COUNTIF($AH$27:AH53,1),"") | BI53: =IF(AI53=1,COUNTIF($AI$27:AI53,1),"") | BJ53: =IF(AJ53=1,COUNTIF($AJ$27:AJ53,1),"") | BK53: =IF(AK53=1,COUNTIF($AK$27:AK53,1),"") | BR53: - CBR Unsoaked | BS53: 1744:2012 | BT53: 23-MINEARTH-RM-LHU-CBR-U-R0
C54: =CONCATENATE(F54,"-",G54) -> - | D54: =IF(E54="DS","Contoh Terganggu / Disturbed Sample", IF(E54="UDS","Contoh Tidak Terganggu / Undisturbed Sample", IF(E54="BS","Contoh Curah / Bulk Sample", IF(E54="CS","Contoh Komposit / Composite Sample","")))) | J54: =IF(AND(K54=0,L54=0), "-", TEXT(K54,"0.00")&" - "&TEXT(L54,"0.00")&" m") -> - | AN54: =IF(N54=1,COUNTIF($N$27:N54,1),"") | AO54: =IF(O54=1,COUNTIF($O$27:O54,1),"") | AP54: =IF(P54=1,COUNTIF($P$27:P54,1),"") | AQ54: =IF(Q54=1,COUNTIF($Q$27:Q54,1),"") | AR54: =IF(R54=1,COUNTIF($R$27:R54,1),"") | AS54: =IF(S54=1,COUNTIF($S$27:S54,1),"") | AT54: =IF(T54=1,COUNTIF($T$27:T54,1),"") | AU54: =IF(U54=1,COUNTIF($U$27:U54,1),"") | AV54: =IF(V54=1,COUNTIF($V$27:V54,1),"") | AW54: =IF(W54=1,COUNTIF($W$27:W54,1),"") | AX54: =IF(X54=1,COUNTIF($X$27:X54,1),"") | AY54: =IF(Y54=1,COUNTIF($Y$27:Y54,1),"") | AZ54: =IF(Z54=1,COUNTIF($Z$27:Z54,1),"") | BA54: =IF(AA54=1,COUNTIF($AA$27:AA54,1),"") | BB54: =IF(AB54=1,COUNTIF($AB$27:AB54,1),"") | BC54: =IF(AC54=1,COUNTIF($AC$27:AC54,1),"") | BD54: =IF(AD54=1,COUNTIF($AD$27:AD54,1),"") | BE54: =IF(AE54=1,COUNTIF($AE$27:AE54,1),"") | BF54: =IF(AF54=1,COUNTIF($AF$27:AF54,1),"") | BG54: =IF(AG54=1,COUNTIF($AG$27:AG54,1),"") | BH54: =IF(AH54=1,COUNTIF($AH$27:AH54,1),"") | BI54: =IF(AI54=1,COUNTIF($AI$27:AI54,1),"") | BJ54: =IF(AJ54=1,COUNTIF($AJ$27:AJ54,1),"") | BK54: =IF(AK54=1,COUNTIF($AK$27:AK54,1),"") | BQ54: 14 | BR54: Permeability/Uji Kelulusan Air dengan metoda Falling head | BS54: 03-6870-2002 | BT54: 23-MINEARTH-RM-LHU-PFH-R0
C55: =CONCATENATE(F55,"-",G55) -> - | D55: =IF(E55="DS","Contoh Terganggu / Disturbed Sample", IF(E55="UDS","Contoh Tidak Terganggu / Undisturbed Sample", IF(E55="BS","Contoh Curah / Bulk Sample", IF(E55="CS","Contoh Komposit / Composite Sample","")))) | J55: =IF(AND(K55=0,L55=0), "-", TEXT(K55,"0.00")&" - "&TEXT(L55,"0.00")&" m") -> - | AN55: =IF(N55=1,COUNTIF($N$27:N55,1),"") | AO55: =IF(O55=1,COUNTIF($O$27:O55,1),"") | AP55: =IF(P55=1,COUNTIF($P$27:P55,1),"") | AQ55: =IF(Q55=1,COUNTIF($Q$27:Q55,1),"") | AR55: =IF(R55=1,COUNTIF($R$27:R55,1),"") | AS55: =IF(S55=1,COUNTIF($S$27:S55,1),"") | AT55: =IF(T55=1,COUNTIF($T$27:T55,1),"") | AU55: =IF(U55=1,COUNTIF($U$27:U55,1),"") | AV55: =IF(V55=1,COUNTIF($V$27:V55,1),"") | AW55: =IF(W55=1,COUNTIF($W$27:W55,1),"") | AX55: =IF(X55=1,COUNTIF($X$27:X55,1),"") | AY55: =IF(Y55=1,COUNTIF($Y$27:Y55,1),"") | AZ55: =IF(Z55=1,COUNTIF($Z$27:Z55,1),"") | BA55: =IF(AA55=1,COUNTIF($AA$27:AA55,1),"") | BB55: =IF(AB55=1,COUNTIF($AB$27:AB55,1),"") | BC55: =IF(AC55=1,COUNTIF($AC$27:AC55,1),"") | BD55: =IF(AD55=1,COUNTIF($AD$27:AD55,1),"") | BE55: =IF(AE55=1,COUNTIF($AE$27:AE55,1),"") | BF55: =IF(AF55=1,COUNTIF($AF$27:AF55,1),"") | BG55: =IF(AG55=1,COUNTIF($AG$27:AG55,1),"") | BH55: =IF(AH55=1,COUNTIF($AH$27:AH55,1),"") | BI55: =IF(AI55=1,COUNTIF($AI$27:AI55,1),"") | BJ55: =IF(AJ55=1,COUNTIF($AJ$27:AJ55,1),"") | BK55: =IF(AK55=1,COUNTIF($AK$27:AK55,1),"") | BQ55: 15 | BR55: Swelling Pressure/Uji Tekanan Ekspansi | BS55: 6424:2008 | BT55: 23-MINEARTH-RM-LHU-SWP-R0
C56: =CONCATENATE(F56,"-",G56) -> - | D56: =IF(E56="DS","Contoh Terganggu / Disturbed Sample", IF(E56="UDS","Contoh Tidak Terganggu / Undisturbed Sample", IF(E56="BS","Contoh Curah / Bulk Sample", IF(E56="CS","Contoh Komposit / Composite Sample","")))) | J56: =IF(AND(K56=0,L56=0), "-", TEXT(K56,"0.00")&" - "&TEXT(L56,"0.00")&" m") -> - | AN56: =IF(N56=1,COUNTIF($N$27:N56,1),"") | AO56: =IF(O56=1,COUNTIF($O$27:O56,1),"") | AP56: =IF(P56=1,COUNTIF($P$27:P56,1),"") | AQ56: =IF(Q56=1,COUNTIF($Q$27:Q56,1),"") | AR56: =IF(R56=1,COUNTIF($R$27:R56,1),"") | AS56: =IF(S56=1,COUNTIF($S$27:S56,1),"") | AT56: =IF(T56=1,COUNTIF($T$27:T56,1),"") | AU56: =IF(U56=1,COUNTIF($U$27:U56,1),"") | AV56: =IF(V56=1,COUNTIF($V$27:V56,1),"") | AW56: =IF(W56=1,COUNTIF($W$27:W56,1),"") | AX56: =IF(X56=1,COUNTIF($X$27:X56,1),"") | AY56: =IF(Y56=1,COUNTIF($Y$27:Y56,1),"") | AZ56: =IF(Z56=1,COUNTIF($Z$27:Z56,1),"") | BA56: =IF(AA56=1,COUNTIF($AA$27:AA56,1),"") | BB56: =IF(AB56=1,COUNTIF($AB$27:AB56,1),"") | BC56: =IF(AC56=1,COUNTIF($AC$27:AC56,1),"") | BD56: =IF(AD56=1,COUNTIF($AD$27:AD56,1),"") | BE56: =IF(AE56=1,COUNTIF($AE$27:AE56,1),"") | BF56: =IF(AF56=1,COUNTIF($AF$27:AF56,1),"") | BG56: =IF(AG56=1,COUNTIF($AG$27:AG56,1),"") | BH56: =IF(AH56=1,COUNTIF($AH$27:AH56,1),"") | BI56: =IF(AI56=1,COUNTIF($AI$27:AI56,1),"") | BJ56: =IF(AJ56=1,COUNTIF($AJ$27:AJ56,1),"") | BK56: =IF(AK56=1,COUNTIF($AK$27:AK56,1),"") | BQ56: 16 | BR56: Shrinkage Limit/Uji Batas Susut Tanah | BS56: 3422:2008 | BT56: 23-MINEARTH-RM-LHU-SL-R0
C57: =CONCATENATE(F57,"-",G57) -> - | D57: =IF(E57="DS","Contoh Terganggu / Disturbed Sample", IF(E57="UDS","Contoh Tidak Terganggu / Undisturbed Sample", IF(E57="BS","Contoh Curah / Bulk Sample", IF(E57="CS","Contoh Komposit / Composite Sample","")))) | J57: =IF(AND(K57=0,L57=0), "-", TEXT(K57,"0.00")&" - "&TEXT(L57,"0.00")&" m") -> - | AN57: =IF(N57=1,COUNTIF($N$27:N57,1),"") | AO57: =IF(O57=1,COUNTIF($O$27:O57,1),"") | AP57: =IF(P57=1,COUNTIF($P$27:P57,1),"") | AQ57: =IF(Q57=1,COUNTIF($Q$27:Q57,1),"") | AR57: =IF(R57=1,COUNTIF($R$27:R57,1),"") | AS57: =IF(S57=1,COUNTIF($S$27:S57,1),"") | AT57: =IF(T57=1,COUNTIF($T$27:T57,1),"") | AU57: =IF(U57=1,COUNTIF($U$27:U57,1),"") | AV57: =IF(V57=1,COUNTIF($V$27:V57,1),"") | AW57: =IF(W57=1,COUNTIF($W$27:W57,1),"") | AX57: =IF(X57=1,COUNTIF($X$27:X57,1),"") | AY57: =IF(Y57=1,COUNTIF($Y$27:Y57,1),"") | AZ57: =IF(Z57=1,COUNTIF($Z$27:Z57,1),"") | BA57: =IF(AA57=1,COUNTIF($AA$27:AA57,1),"") | BB57: =IF(AB57=1,COUNTIF($AB$27:AB57,1),"") | BC57: =IF(AC57=1,COUNTIF($AC$27:AC57,1),"") | BD57: =IF(AD57=1,COUNTIF($AD$27:AD57,1),"") | BE57: =IF(AE57=1,COUNTIF($AE$27:AE57,1),"") | BF57: =IF(AF57=1,COUNTIF($AF$27:AF57,1),"") | BG57: =IF(AG57=1,COUNTIF($AG$27:AG57,1),"") | BH57: =IF(AH57=1,COUNTIF($AH$27:AH57,1),"") | BI57: =IF(AI57=1,COUNTIF($AI$27:AI57,1),"") | BJ57: =IF(AJ57=1,COUNTIF($AJ$27:AJ57,1),"") | BK57: =IF(AK57=1,COUNTIF($AK$27:AK57,1),"")
C58: =CONCATENATE(F58,"-",G58) -> - | D58: =IF(E58="DS","Contoh Terganggu / Disturbed Sample", IF(E58="UDS","Contoh Tidak Terganggu / Undisturbed Sample", IF(E58="BS","Contoh Curah / Bulk Sample", IF(E58="CS","Contoh Komposit / Composite Sample","")))) | J58: =IF(AND(K58=0,L58=0), "-", TEXT(K58,"0.00")&" - "&TEXT(L58,"0.00")&" m") -> - | AN58: =IF(N58=1,COUNTIF($N$27:N58,1),"") | AO58: =IF(O58=1,COUNTIF($O$27:O58,1),"") | AP58: =IF(P58=1,COUNTIF($P$27:P58,1),"") | AQ58: =IF(Q58=1,COUNTIF($Q$27:Q58,1),"") | AR58: =IF(R58=1,COUNTIF($R$27:R58,1),"") | AS58: =IF(S58=1,COUNTIF($S$27:S58,1),"") | AT58: =IF(T58=1,COUNTIF($T$27:T58,1),"") | AU58: =IF(U58=1,COUNTIF($U$27:U58,1),"") | AV58: =IF(V58=1,COUNTIF($V$27:V58,1),"") | AW58: =IF(W58=1,COUNTIF($W$27:W58,1),"") | AX58: =IF(X58=1,COUNTIF($X$27:X58,1),"") | AY58: =IF(Y58=1,COUNTIF($Y$27:Y58,1),"") | AZ58: =IF(Z58=1,COUNTIF($Z$27:Z58,1),"") | BA58: =IF(AA58=1,COUNTIF($AA$27:AA58,1),"") | BB58: =IF(AB58=1,COUNTIF($AB$27:AB58,1),"") | BC58: =IF(AC58=1,COUNTIF($AC$27:AC58,1),"") | BD58: =IF(AD58=1,COUNTIF($AD$27:AD58,1),"") | BE58: =IF(AE58=1,COUNTIF($AE$27:AE58,1),"") | BF58: =IF(AF58=1,COUNTIF($AF$27:AF58,1),"") | BG58: =IF(AG58=1,COUNTIF($AG$27:AG58,1),"") | BH58: =IF(AH58=1,COUNTIF($AH$27:AH58,1),"") | BI58: =IF(AI58=1,COUNTIF($AI$27:AI58,1),"") | BJ58: =IF(AJ58=1,COUNTIF($AJ$27:AJ58,1),"") | BK58: =IF(AK58=1,COUNTIF($AK$27:AK58,1),"")
C59: =CONCATENATE(F59,"-",G59) -> - | D59: =IF(E59="DS","Contoh Terganggu / Disturbed Sample", IF(E59="UDS","Contoh Tidak Terganggu / Undisturbed Sample", IF(E59="BS","Contoh Curah / Bulk Sample", IF(E59="CS","Contoh Komposit / Composite Sample","")))) | J59: =IF(AND(K59=0,L59=0), "-", TEXT(K59,"0.00")&" - "&TEXT(L59,"0.00")&" m") -> - | AN59: =IF(N59=1,COUNTIF($N$27:N59,1),"") | AO59: =IF(O59=1,COUNTIF($O$27:O59,1),"") | AP59: =IF(P59=1,COUNTIF($P$27:P59,1),"") | AQ59: =IF(Q59=1,COUNTIF($Q$27:Q59,1),"") | AR59: =IF(R59=1,COUNTIF($R$27:R59,1),"") | AS59: =IF(S59=1,COUNTIF($S$27:S59,1),"") | AT59: =IF(T59=1,COUNTIF($T$27:T59,1),"") | AU59: =IF(U59=1,COUNTIF($U$27:U59,1),"") | AV59: =IF(V59=1,COUNTIF($V$27:V59,1),"") | AW59: =IF(W59=1,COUNTIF($W$27:W59,1),"") | AX59: =IF(X59=1,COUNTIF($X$27:X59,1),"") | AY59: =IF(Y59=1,COUNTIF($Y$27:Y59,1),"") | AZ59: =IF(Z59=1,COUNTIF($Z$27:Z59,1),"") | BA59: =IF(AA59=1,COUNTIF($AA$27:AA59,1),"") | BB59: =IF(AB59=1,COUNTIF($AB$27:AB59,1),"") | BC59: =IF(AC59=1,COUNTIF($AC$27:AC59,1),"") | BD59: =IF(AD59=1,COUNTIF($AD$27:AD59,1),"") | BE59: =IF(AE59=1,COUNTIF($AE$27:AE59,1),"") | BF59: =IF(AF59=1,COUNTIF($AF$27:AF59,1),"") | BG59: =IF(AG59=1,COUNTIF($AG$27:AG59,1),"") | BH59: =IF(AH59=1,COUNTIF($AH$27:AH59,1),"") | BI59: =IF(AI59=1,COUNTIF($AI$27:AI59,1),"") | BJ59: =IF(AJ59=1,COUNTIF($AJ$27:AJ59,1),"") | BK59: =IF(AK59=1,COUNTIF($AK$27:AK59,1),"")
C60: =CONCATENATE(F60,"-",G60) -> - | D60: =IF(E60="DS","Contoh Terganggu / Disturbed Sample", IF(E60="UDS","Contoh Tidak Terganggu / Undisturbed Sample", IF(E60="BS","Contoh Curah / Bulk Sample", IF(E60="CS","Contoh Komposit / Composite Sample","")))) | J60: =IF(AND(K60=0,L60=0), "-", TEXT(K60,"0.00")&" - "&TEXT(L60,"0.00")&" m") -> - | AN60: =IF(N60=1,COUNTIF($N$27:N60,1),"") | AO60: =IF(O60=1,COUNTIF($O$27:O60,1),"") | AP60: =IF(P60=1,COUNTIF($P$27:P60,1),"") | AQ60: =IF(Q60=1,COUNTIF($Q$27:Q60,1),"") | AR60: =IF(R60=1,COUNTIF($R$27:R60,1),"") | AS60: =IF(S60=1,COUNTIF($S$27:S60,1),"") | AT60: =IF(T60=1,COUNTIF($T$27:T60,1),"") | AU60: =IF(U60=1,COUNTIF($U$27:U60,1),"") | AV60: =IF(V60=1,COUNTIF($V$27:V60,1),"") | AW60: =IF(W60=1,COUNTIF($W$27:W60,1),"") | AX60: =IF(X60=1,COUNTIF($X$27:X60,1),"") | AY60: =IF(Y60=1,COUNTIF($Y$27:Y60,1),"") | AZ60: =IF(Z60=1,COUNTIF($Z$27:Z60,1),"") | BA60: =IF(AA60=1,COUNTIF($AA$27:AA60,1),"") | BB60: =IF(AB60=1,COUNTIF($AB$27:AB60,1),"") | BC60: =IF(AC60=1,COUNTIF($AC$27:AC60,1),"") | BD60: =IF(AD60=1,COUNTIF($AD$27:AD60,1),"") | BE60: =IF(AE60=1,COUNTIF($AE$27:AE60,1),"") | BF60: =IF(AF60=1,COUNTIF($AF$27:AF60,1),"") | BG60: =IF(AG60=1,COUNTIF($AG$27:AG60,1),"") | BH60: =IF(AH60=1,COUNTIF($AH$27:AH60,1),"") | BI60: =IF(AI60=1,COUNTIF($AI$27:AI60,1),"") | BJ60: =IF(AJ60=1,COUNTIF($AJ$27:AJ60,1),"") | BK60: =IF(AK60=1,COUNTIF($AK$27:AK60,1),"")
C61: =CONCATENATE(F61,"-",G61) -> - | D61: =IF(E61="DS","Contoh Terganggu / Disturbed Sample", IF(E61="UDS","Contoh Tidak Terganggu / Undisturbed Sample", IF(E61="BS","Contoh Curah / Bulk Sample", IF(E61="CS","Contoh Komposit / Composite Sample","")))) | J61: =IF(AND(K61=0,L61=0), "-", TEXT(K61,"0.00")&" - "&TEXT(L61,"0.00")&" m") -> - | AN61: =IF(N61=1,COUNTIF($N$27:N61,1),"") | AO61: =IF(O61=1,COUNTIF($O$27:O61,1),"") | AP61: =IF(P61=1,COUNTIF($P$27:P61,1),"") | AQ61: =IF(Q61=1,COUNTIF($Q$27:Q61,1),"") | AR61: =IF(R61=1,COUNTIF($R$27:R61,1),"") | AS61: =IF(S61=1,COUNTIF($S$27:S61,1),"") | AT61: =IF(T61=1,COUNTIF($T$27:T61,1),"") | AU61: =IF(U61=1,COUNTIF($U$27:U61,1),"") | AV61: =IF(V61=1,COUNTIF($V$27:V61,1),"") | AW61: =IF(W61=1,COUNTIF($W$27:W61,1),"") | AX61: =IF(X61=1,COUNTIF($X$27:X61,1),"") | AY61: =IF(Y61=1,COUNTIF($Y$27:Y61,1),"") | AZ61: =IF(Z61=1,COUNTIF($Z$27:Z61,1),"") | BA61: =IF(AA61=1,COUNTIF($AA$27:AA61,1),"") | BB61: =IF(AB61=1,COUNTIF($AB$27:AB61,1),"") | BC61: =IF(AC61=1,COUNTIF($AC$27:AC61,1),"") | BD61: =IF(AD61=1,COUNTIF($AD$27:AD61,1),"") | BE61: =IF(AE61=1,COUNTIF($AE$27:AE61,1),"") | BF61: =IF(AF61=1,COUNTIF($AF$27:AF61,1),"") | BG61: =IF(AG61=1,COUNTIF($AG$27:AG61,1),"") | BH61: =IF(AH61=1,COUNTIF($AH$27:AH61,1),"") | BI61: =IF(AI61=1,COUNTIF($AI$27:AI61,1),"") | BJ61: =IF(AJ61=1,COUNTIF($AJ$27:AJ61,1),"") | BK61: =IF(AK61=1,COUNTIF($AK$27:AK61,1),"")
C62: =CONCATENATE(F62,"-",G62) -> - | D62: =IF(E62="DS","Contoh Terganggu / Disturbed Sample", IF(E62="UDS","Contoh Tidak Terganggu / Undisturbed Sample", IF(E62="BS","Contoh Curah / Bulk Sample", IF(E62="CS","Contoh Komposit / Composite Sample","")))) | J62: =IF(AND(K62=0,L62=0), "-", TEXT(K62,"0.00")&" - "&TEXT(L62,"0.00")&" m") -> - | AN62: =IF(N62=1,COUNTIF($N$27:N62,1),"") | AO62: =IF(O62=1,COUNTIF($O$27:O62,1),"") | AP62: =IF(P62=1,COUNTIF($P$27:P62,1),"") | AQ62: =IF(Q62=1,COUNTIF($Q$27:Q62,1),"") | AR62: =IF(R62=1,COUNTIF($R$27:R62,1),"") | AS62: =IF(S62=1,COUNTIF($S$27:S62,1),"") | AT62: =IF(T62=1,COUNTIF($T$27:T62,1),"") | AU62: =IF(U62=1,COUNTIF($U$27:U62,1),"") | AV62: =IF(V62=1,COUNTIF($V$27:V62,1),"") | AW62: =IF(W62=1,COUNTIF($W$27:W62,1),"") | AX62: =IF(X62=1,COUNTIF($X$27:X62,1),"") | AY62: =IF(Y62=1,COUNTIF($Y$27:Y62,1),"") | AZ62: =IF(Z62=1,COUNTIF($Z$27:Z62,1),"") | BA62: =IF(AA62=1,COUNTIF($AA$27:AA62,1),"") | BB62: =IF(AB62=1,COUNTIF($AB$27:AB62,1),"") | BC62: =IF(AC62=1,COUNTIF($AC$27:AC62,1),"") | BD62: =IF(AD62=1,COUNTIF($AD$27:AD62,1),"") | BE62: =IF(AE62=1,COUNTIF($AE$27:AE62,1),"") | BF62: =IF(AF62=1,COUNTIF($AF$27:AF62,1),"") | BG62: =IF(AG62=1,COUNTIF($AG$27:AG62,1),"") | BH62: =IF(AH62=1,COUNTIF($AH$27:AH62,1),"") | BI62: =IF(AI62=1,COUNTIF($AI$27:AI62,1),"") | BJ62: =IF(AJ62=1,COUNTIF($AJ$27:AJ62,1),"") | BK62: =IF(AK62=1,COUNTIF($AK$27:AK62,1),"")
C63: =CONCATENATE(F63,"-",G63) -> - | D63: =IF(E63="DS","Contoh Terganggu / Disturbed Sample", IF(E63="UDS","Contoh Tidak Terganggu / Undisturbed Sample", IF(E63="BS","Contoh Curah / Bulk Sample", IF(E63="CS","Contoh Komposit / Composite Sample","")))) | J63: =IF(AND(K63=0,L63=0), "-", TEXT(K63,"0.00")&" - "&TEXT(L63,"0.00")&" m") -> - | AN63: =IF(N63=1,COUNTIF($N$27:N63,1),"") | AO63: =IF(O63=1,COUNTIF($O$27:O63,1),"") | AP63: =IF(P63=1,COUNTIF($P$27:P63,1),"") | AQ63: =IF(Q63=1,COUNTIF($Q$27:Q63,1),"") | AR63: =IF(R63=1,COUNTIF($R$27:R63,1),"") | AS63: =IF(S63=1,COUNTIF($S$27:S63,1),"") | AT63: =IF(T63=1,COUNTIF($T$27:T63,1),"") | AU63: =IF(U63=1,COUNTIF($U$27:U63,1),"") | AV63: =IF(V63=1,COUNTIF($V$27:V63,1),"") | AW63: =IF(W63=1,COUNTIF($W$27:W63,1),"") | AX63: =IF(X63=1,COUNTIF($X$27:X63,1),"") | AY63: =IF(Y63=1,COUNTIF($Y$27:Y63,1),"") | AZ63: =IF(Z63=1,COUNTIF($Z$27:Z63,1),"") | BA63: =IF(AA63=1,COUNTIF($AA$27:AA63,1),"") | BB63: =IF(AB63=1,COUNTIF($AB$27:AB63,1),"") | BC63: =IF(AC63=1,COUNTIF($AC$27:AC63,1),"") | BD63: =IF(AD63=1,COUNTIF($AD$27:AD63,1),"") | BE63: =IF(AE63=1,COUNTIF($AE$27:AE63,1),"") | BF63: =IF(AF63=1,COUNTIF($AF$27:AF63,1),"") | BG63: =IF(AG63=1,COUNTIF($AG$27:AG63,1),"") | BH63: =IF(AH63=1,COUNTIF($AH$27:AH63,1),"") | BI63: =IF(AI63=1,COUNTIF($AI$27:AI63,1),"") | BJ63: =IF(AJ63=1,COUNTIF($AJ$27:AJ63,1),"") | BK63: =IF(AK63=1,COUNTIF($AK$27:AK63,1),"")
C64: =CONCATENATE(F64,"-",G64) -> - | D64: =IF(E64="DS","Contoh Terganggu / Disturbed Sample", IF(E64="UDS","Contoh Tidak Terganggu / Undisturbed Sample", IF(E64="BS","Contoh Curah / Bulk Sample", IF(E64="CS","Contoh Komposit / Composite Sample","")))) | J64: =IF(AND(K64=0,L64=0), "-", TEXT(K64,"0.00")&" - "&TEXT(L64,"0.00")&" m") -> - | AN64: =IF(N64=1,COUNTIF($N$27:N64,1),"") | AO64: =IF(O64=1,COUNTIF($O$27:O64,1),"") | AP64: =IF(P64=1,COUNTIF($P$27:P64,1),"") | AQ64: =IF(Q64=1,COUNTIF($Q$27:Q64,1),"") | AR64: =IF(R64=1,COUNTIF($R$27:R64,1),"") | AS64: =IF(S64=1,COUNTIF($S$27:S64,1),"") | AT64: =IF(T64=1,COUNTIF($T$27:T64,1),"") | AU64: =IF(U64=1,COUNTIF($U$27:U64,1),"") | AV64: =IF(V64=1,COUNTIF($V$27:V64,1),"") | AW64: =IF(W64=1,COUNTIF($W$27:W64,1),"") | AX64: =IF(X64=1,COUNTIF($X$27:X64,1),"") | AY64: =IF(Y64=1,COUNTIF($Y$27:Y64,1),"") | AZ64: =IF(Z64=1,COUNTIF($Z$27:Z64,1),"") | BA64: =IF(AA64=1,COUNTIF($AA$27:AA64,1),"") | BB64: =IF(AB64=1,COUNTIF($AB$27:AB64,1),"") | BC64: =IF(AC64=1,COUNTIF($AC$27:AC64,1),"") | BD64: =IF(AD64=1,COUNTIF($AD$27:AD64,1),"") | BE64: =IF(AE64=1,COUNTIF($AE$27:AE64,1),"") | BF64: =IF(AF64=1,COUNTIF($AF$27:AF64,1),"") | BG64: =IF(AG64=1,COUNTIF($AG$27:AG64,1),"") | BH64: =IF(AH64=1,COUNTIF($AH$27:AH64,1),"") | BI64: =IF(AI64=1,COUNTIF($AI$27:AI64,1),"") | BJ64: =IF(AJ64=1,COUNTIF($AJ$27:AJ64,1),"") | BK64: =IF(AK64=1,COUNTIF($AK$27:AK64,1),"")
C65: =CONCATENATE(F65,"-",G65) -> - | J65: =IF(AND(K65=0,L65=0), "-", TEXT(K65,"0.00")&" - "&TEXT(L65,"0.00")&" m") -> - | AN65: =IF(N65=1,COUNTIF($N$27:N65,1),"") | AO65: =IF(O65=1,COUNTIF($O$27:O65,1),"") | AP65: =IF(P65=1,COUNTIF($P$27:P65,1),"") | AQ65: =IF(Q65=1,COUNTIF($Q$27:Q65,1),"") | AR65: =IF(R65=1,COUNTIF($R$27:R65,1),"") | AS65: =IF(S65=1,COUNTIF($S$27:S65,1),"") | AT65: =IF(T65=1,COUNTIF($T$27:T65,1),"") | AU65: =IF(U65=1,COUNTIF($U$27:U65,1),"") | AV65: =IF(V65=1,COUNTIF($V$27:V65,1),"") | AW65: =IF(W65=1,COUNTIF($W$27:W65,1),"") | AX65: =IF(X65=1,COUNTIF($X$27:X65,1),"") | AY65: =IF(Y65=1,COUNTIF($Y$27:Y65,1),"") | AZ65: =IF(Z65=1,COUNTIF($Z$27:Z65,1),"") | BA65: =IF(AA65=1,COUNTIF($AA$27:AA65,1),"") | BB65: =IF(AB65=1,COUNTIF($AB$27:AB65,1),"") | BC65: =IF(AC65=1,COUNTIF($AC$27:AC65,1),"") | BD65: =IF(AD65=1,COUNTIF($AD$27:AD65,1),"") | BE65: =IF(AE65=1,COUNTIF($AE$27:AE65,1),"") | BF65: =IF(AF65=1,COUNTIF($AF$27:AF65,1),"") | BG65: =IF(AG65=1,COUNTIF($AG$27:AG65,1),"") | BH65: =IF(AH65=1,COUNTIF($AH$27:AH65,1),"") | BI65: =IF(AI65=1,COUNTIF($AI$27:AI65,1),"") | BJ65: =IF(AJ65=1,COUNTIF($AJ$27:AJ65,1),"") | BK65: =IF(AK65=1,COUNTIF($AK$27:AK65,1),"")
C66: =CONCATENATE(F66,"-",G66) -> - | J66: =IF(AND(K66=0,L66=0), "-", TEXT(K66,"0.00")&" - "&TEXT(L66,"0.00")&" m") -> - | AN66: =IF(N66=1,COUNTIF($N$27:N66,1),"") | AO66: =IF(O66=1,COUNTIF($O$27:O66,1),"") | AP66: =IF(P66=1,COUNTIF($P$27:P66,1),"") | AQ66: =IF(Q66=1,COUNTIF($Q$27:Q66,1),"") | AR66: =IF(R66=1,COUNTIF($R$27:R66,1),"") | AS66: =IF(S66=1,COUNTIF($S$27:S66,1),"") | AT66: =IF(T66=1,COUNTIF($T$27:T66,1),"") | AU66: =IF(U66=1,COUNTIF($U$27:U66,1),"") | AV66: =IF(V66=1,COUNTIF($V$27:V66,1),"") | AW66: =IF(W66=1,COUNTIF($W$27:W66,1),"") | AX66: =IF(X66=1,COUNTIF($X$27:X66,1),"") | AY66: =IF(Y66=1,COUNTIF($Y$27:Y66,1),"") | AZ66: =IF(Z66=1,COUNTIF($Z$27:Z66,1),"") | BA66: =IF(AA66=1,COUNTIF($AA$27:AA66,1),"") | BB66: =IF(AB66=1,COUNTIF($AB$27:AB66,1),"") | BC66: =IF(AC66=1,COUNTIF($AC$27:AC66,1),"") | BD66: =IF(AD66=1,COUNTIF($AD$27:AD66,1),"") | BE66: =IF(AE66=1,COUNTIF($AE$27:AE66,1),"") | BF66: =IF(AF66=1,COUNTIF($AF$27:AF66,1),"") | BG66: =IF(AG66=1,COUNTIF($AG$27:AG66,1),"") | BH66: =IF(AH66=1,COUNTIF($AH$27:AH66,1),"") | BI66: =IF(AI66=1,COUNTIF($AI$27:AI66,1),"") | BJ66: =IF(AJ66=1,COUNTIF($AJ$27:AJ66,1),"") | BK66: =IF(AK66=1,COUNTIF($AK$27:AK66,1),"")
C67: =CONCATENATE(F67,"-",G67) -> - | J67: =IF(AND(K67=0,L67=0), "-", TEXT(K67,"0.00")&" - "&TEXT(L67,"0.00")&" m") -> - | AN67: =IF(N67=1,COUNTIF($N$27:N67,1),"") | AO67: =IF(O67=1,COUNTIF($O$27:O67,1),"") | AP67: =IF(P67=1,COUNTIF($P$27:P67,1),"") | AQ67: =IF(Q67=1,COUNTIF($Q$27:Q67,1),"") | AR67: =IF(R67=1,COUNTIF($R$27:R67,1),"") | AS67: =IF(S67=1,COUNTIF($S$27:S67,1),"") | AT67: =IF(T67=1,COUNTIF($T$27:T67,1),"") | AU67: =IF(U67=1,COUNTIF($U$27:U67,1),"") | AV67: =IF(V67=1,COUNTIF($V$27:V67,1),"") | AW67: =IF(W67=1,COUNTIF($W$27:W67,1),"") | AX67: =IF(X67=1,COUNTIF($X$27:X67,1),"") | AY67: =IF(Y67=1,COUNTIF($Y$27:Y67,1),"") | AZ67: =IF(Z67=1,COUNTIF($Z$27:Z67,1),"") | BA67: =IF(AA67=1,COUNTIF($AA$27:AA67,1),"") | BB67: =IF(AB67=1,COUNTIF($AB$27:AB67,1),"") | BC67: =IF(AC67=1,COUNTIF($AC$27:AC67,1),"") | BD67: =IF(AD67=1,COUNTIF($AD$27:AD67,1),"") | BE67: =IF(AE67=1,COUNTIF($AE$27:AE67,1),"") | BF67: =IF(AF67=1,COUNTIF($AF$27:AF67,1),"") | BG67: =IF(AG67=1,COUNTIF($AG$27:AG67,1),"") | BH67: =IF(AH67=1,COUNTIF($AH$27:AH67,1),"") | BI67: =IF(AI67=1,COUNTIF($AI$27:AI67,1),"") | BJ67: =IF(AJ67=1,COUNTIF($AJ$27:AJ67,1),"") | BK67: =IF(AK67=1,COUNTIF($AK$27:AK67,1),"")
C68: =CONCATENATE(F68,"-",G68) -> - | J68: =IF(AND(K68=0,L68=0), "-", TEXT(K68,"0.00")&" - "&TEXT(L68,"0.00")&" m") -> - | AN68: =IF(N68=1,COUNTIF($N$27:N68,1),"") | AO68: =IF(O68=1,COUNTIF($O$27:O68,1),"") | AP68: =IF(P68=1,COUNTIF($P$27:P68,1),"") | AQ68: =IF(Q68=1,COUNTIF($Q$27:Q68,1),"") | AR68: =IF(R68=1,COUNTIF($R$27:R68,1),"") | AS68: =IF(S68=1,COUNTIF($S$27:S68,1),"") | AT68: =IF(T68=1,COUNTIF($T$27:T68,1),"") | AU68: =IF(U68=1,COUNTIF($U$27:U68,1),"") | AV68: =IF(V68=1,COUNTIF($V$27:V68,1),"") | AW68: =IF(W68=1,COUNTIF($W$27:W68,1),"") | AX68: =IF(X68=1,COUNTIF($X$27:X68,1),"") | AY68: =IF(Y68=1,COUNTIF($Y$27:Y68,1),"") | AZ68: =IF(Z68=1,COUNTIF($Z$27:Z68,1),"") | BA68: =IF(AA68=1,COUNTIF($AA$27:AA68,1),"") | BB68: =IF(AB68=1,COUNTIF($AB$27:AB68,1),"") | BC68: =IF(AC68=1,COUNTIF($AC$27:AC68,1),"") | BD68: =IF(AD68=1,COUNTIF($AD$27:AD68,1),"") | BE68: =IF(AE68=1,COUNTIF($AE$27:AE68,1),"") | BF68: =IF(AF68=1,COUNTIF($AF$27:AF68,1),"") | BG68: =IF(AG68=1,COUNTIF($AG$27:AG68,1),"") | BH68: =IF(AH68=1,COUNTIF($AH$27:AH68,1),"") | BI68: =IF(AI68=1,COUNTIF($AI$27:AI68,1),"") | BJ68: =IF(AJ68=1,COUNTIF($AJ$27:AJ68,1),"") | BK68: =IF(AK68=1,COUNTIF($AK$27:AK68,1),"")
C69: =CONCATENATE(F69,"-",G69) -> - | J69: =IF(AND(K69=0,L69=0), "-", TEXT(K69,"0.00")&" - "&TEXT(L69,"0.00")&" m") -> - | AN69: =IF(N69=1,COUNTIF($N$27:N69,1),"") | AO69: =IF(O69=1,COUNTIF($O$27:O69,1),"") | AP69: =IF(P69=1,COUNTIF($P$27:P69,1),"") | AQ69: =IF(Q69=1,COUNTIF($Q$27:Q69,1),"") | AR69: =IF(R69=1,COUNTIF($R$27:R69,1),"") | AS69: =IF(S69=1,COUNTIF($S$27:S69,1),"") | AT69: =IF(T69=1,COUNTIF($T$27:T69,1),"") | AU69: =IF(U69=1,COUNTIF($U$27:U69,1),"") | AV69: =IF(V69=1,COUNTIF($V$27:V69,1),"") | AW69: =IF(W69=1,COUNTIF($W$27:W69,1),"") | AX69: =IF(X69=1,COUNTIF($X$27:X69,1),"") | AY69: =IF(Y69=1,COUNTIF($Y$27:Y69,1),"") | AZ69: =IF(Z69=1,COUNTIF($Z$27:Z69,1),"") | BA69: =IF(AA69=1,COUNTIF($AA$27:AA69,1),"") | BB69: =IF(AB69=1,COUNTIF($AB$27:AB69,1),"") | BC69: =IF(AC69=1,COUNTIF($AC$27:AC69,1),"") | BD69: =IF(AD69=1,COUNTIF($AD$27:AD69,1),"") | BE69: =IF(AE69=1,COUNTIF($AE$27:AE69,1),"") | BF69: =IF(AF69=1,COUNTIF($AF$27:AF69,1),"") | BG69: =IF(AG69=1,COUNTIF($AG$27:AG69,1),"") | BH69: =IF(AH69=1,COUNTIF($AH$27:AH69,1),"") | BI69: =IF(AI69=1,COUNTIF($AI$27:AI69,1),"") | BJ69: =IF(AJ69=1,COUNTIF($AJ$27:AJ69,1),"") | BK69: =IF(AK69=1,COUNTIF($AK$27:AK69,1),"")
C70: =CONCATENATE(F70,"-",G70) -> - | J70: =IF(AND(K70=0,L70=0), "-", TEXT(K70,"0.00")&" - "&TEXT(L70,"0.00")&" m") -> - | AN70: =IF(N70=1,COUNTIF($N$27:N70,1),"") | AO70: =IF(O70=1,COUNTIF($O$27:O70,1),"") | AP70: =IF(P70=1,COUNTIF($P$27:P70,1),"") | AQ70: =IF(Q70=1,COUNTIF($Q$27:Q70,1),"") | AR70: =IF(R70=1,COUNTIF($R$27:R70,1),"") | AS70: =IF(S70=1,COUNTIF($S$27:S70,1),"") | AT70: =IF(T70=1,COUNTIF($T$27:T70,1),"") | AU70: =IF(U70=1,COUNTIF($U$27:U70,1),"") | AV70: =IF(V70=1,COUNTIF($V$27:V70,1),"") | AW70: =IF(W70=1,COUNTIF($W$27:W70,1),"") | AX70: =IF(X70=1,COUNTIF($X$27:X70,1),"") | AY70: =IF(Y70=1,COUNTIF($Y$27:Y70,1),"") | AZ70: =IF(Z70=1,COUNTIF($Z$27:Z70,1),"") | BA70: =IF(AA70=1,COUNTIF($AA$27:AA70,1),"") | BB70: =IF(AB70=1,COUNTIF($AB$27:AB70,1),"") | BC70: =IF(AC70=1,COUNTIF($AC$27:AC70,1),"") | BD70: =IF(AD70=1,COUNTIF($AD$27:AD70,1),"") | BE70: =IF(AE70=1,COUNTIF($AE$27:AE70,1),"") | BF70: =IF(AF70=1,COUNTIF($AF$27:AF70,1),"") | BG70: =IF(AG70=1,COUNTIF($AG$27:AG70,1),"") | BH70: =IF(AH70=1,COUNTIF($AH$27:AH70,1),"") | BI70: =IF(AI70=1,COUNTIF($AI$27:AI70,1),"") | BJ70: =IF(AJ70=1,COUNTIF($AJ$27:AJ70,1),"") | BK70: =IF(AK70=1,COUNTIF($AK$27:AK70,1),"")
C71: =CONCATENATE(F71,"-",G71) -> - | J71: =IF(AND(K71=0,L71=0), "-", TEXT(K71,"0.00")&" - "&TEXT(L71,"0.00")&" m") -> - | AN71: =IF(N71=1,COUNTIF($N$27:N71,1),"") | AO71: =IF(O71=1,COUNTIF($O$27:O71,1),"") | AP71: =IF(P71=1,COUNTIF($P$27:P71,1),"") | AQ71: =IF(Q71=1,COUNTIF($Q$27:Q71,1),"") | AR71: =IF(R71=1,COUNTIF($R$27:R71,1),"") | AS71: =IF(S71=1,COUNTIF($S$27:S71,1),"") | AT71: =IF(T71=1,COUNTIF($T$27:T71,1),"") | AU71: =IF(U71=1,COUNTIF($U$27:U71,1),"") | AV71: =IF(V71=1,COUNTIF($V$27:V71,1),"") | AW71: =IF(W71=1,COUNTIF($W$27:W71,1),"") | AX71: =IF(X71=1,COUNTIF($X$27:X71,1),"") | AY71: =IF(Y71=1,COUNTIF($Y$27:Y71,1),"") | AZ71: =IF(Z71=1,COUNTIF($Z$27:Z71,1),"") | BA71: =IF(AA71=1,COUNTIF($AA$27:AA71,1),"") | BB71: =IF(AB71=1,COUNTIF($AB$27:AB71,1),"") | BC71: =IF(AC71=1,COUNTIF($AC$27:AC71,1),"") | BD71: =IF(AD71=1,COUNTIF($AD$27:AD71,1),"") | BE71: =IF(AE71=1,COUNTIF($AE$27:AE71,1),"") | BF71: =IF(AF71=1,COUNTIF($AF$27:AF71,1),"") | BG71: =IF(AG71=1,COUNTIF($AG$27:AG71,1),"") | BH71: =IF(AH71=1,COUNTIF($AH$27:AH71,1),"") | BI71: =IF(AI71=1,COUNTIF($AI$27:AI71,1),"") | BJ71: =IF(AJ71=1,COUNTIF($AJ$27:AJ71,1),"") | BK71: =IF(AK71=1,COUNTIF($AK$27:AK71,1),"")
C72: =CONCATENATE(F72,"-",G72) -> - | J72: =IF(AND(K72=0,L72=0), "-", TEXT(K72,"0.00")&" - "&TEXT(L72,"0.00")&" m") -> - | AN72: =IF(N72=1,COUNTIF($N$27:N72,1),"") | AO72: =IF(O72=1,COUNTIF($O$27:O72,1),"") | AP72: =IF(P72=1,COUNTIF($P$27:P72,1),"") | AQ72: =IF(Q72=1,COUNTIF($Q$27:Q72,1),"") | AR72: =IF(R72=1,COUNTIF($R$27:R72,1),"") | AS72: =IF(S72=1,COUNTIF($S$27:S72,1),"") | AT72: =IF(T72=1,COUNTIF($T$27:T72,1),"") | AU72: =IF(U72=1,COUNTIF($U$27:U72,1),"") | AV72: =IF(V72=1,COUNTIF($V$27:V72,1),"") | AW72: =IF(W72=1,COUNTIF($W$27:W72,1),"") | AX72: =IF(X72=1,COUNTIF($X$27:X72,1),"") | AY72: =IF(Y72=1,COUNTIF($Y$27:Y72,1),"") | AZ72: =IF(Z72=1,COUNTIF($Z$27:Z72,1),"") | BA72: =IF(AA72=1,COUNTIF($AA$27:AA72,1),"") | BB72: =IF(AB72=1,COUNTIF($AB$27:AB72,1),"") | BC72: =IF(AC72=1,COUNTIF($AC$27:AC72,1),"") | BD72: =IF(AD72=1,COUNTIF($AD$27:AD72,1),"") | BE72: =IF(AE72=1,COUNTIF($AE$27:AE72,1),"") | BF72: =IF(AF72=1,COUNTIF($AF$27:AF72,1),"") | BG72: =IF(AG72=1,COUNTIF($AG$27:AG72,1),"") | BH72: =IF(AH72=1,COUNTIF($AH$27:AH72,1),"") | BI72: =IF(AI72=1,COUNTIF($AI$27:AI72,1),"") | BJ72: =IF(AJ72=1,COUNTIF($AJ$27:AJ72,1),"") | BK72: =IF(AK72=1,COUNTIF($AK$27:AK72,1),"")
C73: =CONCATENATE(F73,"-",G73) -> - | J73: =IF(AND(K73=0,L73=0), "-", TEXT(K73,"0.00")&" - "&TEXT(L73,"0.00")&" m") -> - | AN73: =IF(N73=1,COUNTIF($N$27:N73,1),"") | AO73: =IF(O73=1,COUNTIF($O$27:O73,1),"") | AP73: =IF(P73=1,COUNTIF($P$27:P73,1),"") | AQ73: =IF(Q73=1,COUNTIF($Q$27:Q73,1),"") | AR73: =IF(R73=1,COUNTIF($R$27:R73,1),"") | AS73: =IF(S73=1,COUNTIF($S$27:S73,1),"") | AT73: =IF(T73=1,COUNTIF($T$27:T73,1),"") | AU73: =IF(U73=1,COUNTIF($U$27:U73,1),"") | AV73: =IF(V73=1,COUNTIF($V$27:V73,1),"") | AW73: =IF(W73=1,COUNTIF($W$27:W73,1),"") | AX73: =IF(X73=1,COUNTIF($X$27:X73,1),"") | AY73: =IF(Y73=1,COUNTIF($Y$27:Y73,1),"") | AZ73: =IF(Z73=1,COUNTIF($Z$27:Z73,1),"") | BA73: =IF(AA73=1,COUNTIF($AA$27:AA73,1),"") | BB73: =IF(AB73=1,COUNTIF($AB$27:AB73,1),"") | BC73: =IF(AC73=1,COUNTIF($AC$27:AC73,1),"") | BD73: =IF(AD73=1,COUNTIF($AD$27:AD73,1),"") | BE73: =IF(AE73=1,COUNTIF($AE$27:AE73,1),"") | BF73: =IF(AF73=1,COUNTIF($AF$27:AF73,1),"") | BG73: =IF(AG73=1,COUNTIF($AG$27:AG73,1),"") | BH73: =IF(AH73=1,COUNTIF($AH$27:AH73,1),"") | BI73: =IF(AI73=1,COUNTIF($AI$27:AI73,1),"") | BJ73: =IF(AJ73=1,COUNTIF($AJ$27:AJ73,1),"") | BK73: =IF(AK73=1,COUNTIF($AK$27:AK73,1),"")
C74: =CONCATENATE(F74,"-",G74) -> - | J74: =IF(AND(K74=0,L74=0), "-", TEXT(K74,"0.00")&" - "&TEXT(L74,"0.00")&" m") -> - | AN74: =IF(N74=1,COUNTIF($N$27:N74,1),"") | AO74: =IF(O74=1,COUNTIF($O$27:O74,1),"") | AP74: =IF(P74=1,COUNTIF($P$27:P74,1),"") | AQ74: =IF(Q74=1,COUNTIF($Q$27:Q74,1),"") | AR74: =IF(R74=1,COUNTIF($R$27:R74,1),"") | AS74: =IF(S74=1,COUNTIF($S$27:S74,1),"") | AT74: =IF(T74=1,COUNTIF($T$27:T74,1),"") | AU74: =IF(U74=1,COUNTIF($U$27:U74,1),"") | AV74: =IF(V74=1,COUNTIF($V$27:V74,1),"") | AW74: =IF(W74=1,COUNTIF($W$27:W74,1),"") | AX74: =IF(X74=1,COUNTIF($X$27:X74,1),"") | AY74: =IF(Y74=1,COUNTIF($Y$27:Y74,1),"") | AZ74: =IF(Z74=1,COUNTIF($Z$27:Z74,1),"") | BA74: =IF(AA74=1,COUNTIF($AA$27:AA74,1),"") | BB74: =IF(AB74=1,COUNTIF($AB$27:AB74,1),"") | BC74: =IF(AC74=1,COUNTIF($AC$27:AC74,1),"") | BD74: =IF(AD74=1,COUNTIF($AD$27:AD74,1),"") | BE74: =IF(AE74=1,COUNTIF($AE$27:AE74,1),"") | BF74: =IF(AF74=1,COUNTIF($AF$27:AF74,1),"") | BG74: =IF(AG74=1,COUNTIF($AG$27:AG74,1),"") | BH74: =IF(AH74=1,COUNTIF($AH$27:AH74,1),"") | BI74: =IF(AI74=1,COUNTIF($AI$27:AI74,1),"") | BJ74: =IF(AJ74=1,COUNTIF($AJ$27:AJ74,1),"") | BK74: =IF(AK74=1,COUNTIF($AK$27:AK74,1),"")
C75: =CONCATENATE(F75,"-",G75) -> - | J75: =IF(AND(K75=0,L75=0), "-", TEXT(K75,"0.00")&" - "&TEXT(L75,"0.00")&" m") -> - | AN75: =IF(N75=1,COUNTIF($N$27:N75,1),"") | AO75: =IF(O75=1,COUNTIF($O$27:O75,1),"") | AP75: =IF(P75=1,COUNTIF($P$27:P75,1),"") | AQ75: =IF(Q75=1,COUNTIF($Q$27:Q75,1),"") | AR75: =IF(R75=1,COUNTIF($R$27:R75,1),"") | AS75: =IF(S75=1,COUNTIF($S$27:S75,1),"") | AT75: =IF(T75=1,COUNTIF($T$27:T75,1),"") | AU75: =IF(U75=1,COUNTIF($U$27:U75,1),"") | AV75: =IF(V75=1,COUNTIF($V$27:V75,1),"") | AW75: =IF(W75=1,COUNTIF($W$27:W75,1),"") | AX75: =IF(X75=1,COUNTIF($X$27:X75,1),"") | AY75: =IF(Y75=1,COUNTIF($Y$27:Y75,1),"") | AZ75: =IF(Z75=1,COUNTIF($Z$27:Z75,1),"") | BA75: =IF(AA75=1,COUNTIF($AA$27:AA75,1),"") | BB75: =IF(AB75=1,COUNTIF($AB$27:AB75,1),"") | BC75: =IF(AC75=1,COUNTIF($AC$27:AC75,1),"") | BD75: =IF(AD75=1,COUNTIF($AD$27:AD75,1),"") | BE75: =IF(AE75=1,COUNTIF($AE$27:AE75,1),"") | BF75: =IF(AF75=1,COUNTIF($AF$27:AF75,1),"") | BG75: =IF(AG75=1,COUNTIF($AG$27:AG75,1),"") | BH75: =IF(AH75=1,COUNTIF($AH$27:AH75,1),"") | BI75: =IF(AI75=1,COUNTIF($AI$27:AI75,1),"") | BJ75: =IF(AJ75=1,COUNTIF($AJ$27:AJ75,1),"") | BK75: =IF(AK75=1,COUNTIF($AK$27:AK75,1),"")
C76: =CONCATENATE(F76,"-",G76) -> - | J76: =IF(AND(K76=0,L76=0), "-", TEXT(K76,"0.00")&" - "&TEXT(L76,"0.00")&" m") -> - | AN76: =IF(N76=1,COUNTIF($N$27:N76,1),"") | AO76: =IF(O76=1,COUNTIF($O$27:O76,1),"") | AP76: =IF(P76=1,COUNTIF($P$27:P76,1),"") | AQ76: =IF(Q76=1,COUNTIF($Q$27:Q76,1),"") | AR76: =IF(R76=1,COUNTIF($R$27:R76,1),"") | AS76: =IF(S76=1,COUNTIF($S$27:S76,1),"") | AT76: =IF(T76=1,COUNTIF($T$27:T76,1),"") | AU76: =IF(U76=1,COUNTIF($U$27:U76,1),"") | AV76: =IF(V76=1,COUNTIF($V$27:V76,1),"") | AW76: =IF(W76=1,COUNTIF($W$27:W76,1),"") | AX76: =IF(X76=1,COUNTIF($X$27:X76,1),"") | AY76: =IF(Y76=1,COUNTIF($Y$27:Y76,1),"") | AZ76: =IF(Z76=1,COUNTIF($Z$27:Z76,1),"") | BA76: =IF(AA76=1,COUNTIF($AA$27:AA76,1),"") | BB76: =IF(AB76=1,COUNTIF($AB$27:AB76,1),"") | BC76: =IF(AC76=1,COUNTIF($AC$27:AC76,1),"") | BD76: =IF(AD76=1,COUNTIF($AD$27:AD76,1),"") | BE76: =IF(AE76=1,COUNTIF($AE$27:AE76,1),"") | BF76: =IF(AF76=1,COUNTIF($AF$27:AF76,1),"") | BG76: =IF(AG76=1,COUNTIF($AG$27:AG76,1),"") | BH76: =IF(AH76=1,COUNTIF($AH$27:AH76,1),"") | BI76: =IF(AI76=1,COUNTIF($AI$27:AI76,1),"") | BJ76: =IF(AJ76=1,COUNTIF($AJ$27:AJ76,1),"") | BK76: =IF(AK76=1,COUNTIF($AK$27:AK76,1),"")
... C101: =CONCATENATE(F101,"-",G101) -> - | J101: =IF(AND(K101=0,L101=0), "-", TEXT(K101,"0.00")&" - "&TEXT(L101,"0.00")&" m") -> - | AN101: =IF(N101=1,COUNTIF($N$27:N101,1),"") | AO101: =IF(O101=1,COUNTIF($O$27:O101,1),"") | AP101: =IF(P101=1,COUNTIF($P$27:P101,1),"") | AQ101: =IF(Q101=1,COUNTIF($Q$27:Q101,1),"") | AR101: =IF(R101=1,COUNTIF($R$27:R101,1),"") | AS101: =IF(S101=1,COUNTIF($S$27:S101,1),"") | AT101: =IF(T101=1,COUNTIF($T$27:T101,1),"") | AU101: =IF(U101=1,COUNTIF($U$27:U101,1),"") | AV101: =IF(V101=1,COUNTIF($V$27:V101,1),"") | AW101: =IF(W101=1,COUNTIF($W$27:W101,1),"") | AX101: =IF(X101=1,COUNTIF($X$27:X101,1),"") | AY101: =IF(Y101=1,COUNTIF($Y$27:Y101,1),"") | AZ101: =IF(Z101=1,COUNTIF($Z$27:Z101,1),"") | BA101: =IF(AA101=1,COUNTIF($AA$27:AA101,1),"") | BB101: =IF(AB101=1,COUNTIF($AB$27:AB101,1),"") | BC101: =IF(AC101=1,COUNTIF($AC$27:AC101,1),"") | BD101: =IF(AD101=1,COUNTIF($AD$27:AD101,1),"") | BE101: =IF(AE101=1,COUNTIF($AE$27:AE101,1),"") | BF101: =IF(AF101=1,COUNTIF($AF$27:AF101,1),"") | BG101: =IF(AG101=1,COUNTIF($AG$27:AG101,1),"") | BH101: =IF(AH101=1,COUNTIF($AH$27:AH101,1),"") | BI101: =IF(AI101=1,COUNTIF($AI$27:AI101,1),"") | BJ101: =IF(AJ101=1,COUNTIF($AJ$27:AJ101,1),"") | BK101: =IF(AK101=1,COUNTIF($AK$27:AK101,1),"")
C102: =CONCATENATE(F102,"-",G102) -> - | J102: =IF(AND(K102=0,L102=0), "-", TEXT(K102,"0.00")&" - "&TEXT(L102,"0.00")&" m") -> - | AN102: =IF(N102=1,COUNTIF($N$27:N202,1),"") | AO102: =IF(O102=1,COUNTIF($O$27:O102,1),"") | AP102: =IF(P102=1,COUNTIF($P$27:P102,1),"") | AQ102: =IF(Q102=1,COUNTIF($Q$27:Q102,1),"") | AR102: =IF(R102=1,COUNTIF($R$27:R102,1),"") | AS102: =IF(S102=1,COUNTIF($S$27:S102,1),"") | AT102: =IF(T102=1,COUNTIF($T$27:T102,1),"") | AU102: =IF(U102=1,COUNTIF($U$27:U102,1),"") | AV102: =IF(V102=1,COUNTIF($V$27:V102,1),"") | AW102: =IF(W102=1,COUNTIF($W$27:W102,1),"") | AX102: =IF(X102=1,COUNTIF($X$27:X102,1),"") | AY102: =IF(Y102=1,COUNTIF($Y$27:Y102,1),"") | AZ102: =IF(Z102=1,COUNTIF($Z$27:Z102,1),"") | BA102: =IF(AA102=1,COUNTIF($AA$27:AA102,1),"") | BB102: =IF(AB102=1,COUNTIF($AB$27:AB102,1),"") | BC102: =IF(AC102=1,COUNTIF($AC$27:AC102,1),"") | BD102: =IF(AD102=1,COUNTIF($AD$27:AD102,1),"") | BE102: =IF(AE102=1,COUNTIF($AE$27:AE102,1),"") | BF102: =IF(AF102=1,COUNTIF($AF$27:AF102,1),"") | BG102: =IF(AG102=1,COUNTIF($AG$27:AG102,1),"") | BH102: =IF(AH102=1,COUNTIF($AH$27:AH102,1),"") | BI102: =IF(AI102=1,COUNTIF($AI$27:AI102,1),"") | BJ102: =IF(AJ102=1,COUNTIF($AJ$27:AJ102,1),"") | BK102: =IF(AK102=1,COUNTIF($AK$27:AK102,1),"")
C103: =CONCATENATE(F103,"-",G103) -> - | J103: =IF(AND(K103=0,L103=0), "-", TEXT(K103,"0.00")&" - "&TEXT(L103,"0.00")&" m") -> - | BF103: =IF(AF103=1,COUNTIF($AF$27:AF103,1),"")
C104: =CONCATENATE(F104,"-",G104) -> - | J104: =IF(AND(K104=0,L104=0), "-", TEXT(K104,"0.00")&" - "&TEXT(L104,"0.00")&" m") -> - | BF104: =IF(AF104=1,COUNTIF($AF$27:AF104,1),"")
C105: =CONCATENATE(F105,"-",G105) -> - | J105: =IF(AND(K105=0,L105=0), "-", TEXT(K105,"0.00")&" - "&TEXT(L105,"0.00")&" m") -> - | BF105: =IF(AF105=1,COUNTIF($AF$27:AF105,1),"")
C106: =CONCATENATE(F106,"-",G106) -> - | J106: =IF(AND(K106=0,L106=0), "-", TEXT(K106,"0.00")&" - "&TEXT(L106,"0.00")&" m") -> - | BF106: =IF(AF106=1,COUNTIF($AF$27:AF106,1),"")
C107: =CONCATENATE(F107,"-",G107) -> - | J107: =IF(AND(K107=0,L107=0), "-", TEXT(K107,"0.00")&" - "&TEXT(L107,"0.00")&" m") -> - | BF107: =IF(AF107=1,COUNTIF($AF$27:AF107,1),"")
C108: =CONCATENATE(F108,"-",G108) -> - | J108: =IF(AND(K108=0,L108=0), "-", TEXT(K108,"0.00")&" - "&TEXT(L108,"0.00")&" m") -> - | BF108: =IF(AF108=1,COUNTIF($AF$27:AF108,1),"")
C109: =CONCATENATE(F109,"-",G109) -> - | J109: =IF(AND(K109=0,L109=0), "-", TEXT(K109,"0.00")&" - "&TEXT(L109,"0.00")&" m") -> - | BF109: =IF(AF109=1,COUNTIF($AF$27:AF109,1),"")
C110: =CONCATENATE(F110,"-",G110) -> - | J110: =IF(AND(K110=0,L110=0), "-", TEXT(K110,"0.00")&" - "&TEXT(L110,"0.00")&" m") -> - | BF110: =IF(AF110=1,COUNTIF($AF$27:AF110,1),"")
C111: =CONCATENATE(F111,"-",G111) -> - | J111: =IF(AND(K111=0,L111=0), "-", TEXT(K111,"0.00")&" - "&TEXT(L111,"0.00")&" m") -> - | BF111: =IF(AF111=1,COUNTIF($AF$27:AF111,1),"")
C112: =CONCATENATE(F112,"-",G112) -> - | J112: =IF(AND(K112=0,L112=0), "-", TEXT(K112,"0.00")&" - "&TEXT(L112,"0.00")&" m") -> - | BF112: =IF(AF112=1,COUNTIF($AF$27:AF112,1),"")
C113: =CONCATENATE(F113,"-",G113) -> - | J113: =IF(AND(K113=0,L113=0), "-", TEXT(K113,"0.00")&" - "&TEXT(L113,"0.00")&" m") -> - | BF113: =IF(AF113=1,COUNTIF($AF$27:AF113,1),"")
C114: =CONCATENATE(F114,"-",G114) -> - | J114: =IF(AND(K114=0,L114=0), "-", TEXT(K114,"0.00")&" - "&TEXT(L114,"0.00")&" m") -> - | BF114: =IF(AF114=1,COUNTIF($AF$27:AF114,1),"")
... C152: =CONCATENATE(F152,"-",G152) -> - | J152: =IF(AND(K152=0,L152=0), "-", TEXT(K152,"0.00")&" - "&TEXT(L152,"0.00")&" m") -> - | BF152: =IF(AF152=1,COUNTIF($AF$27:AF152,1),"")

Sheet WS-PP
A1: LEMBAR PENGUJIAN / TESTING WORKSHEET
A2: UJI SIFAT FISIK TANAH
A3: SOIL PHYSICAL PROPERTIES TEST
A5: AL
A7: KODE LABORATORIUM / Laboratory Id. | D7: =IFERROR(INDEX('DATA INDUK'!$H$27:$H$152,MATCH(ROW(D1),'DATA INDUK'!$AN$27:$AN$152,0)),"") -> 26-001-DS-001
D8: =IFERROR(INDEX('DATA INDUK'!$H$27:$H$38,MATCH(ROW(D2),'DATA INDUK'!$Z$27:$Z$38,0)),"")
A9: NO. CONTOH / Sample Id. | D9: {=IF( INDEX('DATA INDUK'!$I$28:$I$151, MATCH($D$7,'DATA INDUK'!$H$28:$H$151,0))="", $D$7, _xlfn.TEXTJOIN(CHAR(10),TRUE, _xlfn._xlws.FILTER('DATA INDUK'!$C$28:$C$151, 'DATA INDUK'!$I$28:$I$151= INDEX('DATA INDUK'!$I$28:$I$151, MATCH($D$7,'DATA INDUK'!$H$28:$H$151,0)) )) )} -> #N/A | G9: =INDEX('DATA INDUK'!$I$28:$I$151, MATCH($D$7,'DATA INDUK'!$H$28:$H$151,0)) -> #N/A | Q9: DIUJI OLEH / Tested By | T9: =IF($D$7="","",U9) -> RIZKI | U9: RIZKI | Y9: ="TTD_"&T9&"" -> TTD_RIZKI
A10: SUMBER CONTOH / SAMPLE SOURCE | D10: {=IF( INDEX('DATA INDUK'!$I$28:$I$151, MATCH($D$7,'DATA INDUK'!$H$28:$H$151,0))="", INDEX('DATA INDUK'!$C$28:$C$151, MATCH($D$7,'DATA INDUK'!$H$28:$H$151,0)) & " (" & INDEX('DATA INDUK'!$J$28:$J$151, MATCH($D$7,'DATA INDUK'!$H$28:$H$151,0)) & ")", _xlfn.TEXTJOIN(CHAR(10),TRUE, _xlfn._xlws.FILTER( 'DATA INDUK'!$C$28:$C$151 & " (" & 'DATA INDUK'!$J$28:$J$151 & ")", 'DATA INDUK'!$I$28:$I$151= INDEX('DATA INDUK'!$I$28:$I$151, MATCH($D$7,'DATA INDUK'!$H$28:$H$151,0)) )) )} -> #N/A | G10: KODE | Q10: DIPERIKSA OLEH / Checked By | T10: =IF($D$7="","",U10) -> NOUFAL | U10: NOUFAL | Y10: =IF(T9=T10,"TTD_","TTD_"&T10&"") -> TTD_NOUFAL
A11: JENIS CONTOH / Sample Type | D11: =IFERROR(INDEX('DATA INDUK'!$D$27:$D$152,MATCH(ROW(D1),'DATA INDUK'!$AQ$27:$AQ$152,0)),"") -> Disturbed Sample | G11: =IFERROR(INDEX($R$23:$R$34, MATCH(D12,$U$23:$U$34,0)), "CHECK DESKRIPSI") -> CL | Q11: DISETUJUI OLEH | T11: =IF($D$7="","",U11) -> A.SUMARTADJI | U11: A.SUMARTADJI | Y11: ="TTD_"&T11&"" -> TTD_A.SUMARTADJI
A12: DESKRIPSI TANAH / Soil Description | D12: Lempung / Clay | Q12: TGL. PENGUJIAN / Date Tested | T12: 46027
A13: WARNA TANAH / Soil Color | D13: Coklat Kekuningan / Yellowish Brown
B21: SPECIFIC GRAVITY TEST (SNI 1964 : 2008) | R21: DB DESKRIPSI
R22: Kode | S22: Deskripsi Indonesia | T22: English | U22: Bilingual
B23: Pycnometer No. | H23: 1 | I23: 2 | R23: CL | S23: Lempung | T23: Clay | U23: Lempung / Clay
B24: Wt. Of dry Soil (A) | G24: g | H24: 10.487 | I24: 10.139 | R24: CLS | S24: Lempung Pasiran | T24: Sandy Clay | U24: Lempung Pasiran / Sandy Clay
B25: Temperature (T) | G25: 0C | H25: 22 | I25: 22 | R25: CSL | S25: Lempung Lanauan | T25: Silty Clay | U25: Lempung Lanauan / Silty Clay
B26: Wt. Pycnometer + Water + Soil (B) | G26: g | H26: 170.13 | I26: 144.183 | R26: CLG | S26: Lempung Kerikilan | T26: Gravelly Clay | U26: Lempung Kerikilan / Gravelly Clay | Z26: temperature | AA26: relative density | AB26: correction | AE26: 45819.675 | AG26: 0
B27: Wt Pycnometer + Water at T 0C (C) | G27: g | H27: =IF(OR(H23="",H24="",H25="",H26=""),"",((VLOOKUP(H25,$Z$27:$AB$40,2)/$AA$30)*(VLOOKUP(H23,$AD$28:$AE$85,2)-VLOOKUP(H23,$AH$29:$AI$86,2)))+VLOOKUP(H23,$AH$29:$AI$86,2,FALSE)) -> 163.5539 | I27: =IF(OR(I23="",I24="",I25="",I26=""),"",((VLOOKUP(I25,$Z$27:$AB$40,2)/$AA$30)*(VLOOKUP(I23,$AD$28:$AE$85,2)-VLOOKUP(I23,$AH$29:$AI$86,2)))+VLOOKUP(I23,$AH$29:$AI$86,2,FALSE)) -> 137.8194 | R27: SD | S27: Pasir | T27: Sand | U27: Pasir / Sand | AA27: of water | AB27: factor of K | AD27: calibration of picnometer + water at 25 C | AH27: berat picnometer | AK27: LAB CONFIG. BERAT CAWAN
B28: A+(C-B) | G28: g | H28: =IF(OR(H23="",H24="",H25="",H26=""),"",H24+(H27-H26)) -> 3.9109036 | I28: =IF(OR(I23="",I24="",I25="",I26=""),"",I24+(I27-I26)) -> 3.7753991 | R28: SDC | S28: Pasir Lempungan | T28: Clayey Sand | U28: Pasir Lempungan / Clayey Sand | Z28: 18 | AA28: 0.9986244 | AB28: 1.0004 | AD28: No | AE28: weight (gr) | AH28: No. | AI28: berat (gr) | AK28: 1 | AL28: 9.03
B29: Specific Gravity (Gs) | H29: =IF(OR(H24="",H25="",H26=""),"",(H24/H28)*(VLOOKUP(H25,$Z$27:$AB$40,3))) -> 2.6804049 | I29: =IF(OR(I24="",I25="",I26=""),"",(I24/I28)*(VLOOKUP(I25,$Z$27:$AB$40,3))) -> 2.6844697 | R29: SDS | S29: Pasir Lanauan | T29: Silty Sand | U29: Pasir Lanauan / Silty Sand | Z29: 19 | AA29: 0.9984347 | AB29: 1.0002 | AD29: 1 | AE29: 163.599 | AH29: 1 | AI29: 59.49 | AK29: 2 | AL29: 8.842
B30: SPECIFIC GRAVITY Average (Gs) | H30: =IF(OR(H23="",H24="",H25="",H26=""),"",AVERAGE(H29:I29)) -> 2.6824373 | R30: SDG | S30: Pasir Kerikilan | T30: Gravelly Sand | U30: Pasir Kerikilan / Gravelly Sand | Z30: 20 | AA30: 0.9982343 | AB30: 1 | AD30: 2 | AE30: 137.862 | AH30: 2 | AI30: 39.514 | AK30: 3 | AL30: 9.041
R31: SLT | S31: Lanau | T31: Silt | U31: Lanau / Silt | Z31: 21 | AA31: 0.9980233 | AB31: 0.9998 | AD31: 3 | AE31: 151.183 | AH31: 3 | AI31: 51.446 | AK31: 4 | AL31: 8.936
R32: SLC | S32: Lanau Lempungan | T32: Clayey Silt | U32: Lanau Lempungan / Clayey Silt | Z32: 22 | AA32: 0.9978019 | AB32: 0.9996 | AD32: 4 | AE32: 153.062 | AH32: 4 | AI32: 53.871 | AK32: 5 | AL32: 8.856
R33: SLS | S33: Lanau Pasiran | T33: Sandy Silt | U33: Lanau Pasiran / Sandy Silt | Z33: 23 | AA33: 0.9975702 | AB33: 0.9993 | AD33: 5 | AE33: 152.278 | AH33: 5 | AI33: 53.022 | AK33: 6 | AL33: 8.726
R34: GR | S34: Kerikil | T34: Gravel | U34: Kerikil / Gravel | Z34: 24 | AA34: 0.9973286 | AB34: 0.9991 | AD34: 6 | AE34: 153.265 | AH34: 6 | AI34: 54.015 | AK34: 7 | AL34: 8.882
Z35: 25 | AA35: 0.997077 | AB35: 0.9989 | AD35: 7 | AE35: 153.689 | AH35: 7 | AI35: 59.771 | AK35: 8 | AL35: 8.818
A36: KODE LABORATORIUM / Laboratory Id. | D36: =IFERROR(INDEX('DATA INDUK'!$H$27:$H$152,MATCH(ROW(D1),'DATA INDUK'!$AO$27:$AO$152,0)),"") -> 26-001-DS-001 | Z36: 26 | AA36: 0.9968156 | AB36: 0.9986 | AD36: 8 | AE36: 158.886 | AH36: 8 | AI36: 62.706 | AK36: 9 | AL36: 8.799
A37: AL | Z37: 27 | AA37: 0.9965451 | AB37: 0.9983 | AD37: 9 | AE37: 158.674 | AH37: 9 | AI37: 61.072 | AK37: 10 | AL37: 8.793
B38: MOISTURE CONTENT TEST (SNI 1965 : 2008) | Z38: 28 | AA38: 0.9962652 | AB38: 0.998 | AD38: 10 | AE38: 153.58 | AH38: 10 | AI38: 53.568 | AK38: 11 | AL38: 8.804
B39: No. Container | H39: 18 | I39: 77 | Z39: 29 | AA39: 0.9959761 | AB39: 0.9977 | AD39: 11 | AE39: 156.951 | AH39: 11 | AI39: 58.058 | AK39: 12 | AL39: 8.928
B40: Wt. Container + Wet Soil | G40: g | H40: 63.231 | I40: 48.72 | Z40: 30 | AA40: 0.995678 | AB40: 0.9974 | AD40: 12 | AE40: 157.653 | AH40: 12 | AI40: 63.726 | AK40: 13 | AL40: 8.877
B41: Wt. Container + Dry Soil | G41: g | H41: 49.533 | I41: 38.822 | AD41: 13 | AE41: 155.423 | AH41: 13 | AI41: 60.343 | AK41: 14 | AL41: 8.892
B42: Wt. Container | G42: g | H42: =IFERROR(VLOOKUP(H39,$AK$28:$AL144,2,0),"") -> 8.934 | I42: =IFERROR(VLOOKUP(I39,$AK$28:$AL144,2,0),"") -> 8.843 | AD42: 14 | AE42: 156.63 | AH42: 14 | AI42: 59.336 | AK42: 15 | AL42: 8.993
B43: Wt. Water | G43: g | H43: =H40-H41 -> 13.698 | I43: =I40-I41 -> 9.898 | J43: =IF(OR(J39="",J40="",J41="",J42=""),"",J40-J41) | AD43: 15 | AE43: 159.75 | AH43: 15 | AI43: 63.115 | AK43: 16 | AL43: 8.909
B44: Wt. Dry Soil | G44: g | H44: =+H41-H42 -> 40.599 | I44: =+I41-I42 -> 29.979 | J44: =IF(OR(J39="",J40="",J41="",J42=""),"",J41-J42) | AD44: 16 | AE44: 159.772 | AH44: 16 | AI44: 62.986 | AK44: 17 | AL44: 9.049
B45: Moisture Content (w) | G45: % | H45: =+(H43/H44)*100 -> 33.739747 | I45: =+(I43/I44)*100 -> 33.016445 | J45: =IF(OR(J39="",J40="",J41="",J42=""),"",(J43/J44)*100) | AD45: 17 | AE45: 156.251 | AH45: 17 | AI45: 59.396 | AK45: 18 | AL45: 8.934
B46: MOISTURE CONTENT Average (w) | G46: % | I46: =IF(OR(I39="",I40="",I41="",I42=""),"",AVERAGE(H45:I45)) -> 33.378096 | AD46: 18 | AE46: 155.575 | AH46: 18 | AI46: 59.034 | AK46: 19 | AL46: 8.961
AD47: 19 | AE47: 156.809 | AH47: 19 | AI47: 60.026 | AK47: 20 | AL47: 8.776
A48: KODE LABORATORIUM / Laboratory Id. | D48: =IFERROR(INDEX('DATA INDUK'!$H$27:$H$152,MATCH(ROW(D1),'DATA INDUK'!$AP$27:$AP$152,0)),"") -> 26-001-DS-001 | AD48: 20 | AE48: 155.062 | AH48: 20 | AI48: 55.041 | AK48: 21 | AL48: 8.903
A49: AM | Z49: no | AA49: berat (gr) | AB49: vol (cm3) | AK49: 22 | AL49: 8.843
B50: DENSITY TEST (SNI 03-3637 : 1994) | Z50: 1 | AA50: 36.499 | AB50: 34.700713 | AK50: 23 | AL50: 8.84
B51: No. Ring | I51: 2 | Z51: 2 | AA51: 36.805 | AB51: 35.056618 | AK51: 24 | AL51: 9.01
B52: Wt. Ring + Wet Soil | G52: g | I52: 95.165 | Z52: 3 | AA52: 36.847 | AB52: 34.878665 | AK52: 25 | AL52: 8.812
B53: Wt. Ring | G53: g | I53: =IF(OR(I51="",I52=""),"",VLOOKUP(I51,$Z$49:$AB$56,2,FALSE)) -> 36.805 | Z53: 4 | AA53: 36.924 | AB53: 35.23457 | AK53: 26 | AL53: 8.846
B54: Vol. Wet Soil (= Vol. Ring) | G54: cm3 | I54: =IF(OR(I51="",I52=""),"",VLOOKUP(I51,$Z$50:$AB$56,3,FALSE)) -> 35.056618 | Z54: 5 | AA54: 37.892 | AB54: 36.124332 | AK54: 27 | AL54: 8.914
B55: BULK DENSITY (gm) | G55: Mg/m3 | I55: =IF(OR(I51="",I52=""),"",(I52-I53)/I54) -> 1.6647356 | Z55: 6 | AA55: 36.617 | AB55: 34.878665 | AK55: 28 | AL55: 9.9
Z56: 7 | AA56: 37.048 | AB56: 35.23457 | AK56: 29 | AL56: 8.9
B57: DRY DENSITY (gd) | G57: Mg/m3 | I57: =IF(OR(I46="",I51="",I52=""),"",I55/(1+(I46/100))) -> 1.2481327 | AK57: 30 | AL57: 8.854
B58: VOID RATIO (e) | I58: =IF(OR(H30="",I46="",I51="",I52=""),"",((H30*1)/I57)-1) -> 1.1491603 | AK58: 31 | AL58: 8.815
B59: POROSITY (n) | I59: =IF(OR(I46="",I51="",I52="",I58=""),"",I58/(1+I58)) -> 0.53470201 | AK59: 32 | AL59: 8.985
B60: DEGREE OF SATURATION (Sr) | G60: % | I60: =IF(OR(I46="",I51="",I52="",I61=""),"",IF(I61>=100,100,I61)) -> 77.913104 | AK60: 33 | AL60: 8.897
I61: =IF(OR(H30="",I46="",I51="",I52=""),"",(I46*H30)/I58) -> 77.913104 | P61: =IF(OR(P30="",P46="",P51="",P52=""),"",(P46*P30)/P58) | AK61: 34 | AL61: 8.91
AK62: 35 | AL62: 8.725
AK63: 36 | AL63: 8.715
AK64: 37 | AL64: 8.752
B65: Parameter | F65: Metode / Method | H65: Hasil / Result | AK65: 38 | AL65: 8.73
B66: Berat Jenis Butiran / Specific Gravity, Gs | H66: =IF($D$7="","TIDAK DIUJI / NOT TESTED",H30) -> 2.6824373 | AK66: 39 | AL66: 8.861
B67: Kadar Air / Moisture Content, w (%) | H67: =I46 -> 33.378096 | AK67: 40 | AL67: 8.858
B68: Berat Isi Basah / Bulk Density (g/cm³) | H68: =I55 -> 1.6647356 | AK68: 41 | AL68: 8.759
B69: Berat Isi Kering / Dry Density (g/m³) | H69: =IF($D$48="","TIDAK DIUJI / NOT TESTED / ",I57) -> 1.2481327 | AK69: 42 | AL69: 8.8
AK70: 43 | AL70: 8.861
AK71: 44 | AL71: 8.878
AK72: 45 | AL72: 8.941
AK73: 46 | AL73: 9.01
B74: ============================================= | AK74: 47 | AL74: 8.8993
B75: QC DASHBOARD PHYSICAL PROPEERTIES | AK75: 48 | AL75: 8.749
B76: ============================================= | AK76: 49 | AL76: 8.822
AK77: 50 | AL77: 8.781
B78: Deskripsi Tanah : | Q78: Parameter | R78: Kategori | S78: Kode | T78: Min | U78: Max | AK78: 51 | AL78: 8.843
Q79: SG | R79: Sangat Rendah | S79: 1 | T79: 1.5 | U79: 2.2 | AK79: 52 | AL79: 8.858
B80: Kode | C80: =G11 -> CL | Q80: SG | R80: Rendah | S80: 2 | T80: 2.2 | U80: 2.5 | AK80: 53 | AL80: 8.781
Q81: SG | R81: Normal | S81: 3 | T81: 2.5 | U81: 2.75 | AK81: 54 | AL81: 8.918
B82: ---------------------------------- | Q82: SG | R82: Tinggi | S82: 4 | T82: 2.75 | U82: 2.9 | AK82: 55 | AL82: 9.03
Q83: SG | R83: Sangat Tinggi | S83: 5 | T83: 2.9 | U83: 3.5 | AK83: 56 | AL83: 8.924
B84: ENGINEERING REMINDER | AK84: 57 | AL84: 9.011
D85: Completeness | E85: Logical Check | F85: Eng. Category | G85: Kode Hasil | H85: Kategori Normal | I85: Min | J85: Max | K85: Status | L85: Eng.Reminder | N85: Reff | Q85: Parameter | R85: Kategori | S85: Kode | T85: Min | U85: Max | AK85: 58 | AL85: 8.854
B86: SG | C86: =H66 -> 2.6824373 | D86: =IF(ISNUMBER(C86),"PASS","CHECK") -> PASS | E86: =IF(AND(C86>=1.5,C86<=2.75),"PASS","CHECK") -> PASS | F86: {=IFERROR( INDEX($R$79:$R$83, MATCH(1, ($Q$79:$Q$83=$B86)* ($U$79:$U$83>=C86)* ($T$79:$T$83<=C86), 0)), "")} -> Normal | G86: {=IFERROR( INDEX($S$79:$S$83, MATCH(1, ($Q$79:$Q$83=$B86)* ($U$79:$U$83>=C86)* ($T$79:$T$83<=C86), 0)), "")} -> 3 | H86: {=IFERROR( INDEX($S$107:$S$154, MATCH(1, ($Q$107:$Q$154=$C$80)* ($R$107:$R$154=$B86), 0)), "")} -> Normal | I86: {=IFERROR( INDEX($T$107:$T$146, MATCH(1, ($Q$107:$Q$146=$C$80)* ($R$107:$R$146=$B86), 0)), "")} -> 2.6 | J86: {=IFERROR( INDEX($U$107:$U$146, MATCH(1, ($Q$107:$Q$146=$C$80)* ($R$107:$R$146=$B86), 0)), "")} -> 2.8 | K86: =IF(C86="","CHECK", IF(AND(C86>=I86,C86<J86),"PASS","REVIEW")) -> PASS | L86: {=IFERROR( INDEX($V$107:$V$146, MATCH(1, ($Q$107:$Q$146=$C$80)* ($R$107:$R$146=$B86), 0)), "")} -> Nilai di luar kisaran perlu verifikasi mineralogi, kandungan organik, atau prosedur pengujian. | N86: {=IFERROR( INDEX($W$107:$W$146, MATCH(1, ($Q$107:$Q$146=$C$80)* ($R$107:$R$146=$B86), 0)), "")} -> ASTM D854; Das (2017) | Q86: MC | R86: Sangat Rendah | S86: 1 | T86: 0 | U86: 10 | AK86: 59 | AL86: 8.899
Q87: MC | R87: Rendah | S87: 2 | T87: 10 | U87: 20 | AK87: 60 | AL87: 8.821
B88: MC | C88: =H67 -> 33.378096 | D88: =IF(ISNUMBER(C88),"PASS","CHECK") -> PASS | E88: =IF(AND(C88>=0,C88<=100),"PASS","CHECK") -> PASS | F88: {=IFERROR( INDEX($R$86:$R$90, MATCH(1, ($Q$86:$Q$90=$B88)* ($U$86:$U$90>=C88)* ($T$86:$T$90<=C88), 0)), "")} -> Sedang | G88: {=IFERROR( INDEX($S$86:$S$90, MATCH(1, ($Q$86:$Q$90=$B88)* ($U$86:$U$90>=C88)* ($T$86:$T$90<=C88), 0)), "")} -> 3 | H88: {=IFERROR( INDEX($S$107:$S$146, MATCH(1, ($Q$107:$Q$146=$C$80)* ($R$107:$R$146=$B88), 0)), "")} -> Tinggi | I88: {=IFERROR( INDEX($T$107:$T$146, MATCH(1, ($Q$107:$Q$146=$C$80)* ($R$107:$R$146=$B88), 0)), "")} -> 20 | J88: {=IFERROR( INDEX($U$107:$U$146, MATCH(1, ($Q$107:$Q$146=$C$80)* ($R$107:$R$146=$B88), 0)), "")} -> 60 | K88: =IF(C88="","CHECK", IF(AND(C88>=I88,C88<J88),"PASS","REVIEW")) -> PASS | L88: {=IFERROR( INDEX($V$107:$V$146, MATCH(1, ($Q$107:$Q$146=$C$80)* ($R$107:$R$146=$B88), 0)), "")} -> Bandingkan dengan LL, PI, dan kondisi lapangan. | N88: {=IFERROR( INDEX($W$107:$W$146, MATCH(1, ($Q$107:$Q$146=$C$80)* ($R$107:$R$146=$B88), 0)), "")} -> Das (2017) | Q88: MC | R88: Sedang | S88: 3 | T88: 20 | U88: 40 | AK88: 61 | AL88: 8.845
Q89: MC | R89: Tinggi | S89: 4 | T89: 40 | U89: 70 | AK89: 62 | AL89: 8.76
B90: Bulk Density | C90: =H68 -> 1.6647356 | D90: =IF(ISNUMBER(C90),"PASS","CHECK") -> PASS | E90: =IF(AND(C90>=0.8,C90<=3),"PASS","CHECK") -> PASS | F90: {=IFERROR( INDEX($R$93:$R$97, MATCH(1, ($Q$93:$Q$97=$B90)* ($U$93:$U$97>=C90)* ($T$93:$T$97<=C90), 0)), "")} -> Normal | G90: {=IFERROR( INDEX($S$93:$S$97, MATCH(1, ($Q$93:$Q$97=$B90)* ($U$93:$U$97>=C90)* ($T$93:$T$97<=C90), 0)), "")} -> 3 | H90: {=IFERROR( INDEX($S$107:$S$146, MATCH(1, ($Q$107:$Q$146=$C$80)* ($R$107:$R$146=$B90), 0)), "")} -> Sedang | I90: {=IFERROR( INDEX($T$107:$T$146, MATCH(1, ($Q$107:$Q$146=$C$80)* ($R$107:$R$146=$B90), 0)), "")} -> 1.5 | J90: {=IFERROR( INDEX($U$107:$U$146, MATCH(1, ($Q$107:$Q$146=$C$80)* ($R$107:$R$146=$B90), 0)), "")} -> 2.1 | K90: =IF(C90="","CHECK", IF(AND(C90>=I90,C90<J90),"PASS","REVIEW")) -> PASS | L90: {=IFERROR( INDEX($V$107:$V$146, MATCH(1, ($Q$107:$Q$146=$C$80)* ($R$107:$R$146=$B90), 0)), "")} -> Evaluasi bersama Dry Density dan MC. | N90: {=IFERROR( INDEX($W$107:$W$146, MATCH(1, ($Q$107:$Q$146=$C$80)* ($R$107:$R$146=$B90), 0)), "")} -> Bowles (1992) | Q90: MC | R90: Sangat Tinggi | S90: 5 | T90: 70 | U90: 200 | AK90: 63 | AL90: 8.86
AK91: 64 | AL91: 8.809
B92: Dry Density | C92: =H69 -> 1.2481327 | D92: =IF(ISNUMBER(C92),"PASS","CHECK") -> PASS | E92: =IF(AND(C92>=0.6,C92<=2),"PASS","CHECK") -> PASS | F92: {=IFERROR( INDEX($R$100:$R$104, MATCH(1, ($Q$100:$Q$104=$B92)* ($U$100:$U$104>=C92)* ($T$100:$T$104<=C92), 0)), "")} -> Rendah | G92: {=IFERROR( INDEX($S$100:$S$104, MATCH(1, ($Q$100:$Q$104=$B92)* ($U$100:$U$104>=C92)* ($T$100:$T$104<=C92), 0)), "")} -> 2 | H92: {=IFERROR( INDEX($S$107:$S$146, MATCH(1, ($Q$107:$Q$146=$C$80)* ($R$107:$R$146=$B92), 0)), "")} -> Rendah–Sedang | I92: {=IFERROR( INDEX($T$107:$T$146, MATCH(1, ($Q$107:$Q$146=$C$80)* ($R$107:$R$146=$B92), 0)), "")} -> 1.1 | J92: {=IFERROR( INDEX($U$107:$U$146, MATCH(1, ($Q$107:$Q$146=$C$80)* ($R$107:$R$146=$B92), 0)), "")} -> 1.8 | K92: =IF(C92="","CHECK", IF(AND(C92>=I92,C92<J92),"PASS","REVIEW")) -> PASS | L92: {=IFERROR( INDEX($V$107:$V$146, MATCH(1, ($Q$107:$Q$146=$C$80)* ($R$107:$R$146=$B92), 0)), "")} -> Konsisten terhadap Wet Density dan MC. | N92: {=IFERROR( INDEX($W$107:$W$146, MATCH(1, ($Q$107:$Q$146=$C$80)* ($R$107:$R$146=$B92), 0)), "")} -> Bowles (1992) | Q92: Parameter | R92: Kategori | S92: Kode | T92: Min | U92: Max | AK92: 65 | AL92: 8.884
Q93: Bulk Density | R93: Sangat Rendah | S93: 1 | T93: 0.8 | U93: 1.2 | AK93: 66 | AL93: 8.923
Q94: Bulk Density | R94: Rendah | S94: 2 | T94: 1.2 | U94: 1.6 | AK94: 76 | AL94: 8.746
B95: Status | C95: Engineering Note | Q95: Bulk Density | R95: Normal | S95: 3 | T95: 1.6 | U95: 2 | AK95: 77 | AL95: 8.843
B96: PASS | C96: Konsisten dengan karakteristik umum tanah lempung. | Q96: Bulk Density | R96: Tinggi | S96: 4 | T96: 2 | U96: 2.3 | AK96: 78 | AL96: 8.828
B97: REVIEW | C97: Perlu ditinjau kembali terhadap deskripsi megaskopis atau hasil pengujian lain. | Q97: Bulk Density | R97: Sangat Tinggi | S97: 5 | T97: 2.3 | U97: 3 | AK97: 79 | AL97: 8.915
AK98: 80 | AL98: 8.813
Q99: Parameter | R99: Kategori | S99: Kode | T99: Min | U99: Max | AK99: 81 | AL99: 8.965
Q100: Dry Density | R100: Sangat Rendah | S100: 1 | T100: 0.6 | U100: 1 | AK100: 82 | AL100: 8.797
Q101: Dry Density | R101: Rendah | S101: 2 | T101: 1 | U101: 1.4 | AK101: 83 | AL101: 8.928
Q102: Dry Density | R102: Normal | S102: 3 | T102: 1.4 | U102: 1.8 | AK102: 84 | AL102: 8.904
Q103: Dry Density | R103: Tinggi | S103: 4 | T103: 1.8 | U103: 2.1 | AK103: 85 | AL103: 8.769
Q104: Dry Density | R104: Sangat Tinggi | S104: 5 | T104: 2.1 | U104: 2.8 | AK104: 86 | AL104: 8.808
AK105: 87 | AL105: 8.832
Q106: Soil Code | R106: Parameter | S106: Kategori Normal | T106: Min | U106: Max | V106: Engineering Reminder | W106: Reference | AK106: 88 | AL106: 8.928
Q107: CL | R107: SG | S107: Normal | T107: 2.6 | U107: 2.8 | V107: Nilai di luar kisaran perlu verifikasi mineralogi, kandungan organik, atau prosedur pengujian. | W107: ASTM D854; Das (2017) | AK107: 89 | AL107: 9.072
Q108: CL | R108: MC | S108: Tinggi | T108: 20 | U108: 60 | V108: Bandingkan dengan LL, PI, dan kondisi lapangan. | W108: Das (2017) | AK108: 90 | AL108: 8.906
Q109: CL | R109: Bulk Density | S109: Sedang | T109: 1.5 | U109: 2.1 | V109: Evaluasi bersama Dry Density dan MC. | W109: Bowles (1992) | AK109: 91 | AL109: 8.839
...

Sheet LHU_PP
D1: LABORATORIUM MEKANIKA TANAH
D2: PT.TERRAFORMA GEOTEKNIK INDONESIA
F3: LABORATORY TEST REPORT
A6: No. Laporan / Report No. | E6: =": " & IF('DATA INDUK'!$H$17="","",'DATA INDUK'!$H$17) -> : 23/MGS/53/II/2026
A7: Revisi / Revision | E7: =": "&IF('DATA INDUK'!H18="","",'DATA INDUK'!H18) -> : R0 | I7: Tgl. Laporan / Report Date | M7: =": "&IF('DATA INDUK'!H19="","",TEXT('DATA INDUK'!H19,"dd mmmm yyyy")) -> : 29 January 2026 | U7: Halaman/Pages | X7: =": 1 dari 1" -> : 1 dari 1
A9: INFORMASI PROYEK /PROJECT INFORMATION | N9: INFORMASI CONTOH / SAMPLE INFORMATION
A11: Nama Proyek / Project Name | N11: Kode Laboratorium / Laboratory Id.
A12: =IF('DATA INDUK'!H2="","",'DATA INDUK'!H2) -> BSI Candrian Waste Dump Extension Study | N12: =IF('WS-PP'!D7="","",'WS-PP'!D7) -> 26-001-DS-001
A13: Lokasi Proyek / Location | E13: =": "&IF('DATA INDUK'!H3="","",'DATA INDUK'!H3) -> : Banyuwangi - JAWA TIMUR | N13: Sumber Contoh / Sample Source | S13: : | T13: =IF('WS-PP'!D10="","",'WS-PP'!D10) -> #N/A
A14: No. PO / PO Number | E14: =": "&IF('DATA INDUK'!H9="","",'DATA INDUK'!H9) -> : PO-GQT-001
N15: Jenis Contoh / Sample Type | S15: : | T15: =IF('WS-PP'!D11="","",'WS-PP'!D11) -> Disturbed Sample
A17: IDENTITAS KLIEN / CLIENT INFORMATION | N17: Deskripsi Tanah / Soil Description | S17: : | T17: =IF('WS-PP'!D12="","",'WS-PP'!D12) -> Lempung / Clay
N18: Warna Tanah / Soil Color | S18: : | T18: =IF('WS-PP'!D13="","",'WS-PP'!D13) -> Coklat Kekuningan / Yellowish Brown
A19: Klien / Client | E19: =": "&IF('DATA INDUK'!H4="","",'DATA INDUK'!H4) -> : PT. GEOLAND QUATRO TECHNOLAB
N20: Tgl.Diterima / Date Received | S20: : | T20: =IF('DATA INDUK'!H13="","",TEXT('DATA INDUK'!H13,"dd mmmm yyyy")) -> 05 January 2026
A21: Alamat / Address | E21: =": "&IF('DATA INDUK'!H6="","",'DATA INDUK'!H6) -> : Kab. Bandung - JAWA BARAT
N22: Tgl Pengujian / Date Tested | S22: : | T22: =IF('WS-PP'!T12="","",TEXT('WS-PP'!T12,"dd mmmm yyyy")) -> 05 January 2026
A26: ='WS-PP'!A2 -> UJI SIFAT FISIK TANAH
A27: ='WS-PP'!A3 -> SOIL PHYSICAL PROPERTIES TEST
E34: Parameter | L34: Metode / Method | O34: Hasil / Result
E36: Berat Jenis Butiran / Specific Gravity, Gs | L36: ='DATA INDUK'!$BS$30 -> 1964:2008 | O36: ='WS-PP'!H66 -> 2.6824373
E37: Kadar Air / Moisture Content, w (%) | L37: ='DATA INDUK'!$BS$31 -> 1965:2008 | O37: ='WS-PP'!H67 -> 33.378096
E38: Berat Isi Basah / Bulk Density (g/cm³) | L38: ='DATA INDUK'!$BS$35 -> 03-3637-1994 | O38: ='WS-PP'!H68 -> 1.6647356
E39: Berat Isi Kering / Dry Unit Weight (g/m³) | L39: ='DATA INDUK'!$BS$35 -> 03-3637-1994 | O39: ='WS-PP'!H69 -> 1.2481327 | AB39: ="LHU No. : "& IF('DATA INDUK'!$H$17="","",'DATA INDUK'!$H$17) -> LHU No. : 23/MGS/53/II/2026
AB40: ="LAB ID. : "&$N$12&"" -> LAB ID. : 26-001-DS-001
AA41: Physical Properties | AB41: ="TEST TYPE : "&AA41&"" -> TEST TYPE : Physical Properties
AB42: ="DATE : "&TEXT('DATA INDUK'!$H$19,"yyyy-mm-dd") -> DATE : 2026-01-29
U58: SCAN FOR REPORT VERIFICATION
C59: DIUJI OLEH / | H59: DIPERIKSA OLEH / | M59: DISETUJUI OLEH /
C60: TESTED BY | H60: CHECKED BY | M60: APPROVED BY
C64: =IF('WS-PP'!T9="","",'WS-PP'!T9) -> RIZKI | H64: =IF(C64='WS-PP'!T10," - ",'WS-PP'!T10) -> NOUFAL | M64: =IF('WS-PP'!T11="","",'WS-PP'!T11) -> A.SUMARTADJI
C65: Teknisi/Analis | H65: Koordinator Teknis | M65: Kepala Laboratorium
C66: Tgl./Date : | E66: =IF('DATA INDUK'!$H$19="","",'DATA INDUK'!$H$19-1) -> 46050 | H66: Tgl./Date : | J66: =IF('DATA INDUK'!$H$19="","",'DATA INDUK'!$H$19-1) -> 46050 | M66: Tgl./Date : | P66: =IF('DATA INDUK'!$H$19="","",'DATA INDUK'!$H$19-1) -> 46050
A68: KETERANGAN / NOTES | D68: - Laporan hasil Uji ini hanya berlaku untuk contoh yang diuji | M68: - | N68: This test report applies only to the tested sample.
D69: - Dilarang memperbanyak laporan tanpa ijin tertulis dari Laboratorium | M69: - | N69: This report shall not be reproduced except in full without written approval from
D70: Mekanika Tanah PT. TERRAFORMA GEOTEKNIK INDONESIA. | N70: PT. TERRAFORMA GEOTEKNIK INDONESIA Soil Mechanics Laboratory.
D71: - Laboratorium tidak bertanggung jawab atas kegiatan pengambilan | M71: - | N71: The laboratory is not responsible for sampling,handling and sample transportation
D72: dan transportasi contoh yang dilakukan oleh pihak lain. | N72: conducted by others.
U73: ='DATA INDUK'!$BT$30 -> 23-MINEARTH-RM-LHU-PP-R0
A74: Jl. Leuwisari VII No.23, Kota Bandung | K74: Telp : 022-4572503 | T74: Email : Soil_test@minearth.co.id
A75: Jawa Barat-40235 | K75: Mobile : 0811-2183-223 | T75: Website : www.minearth.co.id
F78: LABORATORIUM MEKANIKA TANAH
F79: PT. TERRAFORMA GEOTEKNIK INDONESIA
F80: LABORATORY TEST REPORT
A83: No. Laporan / Report No. : | F83: =F6 -> 0
A84: Revisi / Revision : | F84: =F7 -> 0 | K84: Tgl. Laporan/Report Date : | P84: =N7 -> 0 | T84: Halaman/Pages : | W84: 2 dari 2
A86: LAMPIRAN / APPENDIX
A139: CATATAN /NOTES : | H139: DIUJI OLEH / | L139: DIPERIKSA OLEH / | P139: DISETUJUI OLEH /
H140: TESTED BY | L140: CHECKED BY | P140: APPROVED BY
H141: =C64 -> RIZKI
L144: =H64 -> NOUFAL | P144: =M64 -> A.SUMARTADJI
H145: =C65 -> Teknisi/Analis | L145: =H65 -> Koordinator Teknis | P145: =M65 -> Kepala Laboratorium
H146: Tgl./Date : | J146: =E66 -> 46050 | L146: Tgl./Date : | N146: =J66 -> 46050 | P146: Tgl./Date | R146: =P66 -> 46050
U148: =#REF! -> #REF!

Sheet WS-ATB
A1: LEMBAR PENGUJIAN / TESTING WORKSHEET
A2: UJI BATAS CAIR DAN BATAS PLASTIS
A3: LIQUID LIMIT AND PLASTIC LIMIT TEST
A5: AN
A7: KODE LABORATORIUM / Laboratory Id. | D7: =IFERROR(INDEX('DATA INDUK'!$H$27:$H$152,MATCH(ROW(D1),'DATA INDUK'!$AQ$27:$AQ$152,0)),"") -> 26-001-DS-001
D8: =IFERROR(INDEX('DATA INDUK'!$H$27:$H$38,MATCH(ROW(D2),'DATA INDUK'!$Z$27:$Z$38,0)),"")
A9: NO. CONTOH / Sample Id. | D9: {=IF( INDEX('DATA INDUK'!$I$28:$I$151, MATCH($D$7,'DATA INDUK'!$H$28:$H$151,0))="", INDEX('DATA INDUK'!$C$28:$C$151, MATCH($D$7,'DATA INDUK'!$H$28:$H$151,0)) & " (" & INDEX('DATA INDUK'!$J$28:$J$151, MATCH($D$7,'DATA INDUK'!$H$28:$H$151,0)) & ")", _xlfn.TEXTJOIN(CHAR(10),TRUE, _xlfn._xlws.FILTER( 'DATA INDUK'!$C$28:$C$151 & " (" & 'DATA INDUK'!$J$28:$J$151 & ")", 'DATA INDUK'!$I$28:$I$151= INDEX('DATA INDUK'!$I$28:$I$151, MATCH($D$7,'DATA INDUK'!$H$28:$H$151,0)) )) )} -> #N/A | L9: DIUJI OLEH / Tested By | O9: =IF($D$7="","",P9) -> NOUFAL | P9: NOUFAL | T9: ="TTD_"&O9&"" -> TTD_NOUFAL
A10: KEDALAMAN / Depth (m) | L10: DIPERIKSA OLEH / Checked By | O10: =IF($D$7="","",P10) -> NOUFAL | P10: NOUFAL | T10: =IF(O9=O10,"TTD_","TTD_"&O10&"") -> TTD_
A11: JENIS CONTOH / Sample Type | D11: =IFERROR(INDEX('DATA INDUK'!$D$27:$D$152,MATCH(ROW(D1),'DATA INDUK'!$AQ$27:$AQ$152,0)),"") -> Disturbed Sample | F11: KODE | L11: DISETUJUI OLEH | O11: =IF($D$7="","",P11) -> A.SUMARTADJI | P11: A.SUMARTADJI | T11: ="TTD_"&O11&"" -> TTD_A.SUMARTADJI
A12: DESKRIPSI TANAH / Soil Description | D12: Lempung / Clay | F12: =IFERROR(INDEX($W$29:$W$40, MATCH(D12,$Z$29:$Z$40,0)), "CHECK DESKRIPSI") -> CL | L12: TGL. PENGUJIAN / Date Tested | O12: 46035
A13: WARNA TANAH / Soil Color | D13: Coklat / Brown
D14: =IFERROR(INDEX('DATA INDUK'!$H$27:$H$38,MATCH(ROW(D9),'DATA INDUK'!$Z$27:$Z$38,0)),"")
A26: UJI BATAS CAIR
Q27: LAB CONFIG. BERAT CAWAN | W27: DB DESKRIPSI
A28: PARAMETER | F28: 1 | G28: 2 | H28: 3 | I28: 4 | L28: Vertical Iine | N28: Horizontal Line | Q28: 1 | R28: 9.03 | T28: x | U28: Y | W28: Kode | X28: Deskripsi Indonesia | Y28: English | Z28: Bilingual
A29: Banyak Pukulan/No. of blows | F29: 40 | G29: 31 | H29: 20 | I29: 12 | L29: X | M29: Y | N29: X | O29: Y | Q29: 2 | R29: 8.842 | T29: =F29 -> 40 | U29: =IF($D$7="",NA(),F37) -> 43.333333 | W29: CL | X29: Lempung | Y29: Clay | Z29: Lempung / Clay
A30: No. Cawan | F30: 50 | G30: 42 | H30: 63 | I30: 22 | L30: 25 | M30: 0 | N30: 1 | O30: =L41 -> 46.879858 | Q30: 3 | R30: 9.041 | T30: =G29 -> 31 | U30: =IF($D$7="",NA(),G37) -> 45.272466 | W30: CLS | X30: Lempung Pasiran | Y30: Sandy Clay | Z30: Lempung Pasiran / Sandy Clay
A31: Berat cawan kosong / wt. empty can | E31: ( gr ) | F31: =IFERROR(VLOOKUP(F30,$Q$28:$R$149,2,0),"") -> 8.781 | G31: =IFERROR(VLOOKUP(G30,$Q$28:$R$149,2,0),"") -> 8.8 | H31: =IFERROR(VLOOKUP(H30,$Q$28:$R$149,2,0),"") -> 8.86 | I31: =IFERROR(VLOOKUP(I30,$Q$28:$R$149,2,0),"") -> 8.843 | L31: 25 | M31: =L41 -> 46.879858 | N31: 25 | O31: =O30 -> 46.879858 | Q31: 4 | R31: 8.936 | T31: =H29 -> 20 | U31: =IF($D$7="",NA(),H37) -> 48.219351 | W31: CSL | X31: Lempung Lanauan | Y31: Silty Clay | Z31: Lempung Lanauan / Silty Clay
A32: Berat cawan + Tanah basah / wt.of can + moist soil | E32: ( gr ) | F32: 26.325 | G32: 28.021 | H32: 27.672 | I32: 29.368 | Q32: 5 | R32: 8.856 | T32: =I29 -> 12 | U32: =IF($D$7="",NA(),I37) -> 51.789676 | W32: CLG | X32: Lempung Kerikilan | Y32: Gravelly Clay | Z32: Lempung Kerikilan / Gravelly Clay
A33: Berat cawan + Tanah Kering / wt. of can + dry soil | E33: ( gr ) | F33: 21.021 | G33: 22.031 | H33: 21.552 | I33: 22.365 | L33: Graphic Trend line | Q33: 6 | R33: 8.726 | W33: SD | X33: Pasir | Y33: Sand | Z33: Pasir / Sand
A34: Berat tanah basah / wt. of moist soil | E34: ( gr ) | F34: =IF(OR(F31="",F32=""),"",(F32-F31)) -> 17.544 | G34: =IF(OR(G31="",G32=""),"",(G32-G31)) -> 19.221 | H34: =IF(OR(H31="",H32=""),"",(H32-H31)) -> 18.812 | I34: =IF(OR(I31="",I32=""),"",(I32-I31)) -> 20.525 | Q34: 7 | R34: 8.882 | T34: X | U34: Y | W34: SDC | X34: Pasir Lempungan | Y34: Clayey Sand | Z34: Pasir Lempungan / Clayey Sand
A35: Berat tanah kering / wt. of dry soil | E35: ( gr ) | F35: =IF(OR(F31="",F33=""),"",(F33-F31)) -> 12.24 | G35: =IF(OR(G31="",G33=""),"",(G33-G31)) -> 13.231 | H35: =IF(OR(H31="",H33=""),"",(H33-H31)) -> 12.692 | I35: =IF(OR(I31="",I33=""),"",(I33-I31)) -> 13.522 | L35: X | M35: Y | Q35: 8 | R35: 8.818 | T35: =H29 -> 20 | U35: =IF($D$7="",NA(),H37) -> 48.219351 | W35: SDS | X35: Pasir Lanauan | Y35: Silty Sand | Z35: Pasir Lanauan / Silty Sand
A36: Berat air / wt. of water | E36: ( gr ) | F36: =IF(OR(F32="",F33=""),"",F32-F33) -> 5.304 | G36: =IF(OR(G32="",G33=""),"",G32-G33) -> 5.99 | H36: =IF(OR(H32="",H33=""),"",H32-H33) -> 6.12 | I36: =IF(OR(I32="",I33=""),"",I32-I33) -> 7.003 | L36: =H29 -> 20 | M36: =H37 -> 48.219351 | Q36: 9 | R36: 8.799 | T36: =G29 -> 31 | U36: =IF($D$7="",NA(),G37) -> 45.272466 | W36: SDG | X36: Pasir Kerikilan | Y36: Gravelly Sand | Z36: Pasir Kerikilan / Gravelly Sand
A37: Kadar air/ Moisture content (Mc) | E37: ( % ) | F37: =IF(OR(F35="",F36=""),"",F36/F35*100) -> 43.333333 | G37: =IF(OR(G35="",G36=""),"",G36/G35*100) -> 45.272466 | H37: =IF(OR(H35="",H36=""),"",H36/H35*100) -> 48.219351 | I37: =IF(OR(I35="",I36=""),"",I36/I35*100) -> 51.789676 | L37: =G29 -> 31 | M37: =G37 -> 45.272466 | Q37: 10 | R37: 8.793 | W37: SLT | X37: Lanau | Y37: Silt | Z37: Lanau / Silt
Q38: 11 | R38: 8.804 | T38: X | U38: Y | W38: SLC | X38: Lanau Lempungan | Y38: Clayey Silt | Z38: Lanau Lempungan / Clayey Silt
Q39: 12 | R39: 8.928 | T39: 1 | U39: =IF($D$7="",NA(),L41) -> 46.879858 | W39: SLS | X39: Lanau Pasiran | Y39: Sandy Silt | Z39: Lanau Pasiran / Sandy Silt
L40: LIQUID LIMIT | Q40: 13 | R40: 8.877 | T40: 25 | U40: =IF($D$7="",NA(),U39) -> 46.879858 | W40: GR | X40: Kerikil | Y40: Gravel | Z40: Kerikil / Gravel
L41: {=IF(OR(L36="",L37="",M36="",M37=""),"NP",TREND(M36:M37,L36:L37,25))} -> 46.879858 | M41: % | Q41: 14 | R41: 8.892 | T41: 25 | U41: =IF($D$7="",NA(),0) -> 0
Q42: 15 | R42: 8.993
Q43: 16 | R43: 8.909 | T43: X | U43: Y
Q44: 17 | R44: 9.049 | T44: 25 | U44: =IF($D$7="",NA(),L41) -> 46.879858
L45: LL | M45: A-Line | N45: U-Line | Q45: 18 | R45: 8.934
L46: 0 | Q46: 19 | R46: 8.961
L47: 8 | N47: 0 | Q47: 20 | R47: 8.776
L48: 20 | M48: 0 | N48: 10.8 | Q48: 21 | R48: 8.903
L49: 30 | M49: 7.3 | N49: 19.8 | Q49: 22 | R49: 8.843
L50: 40 | M50: 14.6 | N50: 28.8 | Q50: 23 | R50: 8.84
L51: 50 | M51: 21.9 | N51: 37.8 | Q51: 24 | R51: 9.01
L52: 60 | M52: 29.2 | N52: 46.8 | Q52: 25 | R52: 8.812
L53: 70 | M53: 36.5 | N53: 55.8 | Q53: 26 | R53: 8.846
L54: 80 | M54: 43.8 | N54: 64.8 | Q54: 27 | R54: 8.914
L55: 90 | M55: 51.1 | N55: 73.8 | Q55: 28 | R55: 9.9
L56: 100 | M56: 58.4 | N56: 82.8 | Q56: 29 | R56: 8.9
Q57: 30 | R57: 8.854
Q58: 31 | R58: 8.815
L59: A-Line | M59: Pl = 0.73(LL-20) | Q59: 32 | R59: 8.985
L60: U-Line | M60: Pl=0.9(LL-8) | Q60: 33 | R60: 8.897
A61: LEGENDA | Q61: 34 | R61: 8.91
A62: Test Data | L62: Straight line | Q62: 35 | R62: 8.725
A63: 25 Blows | L63: 50 | M63: 0 | Q63: 36 | R63: 8.715
A64: ="LL = "&TEXT(L41,"0.0")&" %" -> LL = 46.9 % | L64: 50 | M64: 60 | Q64: 37 | R64: 8.752
Q65: 38 | R65: 8.73
L66: CL-ML | M66: Region | N66: A-Line | O66: U-Line | Q66: 39 | R66: 8.861
L67: 4 | M67: 4 | N67: 25.479452 | O67: 12.444444 | Q67: 40 | R67: 8.858
L68: 7 | M68: 7 | N68: 29.589041 | O68: 15.777778 | Q68: 41 | R68: 8.759
Q69: 42 | R69: 8.8
L70: 0 | M70: 4 | Q70: 43 | R70: 8.861
L71: =O67 -> 12.444444 | M71: 4 | Q71: 44 | R71: 8.878
Q72: 45 | R72: 8.941
A73: UJI BATAS PLASTIS | L73: 0 | M73: 7 | Q73: 46 | R73: 9.01
L74: =O68 -> 15.777778 | M74: 7 | Q74: 47 | R74: 8.8993
A75: No. Cawan | F75: 12 | G75: 15 | J75: STATUS PLASTISITAS | Q75: 48 | R75: 8.749
A76: Berat cawan kosong / wt. empty can | F76: =IFERROR(VLOOKUP(F75,$Q$28:$R$149,2,0),"") -> 8.928 | G76: =IFERROR(VLOOKUP(G75,$Q$28:$R$149,2,0),"") -> 8.993 | J76: Normal | Q76: 49 | R76: 8.822
A77: Berat cawan + Tanah basah / wt.of can + moist soil | F77: 16.395 | G77: 15.889 | Q77: 50 | R77: 8.781
A78: Berat cawan + Tanah Kering / wt. of can + dry soil | F78: 15.003 | G78: 14.621 | Q78: 51 | R78: 8.843
A79: Berat tanah kering / wt. of dry soil | F79: =IF(OR(F76="",F78=""),"",(F78-F76)) -> 6.075 | G79: =IF(OR(G76="",G78=""),"",(G78-G76)) -> 5.628 | Q79: 52 | R79: 8.858
A80: Berat air / wt. of water | F80: =IF(OR(F77="",F78=""),"",(F77-F78)) -> 1.392 | G80: =IF(OR(G77="",G78=""),"",(G77-G78)) -> 1.268 | Q80: 53 | R80: 8.781
A81: Kadar air/ Moisture content (Mc) | F81: =IF(OR(F79="",F80=""),"",(F80/F79*100)) -> 22.91358 | G81: =IF(OR(G79="",G80=""),"",(G80/G79*100)) -> 22.530206 | Q81: 54 | R81: 8.918
A82: Batas Plastis /Plastic Limit | F82: =IF(OR(F81="",G81=""),"",AVERAGE(F81:G81)) -> 22.721893 | Q82: 55 | R82: 9.03
Q83: 56 | R83: 8.924
Q84: 57 | R84: 9.011
C85: LL | D85: PL | E85: PI | Q85: 58 | R85: 8.854
C86: % | Q86: 59 | R86: 8.899
C87: =IF($J$76="NP","NP",L41) -> 46.879858 | D87: =IF($J$76="NP","NP",F82) -> 22.721893 | E87: =IF($J$76="NP","NP",IF(OR(C87="",D87=""),"",C87-D87)) -> 24.157965 | Q87: 60 | R87: 8.821
Q88: 61 | R88: 8.845
Q89: 62 | R89: 8.76
Q90: 63 | R90: 8.86
Q91: 64 | R91: 8.809
Q92: 65 | R92: 8.884
Q93: 66 | R93: 8.923
Q94: 67 | R94: 8.96
Q95: 68 | R95: 8.987
Q96: 69 | R96: 8.824
Q97: 70 | R97: 8.923
Q98: 71 | R98: 8.894
Q99: 72 | R99: 8.828
... Q112: 85 | R112: 8.769
D113: Klasifikasi Tanah / Soil Classification (USCS) | G113: =IF($J$76="NP", "NP", IF(AND(D115<25,D116>=4,D116<=7),"CL-ML", IF(D115<50, IF(D116>=0.73*(D115-20),"CL","ML"), IF(D116>=0.73*(D115-20),"CH","MH")))) -> CL | H113: =IF($J$76="NP","NP", IF(G113="CL","Lean Clay", IF(G113="CH","Fat Clay", IF(G113="ML","Silt", IF(G113="MH","Elastic Silt", IF(G113="CL-ML","Silty Clay","")))))) -> Lean Clay | Q113: 86 | R113: 8.808
Q114: 87 | R114: 8.832
C115: LL | D115: =IF($J$76="NP",NA(),C87) -> 46.879858 | Q115: 88 | R115: 8.928
C116: PI | D116: =IF($J$76="NP",NA(),E87) -> 24.157965 | G116: =IF($G$113="NP", "", "USCS : "&$G$113&" - "&$H$113) -> USCS : CL - Lean Clay | Q116: 89 | R116: 9.072
F117: Label Grafik | G117: =IFERROR(G116,"") -> USCS : CL - Lean Clay | Q117: 90 | R117: 8.906
Q118: 91 | R118: 8.839
B119: DATA BATAS CAIR / LIQUID LIMIT DATA | Q119: 92 | R119: 8.822
B120: Jumlah Pukulan / Number of Blows | C120: Kadar Air / Moisture Content (%) | Q120: 93 | R120: 8.854
B121: =IF($D$7="","",F29) -> 40 | C121: =IF($D$7="","",F37) -> 43.333333 | Q121: 94 | R121: 8.826
B122: =IF($D$7="","",G29) -> 31 | C122: =IF($D$7="","",G37) -> 45.272466 | Q122: 95 | R122: 8.879
B123: =IF($D$7="","",H29) -> 20 | C123: =IF($D$7="","",H37) -> 48.219351 | Q123: 96 | R123: 11.742
B124: =IF($D$7="","",I29) -> 12 | C124: =IF($D$7="","",I37) -> 51.789676 | Q124: 97 | R124: 11.648
B125: DATA BATAS PLASTIS / PLASTIC LIMIT DATA | Q125: 98 | R125: 11.9
...

Sheet LHU_ATB
F1: LABORATORIUM MEKANIKA TANAH
F2: PT. TERRAFORMA GEOTEKNIK INDONESIA
F3: LABORATORY TEST REPORT
A6: No. Laporan / Report No. | E6: =": " & IF('DATA INDUK'!$H$17="","",'DATA INDUK'!$H$17) -> : 23/MGS/53/II/2026
A7: Revisi / Revision | E7: =": "&IF('DATA INDUK'!$H$18="","",'DATA INDUK'!$H$18) -> : R0 | I7: Tgl. Laporan / Report Date | M7: =": "&IF('DATA INDUK'!$H$19="","",TEXT('DATA INDUK'!$H$19,"dd mmmm yyyy")) -> : 29 January 2026 | U7: Halaman/Pages | X7: =": 1 dari 1" -> : 1 dari 1
A9: INFORMASI PROYEK /PROJECT INFORMATION | N9: INFORMASI CONTOH / SAMPLE INFORMATION
A11: Nama Proyek / Project Name | N11: Kode Laboratorium / Laboratory Id.
A12: =IF('DATA INDUK'!H2="","",'DATA INDUK'!H2) -> BSI Candrian Waste Dump Extension Study | N12: =IF('WS-ATB'!D7="","",'WS-ATB'!D7) -> 26-001-DS-001
A13: Lokasi Proyek / Location | E13: =": "&IF('DATA INDUK'!H3="","",'DATA INDUK'!H3) -> : Banyuwangi - JAWA TIMUR | N13: Sumber Contoh / Sample Source | S13: : | T13: =IF('WS-ATB'!D9="","",'WS-ATB'!D9) -> #N/A
A14: No. PO / PO Number | E14: =": "&IF('DATA INDUK'!H9="","",'DATA INDUK'!H9) -> : PO-GQT-001
N15: Jenis Contoh / Sample Type | T15: =": "&IF('WS-ATB'!D11="","",'WS-ATB'!D11) -> : Disturbed Sample
A17: IDENTITAS KLIEN / CLIENT INFORMATION | N17: Deskripsi Tanah / Soil Description | T17: =": "&IF('WS-ATB'!D12="","",'WS-ATB'!D12) -> : Lempung / Clay
N18: Warna Tanah / Soil Color | T18: =": "&IF('WS-ATB'!D13="","",'WS-ATB'!D13) -> : Coklat / Brown
A19: Klien / Client | E19: =": "&IF('DATA INDUK'!H4="","",'DATA INDUK'!H4) -> : PT. GEOLAND QUATRO TECHNOLAB
N20: Tgl.Diterima / Date Received | T20: =": "&IF('DATA INDUK'!H13="","",TEXT('DATA INDUK'!H13,"dd mmmm yyyy")) -> : 05 January 2026
A21: Alamat / Address | E21: =": "&IF('DATA INDUK'!H6="","",'DATA INDUK'!H6) -> : Kab. Bandung - JAWA BARAT
N22: Tgl Pengujian / Date Tested | T22: =": "&IF('WS-ATB'!O12="","",TEXT('WS-ATB'!O12,"dd mmmm yyyy")) -> : 13 January 2026
A26: ='WS-ATB'!A2 -> UJI BATAS CAIR DAN BATAS PLASTIS | R26: SNI | T26: ='DATA INDUK'!$BS$34 -> 1967:2008 | V26: Batas Cair (Liquid Limit)
A27: ='WS-ATB'!A3 -> LIQUID LIMIT AND PLASTIC LIMIT TEST | T27: ='DATA INDUK'!$BS$33 -> 1966:2008 | V27: Batas Plastis (Plastic Limit)
A29: DATA BATAS CAIR / LIQUID LIMIT DATA | N29: GRAFIK KLASIFIKASI PLASTISITAS TANAH / USCS PLASTICITY CHART
A30: Jumlah Pukulan / Number of Blows | D30: Kadar Air / Moisture Content (%)
A32: ='WS-ATB'!B121 -> 40 | D32: ='WS-ATB'!C121 -> 43.333333
A33: ='WS-ATB'!B122 -> 31 | D33: ='WS-ATB'!C122 -> 45.272466
A34: ='WS-ATB'!B123 -> 20 | D34: ='WS-ATB'!C123 -> 48.219351
A35: ='WS-ATB'!B124 -> 12 | D35: ='WS-ATB'!C124 -> 51.789676
AB36: ="LHU No. : "& IF('DATA INDUK'!$H$17="","",'DATA INDUK'!$H$17) -> LHU No. : 23/MGS/53/II/2026
A37: DATA BATAS PLASTIS / PLASTIC LIMIT DATA | AB37: ="LAB ID. : "&$N$12&"" -> LAB ID. : 26-001-DS-001
A38: Pengulangan / Trial | D38: Kadar Air / Moisture Content (%) | AA38: Attenberg Limit | AB38: ="TEST TYPE : "&AA38&"" -> TEST TYPE : Attenberg Limit
AB39: ="DATE : "&TEXT('DATA INDUK'!$H$19,"yyyy-mm-dd") -> DATE : 2026-01-29
A40: ='WS-ATB'!B128 -> 1 | D40: ='WS-ATB'!C128 -> 22.91358
A41: ='WS-ATB'!B129 -> 2 | D41: ='WS-ATB'!C129 -> 22.530206
A43: GRAFIK
A44: GRAFIK BATAS CAIR / LIQUID LIMIT FLOW CURVE
N48: PARAMETER HASIL PENGUJIAN / TEST RESULT PARAMETERS
N49: Parameter
N50: Batas Cair / Liquid Limit, LL (%) | V50: ='WS-ATB'!E134 -> 46.879858
N51: Batas Plastis / Plastic Limit, PL (%) | V51: ='WS-ATB'!E135 -> 22.721893
N52: Indeks Plastisitas / Plasticity Index, PI (%) | V52: ='WS-ATB'!E136 -> 24.157965
N53: Klasifikasi USCS / USCS Classification | V53: ='WS-ATB'!E137 -> CL
N54: Deskripsi USCS / USCS Description | V54: ='WS-ATB'!E138 -> Lean Clay
N55: =IF('WS-ATB'!J76="NP", _xlfn._LONGTEXT("Catatan/Note: Sampel bersifat Non Plastic (NP), sehingga Batas Cair (LL), Batas Plastis (PL), dan Indeks Plastisitas (PI) tidak dapat ditentukan. / The sample is Non Plastic (NP); therefore, Liquid Limit (LL), Plastic Limit (PL), and Plasticity Index (PI)"," could not be determined."), "")
U59: SCAN FOR REPORT VERIFICATION
C60: DIUJI OLEH / | H60: DIPERIKSA OLEH / | M60: DISETUJUI OLEH /
C61: TESTED BY | H61: CHECKED BY | M61: APPROVED BY
C65: =IF('WS-ATB'!O9="","",'WS-ATB'!O9) -> NOUFAL | H65: =IF(C65='WS-ATB'!O10," - ",'WS-ATB'!O10) -> - | M65: =IF('WS-ATB'!O11="","",'WS-ATB'!O11) -> A.SUMARTADJI
C66: Teknisi/Analis | H66: Koordinator Teknis | M66: Kepala Laboratorium
C67: Tgl./Date : | E67: =IF('DATA INDUK'!$H$19="","",'DATA INDUK'!$H$19-1) -> 46050 | H67: Tgl./Date : | J67: =IF('DATA INDUK'!$H$19="","",'DATA INDUK'!$H$19-1) -> 46050 | M67: Tgl./Date : | P67: =IF('DATA INDUK'!$H$19="","",'DATA INDUK'!$H$19-1) -> 46050
A69: KETERANGAN / NOTES | D69: - Laporan hasil Uji ini hanya berlaku untuk contoh yang diuji | M69: - | N69: This test report applies only to the tested sample.
D70: - Dilarang memperbanyak laporan tanpa ijin tertulis dari Laboratorium | M70: - | N70: This report shall not be reproduced except in full without written approval from
D71: Mekanika Tanah PT. TERRAFORMA GEOTEKNIK INDONESIA. | N71: PT. TERRAFORMA GEOTEKNIK INDONESIA Soil Mechanics Laboratory.
D72: - Laboratorium tidak bertanggung jawab atas kegiatan pengambilan | M72: - | N72: The laboratory is not responsible for sampling,handling and sample transportation
D73: dan transportasi contoh yang dilakukan oleh pihak lain. | N73: conducted by others.
U74: ='DATA INDUK'!$BT$32 -> 23-MINEARTH-RM-LHU-ATB-R0
A75: Jl. Leuwisari VII No.23, Kota Bandung | K75: Telp : 022-4572503,08112183223 | T75: Email : Soil_test@minearth.co.id
A76: Jawa Barat-40235 | K76: Mobile : 0811-2183-223 | T76: Website : www.minearth.co.id
F79: LABORATORIUM MEKANIKA TANAH
F80: PT. TERRAFORMA GEOTEKNIK INDONESIA
F81: LABORATORY TEST REPORT
A84: No. Laporan / Report No. : | F84: =F6 -> 0
A85: Revisi / Revision : | F85: =F7 -> 0 | K85: Tgl. Laporan/Report Date : | P85: =N7 -> 0 | T85: Halaman/Pages : | W85: 2 dari 2
A87: LAMPIRAN / APPENDIX
A140: CATATAN /NOTES : | H140: DIUJI OLEH / | L140: DIPERIKSA OLEH / | P140: DISETUJUI OLEH /
H141: TESTED BY | L141: CHECKED BY | P141: APPROVED BY
H142: =C65 -> NOUFAL
L145: =H65 -> - | P145: =M65 -> A.SUMARTADJI
H146: =C66 -> Teknisi/Analis | L146: =H66 -> Koordinator Teknis | P146: =M66 -> Kepala Laboratorium
H147: Tgl./Date : | J147: =E67 -> 46050 | L147: Tgl./Date : | N147: =J67 -> 46050 | P147: Tgl./Date | R147: =P67 -> 46050
U149: =#REF! -> #REF!

Sheet Sheet1

Sheet WS-Sieve dan hidrometer
A1: LEMBAR PENGUJIAN / TESTING WORKSHEET
A2: UJI SARINGAN DAN HIDROMETER
A3: SIEVE AND HIDROMETER TEST
A5: AP
A7: KODE LABORATORIUM / Laboratory Id. | D7: =IFERROR(INDEX('DATA INDUK'!$H$27:$H$152,MATCH(ROW(D1),'DATA INDUK'!$AS$27:$AS$152,0)),"") -> 26-001-DS-001
A9: NO. CONTOH / Sample Id. | D9: =IFERROR(INDEX('DATA INDUK'!$C$27:$C$152,MATCH(ROW(D1),'DATA INDUK'!$AS$27:$AS$152,0)),"") -> BH-04R1-SPT 15 | L9: DIUJI OLEH / Tested By | O9: =IF($D$7="","",P9) -> RIZKI | P9: RIZKI | T9: ="TTD_"&O9&"" -> TTD_RIZKI
A10: KEDALAMAN / Depth (m) | D10: =IFERROR(INDEX('DATA INDUK'!$J$27:$J$152,MATCH(ROW(D1),'DATA INDUK'!$AS$27:$AS$152,0)),"") -> 22.50 - 22.95 m | L10: DIPERIKSA OLEH / Checked By | O10: =IF($D$7="","",P10) -> NOUFAL | P10: NOUFAL | T10: =IF(O9=O10,"TTD_","TTD_"&O10&"") -> TTD_NOUFAL
A11: JENIS CONTOH / Sample Type | D11: =IFERROR(INDEX('DATA INDUK'!$D$27:$D$152,MATCH(ROW(D1),'DATA INDUK'!$AS$27:$AS$152,0)),"") -> Disturbed Sample | F11: Kode | L11: DISETUJUI OLEH | O11: =IF($D$7="","",P11) -> A.SUMARTADJI | P11: A.SUMARTADJI | T11: ="TTD_"&O11&"" -> TTD_A.SUMARTADJI
A12: DESKRIPSI TANAH / Soil Description | D12: Pasir Lanauan / Silty Sand | F12: =IFERROR(INDEX($V$31:$V$42, MATCH(D12,$Y$31:$Y$42,0)), "CHECK DESKRIPSI") -> SDS | L12: TGL. PENGUJIAN / Date Tested | O12: 46035
A13: WARNA TANAH / Soil Color | D13: Coklat / Brown
D14: =IFERROR(INDEX('DATA INDUK'!$H$27:$H$38,MATCH(ROW(D9),'DATA INDUK'!$Z$27:$Z$38,0)),"")
B18: SIEVE ANALYSIS
M19: Saringan | N19: Bukaan (mm)
B20: Berat Awal | C20: 60.833 | D20: g | M20: #200 | N20: 0.075
M21: #100 | N21: 0.15
C22: Sieve | D22: Sieve | E22: Wt. Soil | F22: Percent | G22: Cumulative | H22: Percent | M22: #80 | N22: 0.18
C23: No. | D23: Opening | E23: Retained | F23: Retained | G23: Percent | H23: passing | M23: #40 | N23: 0.425
G24: Retained | M24: #20 | N24: 0.85
D25: mm | F25: % | G25: % | H25: % | M25: #10 | N25: 2
C26: 3" | D26: 101.6 | E26: 0 | F26: =E26/$C$20*100 -> 0 | G26: =SUM($F$26:F26) -> 0 | H26: =100-G26 -> 100 | M26: #8 | N26: 2.36
C27: 2" | D27: 75 | E27: 0 | F27: =E27/$C$20*100 -> 0 | G27: =SUM($F$26:F27) -> 0 | H27: =100-G27 -> 100 | M27: #4 | N27: 4.75
C28: 1 1/2" | D28: 38.1 | E28: 0 | F28: =E28/$C$20*100 -> 0 | G28: =SUM($F$26:F28) -> 0 | H28: =100-G28 -> 100 | M28: 3/8" | N28: 9.525
C29: 1" | D29: 25.4 | E29: 0 | F29: =E29/$C$20*100 -> 0 | G29: =SUM($F$26:F29) -> 0 | H29: =100-G29 -> 100 | M29: 1/2" | N29: 12.7 | R29: Viskositas (η) dalam mPa·s atau N·s/m² | S29: Viskositas (η) dalam Centipoise (cP) | T29: Viskositas (η) dalam Poise (P) | V29: DB DESKRIPSI
C30: 3/4" | D30: 19.05 | E30: 0 | F30: =E30/$C$20*100 -> 0 | G30: =SUM($F$26:F30) -> 0 | H30: =100-G30 -> 100 | M30: 3/4" | N30: 19.05 | Q30: Suhu (°C) | V30: Kode | W30: Deskripsi Indonesia | X30: English | Y30: Bilingual
C31: 1/2" | D31: 12.7 | E31: 0 | F31: =E31/$C$20*100 -> 0 | G31: =SUM($F$26:F31) -> 0 | H31: =100-G31 -> 100 | M31: 1" | N31: 25.4 | Q31: 15 | R31: 1.139 | S31: =R31 -> 1.139 | T31: =S31/100 -> 0.01139 | V31: CL | W31: Lempung | X31: Clay | Y31: Lempung / Clay
C32: 3/8" | D32: 9.525 | E32: 0 | F32: =E32/$C$20*100 -> 0 | G32: =SUM($F$26:F32) -> 0 | H32: =100-G32 -> 100 | M32: 1½" | N32: 37.5 | Q32: 20 | R32: 1.002 | S32: =R32 -> 1.002 | T32: =S32/100 -> 0.01002 | V32: CLS | W32: Lempung Pasiran | X32: Sandy Clay | Y32: Lempung Pasiran / Sandy Clay
C33: 4 | D33: 4.76 | E33: 0 | F33: =E33/$C$20*100 -> 0 | G33: =SUM($F$26:F33) -> 0 | H33: =100-G33 -> 100 | M33: 2" | N33: 50.8 | Q33: 22 | R33: 0.955 | S33: =R33 -> 0.955 | T33: =S33/100 -> 0.00955 | V33: CSL | W33: Lempung Lanauan | X33: Silty Clay | Y33: Lempung Lanauan / Silty Clay
C34: 8 | D34: 2.38 | E34: 6.06 | F34: =E34/$C$20*100 -> 9.9616984 | G34: =SUM($F$26:F34) -> 9.9616984 | H34: =100-G34 -> 90.038302 | M34: 3" | N34: 76.2 | Q34: 25 | R34: 0.89 | S34: =R34 -> 0.89 | T34: =S34/100 -> 0.0089 | V34: CLG | W34: Lempung Kerikilan | X34: Gravelly Clay | Y34: Lempung Kerikilan / Gravelly Clay
C35: 20 | D35: 0.84 | E35: 9.721 | F35: =E35/$C$20*100 -> 15.979814 | G35: =SUM($F$26:F35) -> 25.941512 | H35: =100-G35 -> 74.058488 | Q35: 30 | R35: 0.798 | S35: =R35 -> 0.798 | T35: =S35/100 -> 0.00798 | V35: SD | W35: Pasir | X35: Sand | Y35: Pasir / Sand
C36: 40 | D36: 0.42 | E36: 10.176 | F36: =E36/$C$20*100 -> 16.727763 | G36: =SUM($F$26:F36) -> 42.669275 | H36: =100-G36 -> 57.330725 | V36: SDC | W36: Pasir Lempungan | X36: Clayey Sand | Y36: Pasir Lempungan / Clayey Sand
C37: 80 | D37: 0.177 | E37: 6.2 | F37: =E37/$C$20*100 -> 10.191837 | G37: =SUM($F$26:F37) -> 52.861112 | H37: =100-G37 -> 47.138888 | V37: SDS | W37: Pasir Lanauan | X37: Silty Sand | Y37: Pasir Lanauan / Silty Sand
C38: 100 | D38: 0.149 | E38: 5.917 | F38: =E38/$C$20*100 -> 9.7266286 | G38: =SUM($F$26:F38) -> 62.58774 | H38: =100-G38 -> 37.41226 | V38: SDG | W38: Pasir Kerikilan | X38: Gravelly Sand | Y38: Pasir Kerikilan / Gravelly Sand
C39: 200 | D39: 0.074 | E39: 3.783 | F39: =E39/$C$20*100 -> 6.2186642 | G39: =SUM($F$26:F39) -> 68.806404 | H39: =100-G39 -> 31.193596 | V39: SLT | W39: Lanau | X39: Silt | Y39: Lanau / Silt
C40: Pan | R40: E (Suhu °C) | S40: F (Nilai Ct​) | V40: SLC | W40: Lanau Lempungan | X40: Clayey Silt | Y40: Lanau Lempungan / Clayey Silt
R41: 15 | S41: -1.1 | V41: SLS | W41: Lanau Pasiran | X41: Sandy Silt | Y41: Lanau Pasiran / Sandy Silt
B42: HYDROMETER ANALYSIS SNI 3423 : 2008 | R42: 16 | S42: -0.9 | V42: GR | W42: Kerikil | X42: Gravel | Y42: Kerikil / Gravel
R43: 17 | S43: -0.7
R44: 18 | S44: -0.5
R45: 19 | S45: -0.3
F46: Tube No. | H46: : | I46: 1 | R46: 20 | S46: 0
B47: Weight of soil : | D47: =$C$20-SUM(E26:E39) -> 18.976 | E47: g | F47: Tpe hidrometer | H47: : | I47: 152 H | R47: 21 | S47: 0.2
R48: 22 | S48: 0.4
B49: Temp. pengujian | D49: 24 | F49: zero correction | I49: 1 | R49: 23 | S49: 0.7
B50: γw | D50: 1 | F50: Meniscus Correction,c : | I50: 1 | R50: 24 | S50: 1
B51: Specific Gravity (Gs) : | D51: 2.678 | F51: Temperature Correction, mt | H51: : | I51: =IFERROR(VLOOKUP($D$49, $R$41:$S$56, 2, FALSE), _xlfn.FORECAST.LINEAR($D$49, INDEX(S41:S56, MATCH($D$49, R41:R56, 1)):INDEX(S41:S56, MATCH($D$49, R41:R56, 1)+1), INDEX(R41:R56, MATCH($D$49, R41:R56, 1)):INDEX(R41:R56, MATCH($D$49, R41:R56, 1)+1))) -> 1 | R51: 25 | S51: 1.3
B52: Viscosity of water : | D52: =IFERROR(VLOOKUP($D$49, $Q$29:$T$35, 4, FALSE), _xlfn.FORECAST.LINEAR($D$49, INDEX(T29:T35, MATCH($D$49, Q29:Q35, 1)):INDEX(T29:T35, MATCH($D$49, Q29:Q35, 1)+1), INDEX(Q29:Q35, MATCH($D$49, Q29:Q35, 1)):INDEX(Q29:Q35, MATCH($D$49, Q29:Q35, 1)+1))) -> 0.0091166667 | E52: poise | F52: Dispersant Correction, x | H52: : | I52: 3 | R52: 26 | S52: 0.85
C53: Elapsed | D53: Hydrometer | E53: Corrected | F53: Effective | G53: Particle | H53: Percentage Finer | R53: 27 | S53: 0.831
B54: Time | C54: Time | D54: reading | E54: Reading | F54: depth | G54: Diameter | H54: Than D | R54: 28 | S54: 0.811
C55: t | D55: R'h | E55: Rh | F55: HR | G55: D | H55: K | R55: 29 | S55: 0.793
C56: min | F56: mm | G56: mm | H56: % | R56: 30 | S56: 0.798
C57: 0
C58: 0.5 | D58: 22 | E58: =D58+I50+I51-$I$52-$I$49 -> 20 | F58: =16.3-(0.164*E58) -> 13.02 | G58: =SQRT((30*$D$52*F58)/(($D$51-1)*1*(C58*60))) -> 0.26596688 | H58: =(E58*1/$D$47)*100 -> 105.39629
C59: 1 | D59: 21 | E59: =D59+I51+I52-$I$52-$I$49 -> 21 | F59: =16.3-(0.164*E59) -> 12.856 | G59: =SQRT((30*$D$52*F59)/(($D$51-1)*1*(C59*60))) -> 0.18687878 | H59: =(E59*1/$D$47)*100 -> 110.6661 | J59: Klasifikasi | K59: Ukuran (mm)
C60: 2 | D60: 20 | E60: =D60+I52+I53-$I$52-$I$49 -> 19 | F60: =16.3-(0.164*E60) -> 13.184 | G60: =SQRT((30*$D$52*F60)/(($D$51-1)*1*(C60*60))) -> 0.13381835 | H60: =(E60*1/$D$47)*100 -> 100.12648 | J60: Clay / Silt | K60: 0,002
C61: 5 | D61: 17 | E61: =D61+I53+I54-$I$52-$I$49 -> 13 | F61: =16.3-(0.164*E61) -> 14.168 | G61: =SQRT((30*$D$52*F61)/(($D$51-1)*1*(C61*60))) -> 0.087735698 | H61: =(E61*1/$D$47)*100 -> 68.507589 | J61: Silt / Sand | K61: 0,075
C62: 15 | D62: 13 | E62: =D62+I54+I55-$I$52-$I$49 -> 9 | F62: =16.3-(0.164*E62) -> 14.824 | G62: =SQRT((30*$D$52*F62)/(($D$51-1)*1*(C62*60))) -> 0.051813644 | H62: =(E62*1/$D$47)*100 -> 47.428331 | J62: Fine / Medium Sand | K62: 0,425
C63: 30 | D63: 10 | E63: =D63+I55+I56-$I$52-$I$49 -> 6 | F63: =16.3-(0.164*E63) -> 15.316 | G63: =SQRT((30*$D$52*F63)/(($D$51-1)*1*(C63*60))) -> 0.03724081 | H63: =(E63*1/$D$47)*100 -> 31.618887 | J63: Medium / Coarse Sand | K63: 2000
C64: 60 | D64: 8 | E64: =D64+I56+I57-$I$52-$I$49 -> 4 | F64: =16.3-(0.164*E64) -> 15.644 | G64: =SQRT((30*$D$52*F64)/(($D$51-1)*1*(C64*60))) -> 0.026613705 | H64: =(E64*1/$D$47)*100 -> 21.079258 | J64: Sand / Gravel | K64: 4750
C65: 240 | D65: 6 | E65: =D65+I57+I58-$I$52-$I$49 -> 2 | F65: =16.3-(0.164*E65) -> 15.972 | G65: =SQRT((30*$D$52*F65)/(($D$51-1)*1*(C65*60))) -> 0.013445628 | H65: =(E65*1/$D$47)*100 -> 10.539629
C66: 1440 | D66: 5 | E66: =D66+I58+I59-$I$52-$I$49 -> 1 | F66: =16.3-(0.164*E66) -> 16.136 | G66: =SQRT((30*$D$52*F66)/(($D$51-1)*1*(C66*60))) -> 0.0055172639 | H66: =(E66*1/$D$47)*100 -> 5.2698145
B67: NOTES :
L69: D | M69: H
L70: X | M70: Y | W70: x | X70: y | Y70: X | Z70: Y
L71: =D26 -> 101.6 | M71: =IF($D$7="",NA(),H26) -> 100 | W71: 0.001 | X71: 0 | Y71: 0.075 | Z71: 0 | AA71: Klasifikasi | AB71: Ukuran (mm)
L72: =D27 -> 75 | M72: =IF($D$7="",NA(),H27) -> 100 | W72: 100 | X72: 100 | Y72: 0.075 | Z72: 100 | AA72: Clay / Silt | AB72: 0,002
L73: =D28 -> 38.1 | M73: =IF($D$7="",NA(),H28) -> 100 | Y73: #N/A | Z73: #N/A | AA73: Silt / Sand | AB73: 0,075
L74: =D29 -> 25.4 | M74: =IF($D$7="",NA(),H29) -> 100 | Y74: 0.15 | Z74: 0 | AA74: Fine / Medium Sand | AB74: 0,425
L75: =D30 -> 19.05 | M75: =IF($D$7="",NA(),H30) -> 100 | Y75: 0.15 | Z75: 100 | AA75: Medium / Coarse Sand | AB75: 2000
L76: =D31 -> 12.7 | M76: =IF($D$7="",NA(),H31) -> 100 | Y76: #N/A | Z76: #N/A | AA76: Sand / Gravel | AB76: 4750
L77: =D32 -> 9.525 | M77: =IF($D$7="",NA(),H32) -> 100 | O77: K | P77: L | R77: X | S77: Y | Y77: 0.425 | Z77: 0
L78: =D33 -> 4.76 | M78: =IF($D$7="",NA(),H33) -> 100 | O78: D10 | P78: 10 | Q78: =MATCH(P78,$M$71:$M$89,-1) -> 16 | R78: {=INDEX($L$71:$L$89,Q78)} -> 0.03724081 | S78: {=INDEX($M$71:$M$89,Q78)} -> 14.397044 | Y78: 0.425 | Z78: 100
L79: =D34 -> 2.38 | M79: =IF($D$7="",NA(),H34) -> 90.038302 | R79: {=INDEX($L$71:$L$89,Q78+1)} -> 0.026613705 | S79: {=INDEX($M$71:$M$89,Q78+1)} -> 9.5980294 | Y79: #N/A | Z79: #N/A
L80: =D35 -> 0.84 | M80: =IF($D$7="",NA(),H35) -> 74.058488 | Y80: 0.85 | Z80: 0
L81: =D36 -> 0.42 | M81: =IF($D$7="",NA(),H36) -> 57.330725 | Q81: D10 | R81: =10^(LOG10(R79)+((P78-S79)/(S78-S79))*(LOG10(R78)-LOG10(R79))) -> 0.027373305 | T81: =IF(ISNA(R81),"ND",ROUND(R81,2)) -> 0.03 | Y81: 0.85 | Z81: 100
L82: =D37 -> 0.177 | M82: =IF($D$7="",NA(),H37) -> 47.138888 | Y82: #N/A | Z82: #N/A
L83: =D38 -> 0.149 | M83: =IF($D$7="",NA(),H38) -> 37.41226 | O83: D30 | P83: 30 | Q83: =MATCH(P83,$M$71:$M$89,-1) -> 14 | R83: {=INDEX($L$71:$L$89,Q83)} -> 0.087735698 | S83: {=INDEX($M$71:$M$89,Q83)} -> 31.193596 | Y83: 2 | Z83: 0
L84: =G61 -> 0.087735698 | M84: =IF($D$7="",NA(),H39) -> 31.193596 | R84: {=INDEX($L$71:$L$89,Q83+1)} -> 0.051813644 | S84: {=INDEX($M$71:$M$89,Q83+1)} -> 21.595566 | Y84: 2 | Z84: 100
L85: =G62 -> 0.051813644 | M85: =IF($D$7="",NA(),H62*($H$39/H$61)) -> 21.595566 | Y85: #N/A | Z85: #N/A
L86: =G63 -> 0.03724081 | M86: =IF($D$7="",NA(),H63*($H$39/H$61)) -> 14.397044 | Q86: D30 | R86: =10^(LOG10(R84)+((P83-S84)/(S83-S84))*(LOG10(R83)-LOG10(R84))) -> 0.082173458 | T86: =IF(ISNA(R86),"ND",ROUND(R86,2)) -> 0.08 | Y86: 4.75 | Z86: 0
L87: =G64 -> 0.026613705 | M87: =IF($D$7="",NA(),H64*($H$39/H$61)) -> 9.5980294 | Y87: 4.75 | Z87: 100
L88: =G65 -> 0.013445628 | M88: =IF($D$7="",NA(),H65*($H$39/H$61)) -> 4.7990147 | Y88: #N/A | Z88: #N/A
L89: =G66 -> 0.0055172639 | M89: =IF($D$7="",NA(),H66*($H$39/H$61)) -> 2.3995074 | Y89: 9.525 | Z89: 0
O90: D60 | P90: 60 | Q90: =MATCH(P90,$M$71:$M$89,-1) -> 10 | R90: {=INDEX($L$71:$L$89,Q90)} -> 0.84 | S90: {=INDEX($M$71:$M$89,Q90)} -> 74.058488 | Y90: 9.525 | Z90: 100
R91: {=INDEX($L$71:$L$89,Q90+1)} -> 0.42 | S91: {=INDEX($M$71:$M$89,Q90+1)} -> 57.330725 | Y91: #N/A | Z91: #N/A
Y92: 12.7 | Z92: 0
Q93: D60 | R93: =10^(LOG10(R91)+((P90-S91)/(S90-S91))*(LOG10(R90)-LOG10(R91))) -> 0.46912126 | T93: =IF(ISNA(R93),"ND",ROUND(R93,2)) -> 0.47 | V93: =R93/R81 -> 17.137911 | W93: =T93/T81 -> 15.666667 | Y93: 12.7 | Z93: 100
L94: Distribusi | Y94: #N/A | Z94: #N/A
Q95: Cu | R95: =R93/R81 -> 17.137911 | T95: =IF(OR(T81="ND",T93="ND"),"ND",ROUND(T93/T81,2)) -> 15.67 | Y95: 19.05 | Z95: 0
L96: % Passing No.4 | N96: =H33 -> 100 | Q96: Cc | R96: =R86^2/(R81*R93) -> 0.52583657 | T96: =IF(OR(T81="ND",T86="ND",T93="ND"),"ND",ROUND((T86^2)/(T81*T93),2)) -> 0.45 | Y96: 19.05 | Z96: 100
L97: % Passing No.200 | N97: =H39 -> 31.193596 | Y97: #N/A | Z97: #N/A
L98: % Passing 0.002 mm | N98: =M88 -> 4.7990147 | P98: Grafik | Y98: 25.4 | Z98: 0
C99: Fine | E99: Sand | F99: Gravel | Q99: x | R99: Y | Y99: 25.4 | Z99: 100
C100: Clay size | D100: Silt | P100: D10 | Q100: 0.001 | R100: =IF($D$7="",NA(),10) -> 10 | Y100: #N/A | Z100: #N/A
C101: =N98 -> 4.7990147 | D101: =N97-C101 -> 26.394581 | E101: =N96-N97 -> 68.806404 | F101: =100-N96 -> 0 | Q101: =R81 -> 0.027373305 | R101: =IF($D$7="",NA(),10) -> 10 | Y101: 37.5 | Z101: 0
Q102: =R81 -> 0.027373305 | R102: =IF($D$7="",NA(),0) -> 0 | Y102: 37.5 | Z102: 100
E103: Legenda Peta | Y103: #N/A | Z103: #N/A
E104: Sieve and Hydrometer Curve | P104: D30 | Q104: 0.001 | R104: =IF($D$7="",NA(),30) -> 30 | Y104: 50.8 | Z104: 0
E105: =IF($D$7="","","D10 = "&TEXT(R81,"0.000")&" mm") -> D10 = 0.027 mm | K105: L78 | L105: 10 | N105: =LOG10(R78) -> -1.4289809 | Q105: =R86 -> 0.082173458 | R105: =IF($D$7="",NA(),30) -> 30 | Y105: 50.8 | Z105: 100
E106: =IF($D$7="","","D30 = "&TEXT(R86,"0.000")&" mm") -> D30 = 0.082 mm | K106: Q78 | L106: 16 | N106: =LOG10(R79) -> -1.5748947 | Q106: =Q105 -> 0.082173458 | R106: =IF($D$7="",NA(),0) -> 0 | Y106: #N/A | Z106: #N/A
E107: =IF($D$7="","","D60= "&TEXT(R93,"0.000")&" mm") -> D60= 0.469 mm | K107: R78 | L107: =R78 -> 0.03724081 | N107: =(L78-S79)/(S78-S79) -> -1.0081297 | Y107: 76.2 | Z107: 0
...

Sheet LHU_Sieve & Hidro
F1: LABORATORIUM MEKANIKA TANAH
F2: PT. TERRAFORMA GEOTEKNIK INDONESIA
F3: LABORATORY TEST REPORT
A6: No. Laporan / Report No. | E6: =": " & IF('DATA INDUK'!H17="","",'DATA INDUK'!H17) -> : 23/MGS/53/II/2026
A7: Revisi / Revision | E7: =": "&IF('DATA INDUK'!H18="","",'DATA INDUK'!H18) -> : R0 | J7: Tgl. Laporan / Report Date | M7: =": "&IF('DATA INDUK'!H19="","",TEXT('DATA INDUK'!H19,"dd mmmm yyyy")) -> : 29 January 2026 | T7: Halaman/Pages | W7: =": 1 dari 1" -> : 1 dari 1
A9: INFORMASI PROYEK /PROJECT INFORMATION | N9: INFORMASI CONTOH / SAMPLE INFORMATION
A11: Nama Proyek / Project Name | N11: Kode Laboratorium / Laboratory Id.
A12: =IF('DATA INDUK'!H2="","",'DATA INDUK'!H2) -> BSI Candrian Waste Dump Extension Study | N12: =IF('WS-Sieve dan hidrometer'!D7="","",'WS-Sieve dan hidrometer'!D7) -> 26-001-DS-001
A13: Lokasi Proyek / Location | E13: =": "&IF('DATA INDUK'!H3="","",'DATA INDUK'!H3) -> : Banyuwangi - JAWA TIMUR | N13: No. Contoh / Sample Id. | S13: =": "&IF('WS-Sieve dan hidrometer'!D9="","",'WS-Sieve dan hidrometer'!D9) -> : BH-04R1-SPT 15
A14: No. PO / PO Number | E14: =": "&IF('DATA INDUK'!H9="","",'DATA INDUK'!H9) -> : PO-GQT-001 | N14: Kedalaman / Depth (m) | S14: =": "&IF('WS-Sieve dan hidrometer'!D10="","",'WS-Sieve dan hidrometer'!D10) -> : 22.50 - 22.95 m
N15: Jenis Contoh / Sample Type | S15: =": "&IF('WS-Sieve dan hidrometer'!D11="","",'WS-Sieve dan hidrometer'!D11) -> : Disturbed Sample
A17: IDENTITAS KLIEN / CLIENT INFORMATION | N17: Deskripsi Tanah / Soil Description | S17: =": "&IF('WS-Sieve dan hidrometer'!D12="","",'WS-Sieve dan hidrometer'!D12) -> : Pasir Lanauan / Silty Sand
N18: Warna Tanah / Soil Color | S18: =": "&IF('WS-Sieve dan hidrometer'!D13="","",'WS-Sieve dan hidrometer'!D13) -> : Coklat / Brown
A19: Klien / Client | E19: =": "&IF('DATA INDUK'!H4="","",'DATA INDUK'!H4) -> : PT. GEOLAND QUATRO TECHNOLAB
N20: Tgl.Diterima / Date Received | S20: =": "&IF('DATA INDUK'!H13="","",TEXT('DATA INDUK'!H13,"dd mmmm yyyy")) -> : 05 January 2026
A21: Alamat / Address | E21: =": "&IF('DATA INDUK'!H6="","",'DATA INDUK'!H6) -> : Kab. Bandung - JAWA BARAT
N22: Tgl Pengujian / Date Tested | S22: =": "&IF('WS-Sieve dan hidrometer'!O12="","",TEXT('WS-Sieve dan hidrometer'!O12,"dd mmmm yyyy")) -> : 13 January 2026
A26: ='WS-Sieve dan hidrometer'!A2 -> UJI SARINGAN DAN HIDROMETER | U26: SNI | V26: ='DATA INDUK'!$BS$27 -> 3423:2008
A27: ='WS-Sieve dan hidrometer'!A3 -> SIEVE AND HIDROMETER TEST
A29: HASIL PENGUJIAN / TEST RESULT
A30: 1. HASIL ANALISA SARINGAN / SIEVE ANALYSIS RESULT | N30: 2. HASIL HIDROMETER / HIDROMETER RESULT
A31: Ukuran Saringan / Sieve Size | D31: Berat Tertahan / Mass Retained (g) | G31: % Tertahan / Percent Retained (%) | J31: % Lolos / Percent Passing (%) | N31: Diameter Butir / Particle Diameter (mm) | Q31: Persentase Lebih Halus / Percent Finer (%)
A33: ='WS-Sieve dan hidrometer'!B113 -> 4 | D33: ='WS-Sieve dan hidrometer'!C113 -> 0 | G33: ='WS-Sieve dan hidrometer'!D113 -> 0 | J33: ='WS-Sieve dan hidrometer'!E113 -> 100 | N33: ='WS-Sieve dan hidrometer'!B123 -> 0.087735698 | Q33: ='WS-Sieve dan hidrometer'!C123 -> 68.507589
A34: ='WS-Sieve dan hidrometer'!B114 -> 8 | D34: ='WS-Sieve dan hidrometer'!C114 -> 6.06 | G34: ='WS-Sieve dan hidrometer'!D114 -> 9.9616984 | J34: ='WS-Sieve dan hidrometer'!E114 -> 90.038302 | N34: ='WS-Sieve dan hidrometer'!B124 -> 0.051813644 | Q34: ='WS-Sieve dan hidrometer'!C124 -> 47.428331
A35: ='WS-Sieve dan hidrometer'!B115 -> 20 | D35: ='WS-Sieve dan hidrometer'!C115 -> 9.721 | G35: ='WS-Sieve dan hidrometer'!D115 -> 15.979814 | J35: ='WS-Sieve dan hidrometer'!E115 -> 74.058488 | N35: ='WS-Sieve dan hidrometer'!B125 -> 0.03724081 | Q35: ='WS-Sieve dan hidrometer'!C125 -> 31.618887
A36: ='WS-Sieve dan hidrometer'!B116 -> 40 | D36: ='WS-Sieve dan hidrometer'!C116 -> 10.176 | G36: ='WS-Sieve dan hidrometer'!D116 -> 16.727763 | J36: ='WS-Sieve dan hidrometer'!E116 -> 57.330725 | N36: ='WS-Sieve dan hidrometer'!B126 -> 0.026613705 | Q36: ='WS-Sieve dan hidrometer'!C126 -> 21.079258
A37: ='WS-Sieve dan hidrometer'!B117 -> 80 | D37: ='WS-Sieve dan hidrometer'!C117 -> 6.2 | G37: ='WS-Sieve dan hidrometer'!D117 -> 10.191837 | J37: ='WS-Sieve dan hidrometer'!E117 -> 47.138888 | N37: ='WS-Sieve dan hidrometer'!B127 -> 0.013445628 | Q37: ='WS-Sieve dan hidrometer'!C127 -> 10.539629
A38: ='WS-Sieve dan hidrometer'!B118 -> 100 | D38: ='WS-Sieve dan hidrometer'!C118 -> 5.917 | G38: ='WS-Sieve dan hidrometer'!D118 -> 9.7266286 | J38: ='WS-Sieve dan hidrometer'!E118 -> 37.41226
A39: ='WS-Sieve dan hidrometer'!B119 -> 200 | D39: ='WS-Sieve dan hidrometer'!C119 -> 3.783 | G39: ='WS-Sieve dan hidrometer'!D119 -> 6.2186642 | J39: ='WS-Sieve dan hidrometer'!E119 -> 31.193596
A41: GRAFIK | N41: PARAMETER HASIL UJI / TEST RESULT PARAMETERS
A42: KURVA DISTRIBUSI UKURAN BUTIR / PARTICLE SIZE DISTRIBUTION CURVE | O42: Berat Jenis Tanah / Specific Gravity, Gs ( - ) | V42: ='WS-Sieve dan hidrometer'!C132 -> 2.678
O43: Kerikil / Gravel (%) | V43: ='WS-Sieve dan hidrometer'!C133 -> 0
O44: Pasir / Sand (%) | V44: ='WS-Sieve dan hidrometer'!C134 -> 68.806404
O45: Lanau / Silt (%) | V45: ='WS-Sieve dan hidrometer'!C135 -> 26.394581
O46: Lempung / Clay (%) | V46: ='WS-Sieve dan hidrometer'!C136 -> 4.7990147 | AA46: GRAFIK DALAM BENTUK GAMBAR
O47: Deskripsi Material / Material Description* | V47: ='WS-Sieve dan hidrometer'!C138 -> Pasir dengan Butiran Halus / Sand with Fines | AA47: PASTIKAN GAMBAR SUDAH SESUAI DENGAN DI WORKSHEET
O49: D10 (mm) | V49: ='WS-Sieve dan hidrometer'!T81 -> 0.03
O50: D30 (mm) | V50: ='WS-Sieve dan hidrometer'!T86 -> 0.08
O51: D60 (mm) | V51: ='WS-Sieve dan hidrometer'!T93 -> 0.47
O52: Cu ( - ) | V52: ='WS-Sieve dan hidrometer'!T95 -> 15.67
O53: Cc ( - ) | V53: ='WS-Sieve dan hidrometer'!T96 -> 0.45
O54: =IF(COUNTIF(V49:V53,"ND")>0,"ND = Tidak dapat ditentukan karena ukuran butir yang bersesuaian berada di luar rentang data pengujian / ND = Not determined because the corresponding particle size is outside the tested data range.","")
M56: * | N56: Deskripsi material didasarkan pada distribusi ukuran butir dan bukan merupakan klasifikasi tanah menurut USCS atau AASHTO. / Material description is based on particle size distribution and is not intended as a soil classification under USCS or AASHTO.
T58: Scan for report verification
C60: DIUJI OLEH / | H60: DIPERIKSA OLEH / | M60: DISETUJUI OLEH /
C61: TESTED BY | H61: CHECKED BY | M61: APPROVED BY
AA62: ="LHU No. : "& IF('DATA INDUK'!$H$17="","",'DATA INDUK'!$H$17) -> LHU No. : 23/MGS/53/II/2026
AA63: ="LAB ID. : "&$N$12&"" -> LAB ID. : 26-001-DS-001
Z64: Sieve & Hidrometer | AA64: ="TEST TYPE : "&Z64&"" -> TEST TYPE : Sieve & Hidrometer
C65: =IF('WS-Sieve dan hidrometer'!$O$9="","",'WS-Sieve dan hidrometer'!$O$9) -> RIZKI | H65: =IF(C65='WS-Sieve dan hidrometer'!$O$10," - ",'WS-Sieve dan hidrometer'!$O$10) -> NOUFAL | M65: =IF('WS-Sieve dan hidrometer'!$O$11="","",('WS-Sieve dan hidrometer'!$O$11)) -> A.SUMARTADJI | AA65: ="DATE : "&TEXT('DATA INDUK'!$H$19,"yyyy-mm-dd") -> DATE : 2026-01-29
C66: Teknisi/Analis | H66: Koordinator Teknis | M66: Kepala Laboratorium
C67: Tgl./Date : | E67: =IF('DATA INDUK'!$H$19="","",'DATA INDUK'!$H$19-1) -> 46050 | H67: Tgl./Date : | J67: =IF('DATA INDUK'!$H$19="","",'DATA INDUK'!$H$19-1) -> 46050 | M67: Tgl./Date : | P67: =IF('DATA INDUK'!$H$19="","",'DATA INDUK'!$H$19-1) -> 46050
A69: KETERANGAN / NOTES | D69: - Laporan hasil Uji ini hanya berlaku untuk contoh yang diuji | M69: - | N69: This test report applies only to the tested sample.
D70: - Dilarang memperbanyak laporan tanpa ijin tertulis dari Laboratorium | M70: - | N70: This report shall not be reproduced except in full without written approval from
D71: Mekanika Tanah PT. TERRAFORMA GEOTEKNIK INDONESIA. | N71: PT. TERRAFORMA GEOTEKNIK INDONESIA Soil Mechanics Laboratory.
D72: - Laboratorium tidak bertanggung jawab atas kegiatan pengambilan | M72: - | N72: The laboratory is not responsible for sampling,handling and sample transportation
D73: dan transportasi contoh yang dilakukan oleh pihak lain. | N73: conducted by others.
T74: ='DATA INDUK'!$BT$27 -> 23-MINEARTH-RM-LHU-SH-R0
A75: Jl. Leuwisari VII No.23, Kota Bandung | K75: Telp : 022-4572503 | S75: Email : Soil_test@minearth.co.id
A76: Jawa Barat-40235 | K76: Mobile : 0811-2183-223 | S76: Website : www.minearth.co.id
F79: LABORATORIUM MEKANIKA TANAH
F80: PT. TERRAFORMA GEOTEKNIK INDONESIA
F81: LABORATORY TEST REPORT
A84: No. Laporan / Report No. : | F84: =F6 -> 0
A85: Revisi / Revision : | F85: =F7 -> 0 | K85: Tgl. Laporan/Report Date : | P85: =N7 -> 0 | S85: Halaman/Pages : | V85: 2 dari 2
A87: LAMPIRAN / APPENDIX
A140: CATATAN /NOTES : | H140: DIUJI OLEH / | L140: DIPERIKSA OLEH / | P140: DISETUJUI OLEH /
H141: TESTED BY | L141: CHECKED BY | P141: APPROVED BY
H142: =C65 -> RIZKI
L145: =H65 -> NOUFAL | P145: =M65 -> A.SUMARTADJI
H146: =C66 -> Teknisi/Analis | L146: =H66 -> Koordinator Teknis | P146: =M66 -> Kepala Laboratorium
H147: Tgl./Date : | J147: =E67 -> 46050 | L147: Tgl./Date : | N147: =J67 -> 46050 | P147: Tgl./Date | R147: =P67 -> 46050
T149: ='DATA INDUK'!$BT$27 -> 23-MINEARTH-RM-LHU-SH-R0

Sheet WS-standard Proctor
A1: LEMBAR PENGUJIAN / TESTING WORKSHEET
A2: UJI PEMADATAN RINGAN
A3: STANDARD PROCTOR COMPACTION TEST
A5: AR
A7: KODE LABORATORIUM / Laboratory Id. | D7: =IFERROR(INDEX('DATA INDUK'!$H$27:$H$152,MATCH(ROW(D1),'DATA INDUK'!$AT$27:$AT$152,0)),"") -> 26-001-DS-001
A9: NO. CONTOH / Sample Id. | D9: =IFERROR(INDEX('DATA INDUK'!$C$27:$C$152,MATCH(ROW(D1),'DATA INDUK'!$AT$27:$AT$152,0)),"") -> BH-04R1-SPT 15 | L9: DIUJI OLEH / Tested By | O9: =IF($D$7="","",P9) -> RAFLY | P9: RAFLY | T9: ="TTD_"&O9&"" -> TTD_RAFLY
A10: KEDALAMAN / Depth (m) | D10: {=IF( INDEX('DATA INDUK'!$I$28:$I$151, MATCH($D$7,'DATA INDUK'!$H$28:$H$151,0))="", INDEX('DATA INDUK'!$C$28:$C$151, MATCH($D$7,'DATA INDUK'!$H$28:$H$151,0)) & " (" & INDEX('DATA INDUK'!$J$28:$J$151, MATCH($D$7,'DATA INDUK'!$H$28:$H$151,0)) & ")", _xlfn.TEXTJOIN(CHAR(10),TRUE, _xlfn._xlws.FILTER( 'DATA INDUK'!$C$28:$C$151 & " (" & 'DATA INDUK'!$J$28:$J$151 & ")", 'DATA INDUK'!$I$28:$I$151= INDEX('DATA INDUK'!$I$28:$I$151, MATCH($D$7,'DATA INDUK'!$H$28:$H$151,0)) )) )} -> #N/A | L10: DIPERIKSA OLEH / Checked By | O10: =IF($D$7="","",P10) -> NOUFAL | P10: NOUFAL | T10: =IF(O9=O10,"TTD_","TTD_"&O10&"") -> TTD_NOUFAL
A11: JENIS CONTOH / Sample Type | D11: =IFERROR(INDEX('DATA INDUK'!$D$27:$D$152,MATCH(ROW(D1),'DATA INDUK'!$AT$27:$AT$152,0)),"") -> Disturbed Sample | F11: Kode | L11: DISETUJUI OLEH | O11: =IF($D$7="","",P11) -> A.SUMARTADJI | P11: A.SUMARTADJI | T11: ="TTD_"&O11&"" -> TTD_A.SUMARTADJI
A12: DESKRIPSI TANAH / Soil Description | D12: Lempung Pasiran / Sandy Clay | F12: =IFERROR(INDEX($R$28:$R$39, MATCH(D12,$U$28:$U$39,0)), "CHECK DESKRIPSI") -> CLS | L12: TGL. PENGUJIAN / Date Tested
A13: WARNA TANAH / Soil Color
D14: =IFERROR(INDEX('DATA INDUK'!$H$27:$H$38,MATCH(ROW(D9),'DATA INDUK'!$Z$27:$Z$38,0)),"")
C15: Kode Reamer
C16: Berat Penumbuk (kg) | F16: 2.5
C17: Tinggi Jatuh (cm) | F17: 30.5
C18: Jumlah Lapisan | F18: 3 | G18: lapisan
C19: Jumlah Tumbukan/Lapisan | F19: 25 | G19: Tumbukan | M19: Compaction Standar | R19: Berat Reamer Compaction
C20: Energi Tumbukan | F20: =(F16*F17*F18*F19)/F33 -> 6.0630487 | G20: kg-cm/cm3 | M20: KODE MOLD | N20: DIAMETER (mm) | O20: TINGGI (mm) | P20: BERAT (g) | R20: A | S20: 2.5
F21: =INT(F20*98.065) -> 594 | G21: kN-m/m3 | M21: A | N21: =101.6/10 -> 10.16 | O21: =116.4/10 -> 11.64 | P21: 4207.7 | R21: B | S21: =4384.9/1000 -> 4.3849
F22: 594 | G22: kJ/m3 | M22: B | N22: =101.8/10 -> 10.18 | O22: =116.7/10 -> 11.67 | P22: 4320.4
C24: Spesific Gravity, GS | F24: 2.65
M25: LAB CONFIG. BERAT CAWAN
C26: KEPADATAN | M26: 1 | N26: 9.03 | R26: DB DESKRIPSI
F27: 1 | G27: 2 | H27: 3 | I27: 4 | J27: 5 | M27: 2 | N27: 8.842 | R27: Kode | S27: Deskripsi Indonesia | T27: English | U27: Bilingual
C28: Berat Cetakan + Tanah basah | E28: g | F28: 5588 | G28: 5693 | H28: 5764 | I28: 5756 | J28: 5712 | M28: 3 | N28: 9.041 | R28: CL | S28: Lempung | T28: Clay | U28: Lempung / Clay
C29: Kode Mold | F29: A | G29: a | H29: A | I29: A | J29: A | M29: 4 | N29: 8.936 | R29: CLS | S29: Lempung Pasiran | T29: Sandy Clay | U29: Lempung Pasiran / Sandy Clay
C30: Berat Mold | E30: g | F30: =IFERROR(VLOOKUP(F29,$M$21:$P$22,4,0),"") -> 4207.7 | G30: =IFERROR(VLOOKUP(G29,$M$21:$P$22,4,0),"") -> 4207.7 | H30: =IFERROR(VLOOKUP(H29,$M$21:$P$22,4,0),"") -> 4207.7 | I30: =IFERROR(VLOOKUP(I29,$M$21:$P$22,4,0),"") -> 4207.7 | J30: =IFERROR(VLOOKUP(J29,$M$21:$P$22,4,0),"") -> 4207.7 | M30: 5 | N30: 8.856 | R30: CSL | S30: Lempung Lanauan | T30: Silty Clay | U30: Lempung Lanauan / Silty Clay
C31: Diamater Mold | E31: cm | F31: =IFERROR(VLOOKUP(F29,$M$21:$P$22,2,0),"") -> 10.16 | G31: =IFERROR(VLOOKUP(G29,$M$21:$P$22,2,0),"") -> 10.16 | H31: =IFERROR(VLOOKUP(H29,$M$21:$P$22,2,0),"") -> 10.16 | I31: =IFERROR(VLOOKUP(I29,$M$21:$P$22,2,0),"") -> 10.16 | J31: =IFERROR(VLOOKUP(J29,$M$21:$P$22,2,0),"") -> 10.16 | M31: 6 | N31: 8.726 | R31: CLG | S31: Lempung Kerikilan | T31: Gravelly Clay | U31: Lempung Kerikilan / Gravelly Clay
C32: Tinggi Mold | E32: cm | F32: =IFERROR(VLOOKUP(F29,$M$21:$P$22,3,0),"") -> 11.64 | G32: =IFERROR(VLOOKUP(G29,$M$21:$P$22,3,0),"") -> 11.64 | H32: =IFERROR(VLOOKUP(H29,$M$21:$P$22,3,0),"") -> 11.64 | I32: =IFERROR(VLOOKUP(I29,$M$21:$P$22,3,0),"") -> 11.64 | J32: =IFERROR(VLOOKUP(J29,$M$21:$P$22,3,0),"") -> 11.64 | M32: 7 | N32: 8.882 | R32: SD | S32: Pasir | T32: Sand | U32: Pasir / Sand
C33: Vol. Mold | E33: cm3 | F33: =(3.14*(F31^2)/4)*F32 -> 943.2136 | G33: =(3.14*(G31^2)/4)*G32 -> 943.2136 | H33: =(3.14*(H31^2)/4)*H32 -> 943.2136 | I33: =(3.14*(I31^2)/4)*I32 -> 943.2136 | J33: =(3.14*(J31^2)/4)*J32 -> 943.2136 | M33: 8 | N33: 8.818 | R33: SDC | S33: Pasir Lempungan | T33: Clayey Sand | U33: Pasir Lempungan / Clayey Sand
C34: Berat Tanah basah | E34: g | F34: =F28-F30 -> 1380.3 | G34: =G28-G30 -> 1485.3 | H34: =H28-H30 -> 1556.3 | I34: =I28-I30 -> 1548.3 | J34: =J28-J30 -> 1504.3 | M34: 9 | N34: 8.799 | R34: SDS | S34: Pasir Lanauan | T34: Silty Sand | U34: Pasir Lanauan / Silty Sand
C35: Berat isi basah | E35: g/cc | F35: =F34/F33 -> 1.4634013 | G35: =G34/G33 -> 1.5747228 | H35: =H34/H33 -> 1.6499974 | I35: =I34/I33 -> 1.6415158 | J35: =J34/J33 -> 1.5948667 | M35: 10 | N35: 8.793 | R35: SDG | S35: Pasir Kerikilan | T35: Gravelly Sand | U35: Pasir Kerikilan / Gravelly Sand
C36: Berat isi kering | E36: g/cc | F36: =F35/(1+F47/100) -> 1.2931296 | G36: =G35/(1+G47/100) -> 1.3681607 | H36: =H35/(1+H47/100) -> 1.411793 | I36: =I35/(1+I47/100) -> 1.3816414 | J36: =J35/(1+J47/100) -> 1.3166629 | M36: 11 | N36: 8.804 | R36: SLT | S36: Lanau | T36: Silt | U36: Lanau / Silt
M37: 12 | N37: 8.928 | R37: SLC | S37: Lanau Lempungan | T37: Clayey Silt | U37: Lanau Lempungan / Clayey Silt
M38: 13 | N38: 8.877 | R38: SLS | S38: Lanau Pasiran | T38: Sandy Silt | U38: Lanau Pasiran / Sandy Silt
C39: KADAR AIR | M39: 14 | N39: 8.892 | R39: GR | S39: Kerikil | T39: Gravel | U39: Kerikil / Gravel
F40: 1 | G40: 2 | H40: 3 | I40: 4 | J40: 5 | M40: 15 | N40: 8.993
C41: Berat Cawan + Tanah basah | E41: g | F41: 62.23 | G41: 64.13 | H41: 66.21 | I41: 66.27 | J41: 59.33 | M41: 16 | N41: 8.909
C42: Berat Cawan + Tanah kering | E42: g | F42: 56.04 | G42: 56.89 | H42: 57.93 | I42: 57.16 | J42: 50.53 | M42: 17 | N42: 9.049
C43: Kode Cawan | F43: 1 | G43: 4 | H43: 5 | I43: 6 | J43: 7 | M43: 18 | N43: 8.934
C44: Berat Cawan | E44: g | F44: =IFERROR(VLOOKUP(F43,$M$26:$N$147,2,0),"") -> 9.03 | G44: =IFERROR(VLOOKUP(G43,$M$26:$N$147,2,0),"") -> 8.936 | H44: =IFERROR(VLOOKUP(H43,$M$26:$N$147,2,0),"") -> 8.856 | I44: =IFERROR(VLOOKUP(I43,$M$26:$N$147,2,0),"") -> 8.726 | J44: =IFERROR(VLOOKUP(J43,$M$26:$N$147,2,0),"") -> 8.882 | M44: 19 | N44: 8.961
C45: Berat air | E45: g | F45: =F41-F42 -> 6.19 | G45: =G41-G42 -> 7.24 | H45: =H41-H42 -> 8.28 | I45: =I41-I42 -> 9.11 | J45: =J41-J42 -> 8.8 | M45: 20 | N45: 8.776
C46: Berat Tanah kering | E46: g | F46: =F42-F44 -> 47.01 | G46: =G42-G44 -> 47.954 | H46: =H42-H44 -> 49.074 | I46: =I42-I44 -> 48.434 | J46: =J42-J44 -> 41.648 | M46: 21 | N46: 8.903
C47: Kadar air | E47: % | F47: =(F45/F46)*100 -> 13.167411 | G47: =(G45/G46)*100 -> 15.097802 | H47: =(H45/H46)*100 -> 16.872478 | I47: =(I45/I46)*100 -> 18.809101 | J47: =(J45/J46)*100 -> 21.129466 | M47: 22 | N47: 8.843
C48: ZAV | F48: =$F$24/(1+($F$24*F47/100)) -> 1.9645107 | G48: =$F$24/(1+($F$24*G47/100)) -> 1.8927331 | H48: =$F$24/(1+($F$24*H47/100)) -> 1.8312225 | I48: =$F$24/(1+($F$24*I47/100)) -> 1.7685045 | J48: =$F$24/(1+($F$24*J47/100)) -> 1.6987933 | M48: 23 | N48: 8.84
M49: 24 | N49: 9.01
M50: 25 | N50: 8.812
M51: 26 | N51: 8.846
M52: 27 | N52: 8.914
M53: 28 | N53: 9.9
M54: 29 | N54: 8.9
M55: 30 | N55: 8.854
M56: 31 | N56: 8.815
C57: a | D57: b | M57: 32 | N57: 8.985
C58: Kadar air | D58: Berat isi Kering | F58: ZAV | M58: 33 | N58: 8.897
M59: 34 | N59: 8.91
C60: =C124 -> 13.167411 | D60: =IF($D$7="",NA(),C126) -> 1.2931296 | F60: =F48 -> 1.9645107 | M60: 35 | N60: 8.725
C61: =D124 -> 15.097802 | D61: =IF($D$7="",NA(),D126) -> 1.3681607 | F61: =G48 -> 1.8927331 | M61: 36 | N61: 8.715
C62: =E124 -> 16.872478 | D62: =IF($D$7="",NA(),E126) -> 1.411793 | F62: =H48 -> 1.8312225 | M62: 37 | N62: 8.752
C63: =F124 -> 18.809101 | D63: =IF($D$7="",NA(),F126) -> 1.3816414 | F63: =I48 -> 1.7685045 | M63: 38 | N63: 8.73
C64: =G124 -> 21.129466 | D64: =IF($D$7="",NA(),G126) -> 1.3166629 | F64: =J48 -> 1.6987933 | M64: 39 | N64: 8.861
H65: Legenda Grafik | M65: 40 | N65: 8.858
D66: MDD | E66: =IF($D$7="","",MAX(D60:D64)) -> 1.411793 | F66: g/cm3 | H66: ="MDD = "&TEXT(E66,"0.00")&" g/cm³" -> MDD = 1.41 g/cm³ | M66: 41 | N66: 8.759
D67: OMC | E67: =IF($D$7="","",INDEX(C60:C64,MATCH(E66,D60:D64,0))) -> 16.872478 | H67: ="OMC = "&TEXT(E67,"0.0")&" %" -> OMC = 16.9 % | M67: 42 | N67: 8.8
M68: 43 | N68: 8.861
M69: 44 | N69: 8.878
C70: OMC | M70: 45 | N70: 8.941
D71: X | E71: Y | M71: 46 | N71: 9.01
D72: =E67 -> 16.872478 | E72: 1.2 | M72: 47 | N72: 8.8993
D73: =E67 -> 16.872478 | E73: =E66 -> 1.411793 | M73: 48 | N73: 8.749
C74: Garis MDD | M74: 49 | N74: 8.822
D75: 0 | E75: =E66 -> 1.411793 | M75: 50 | N75: 8.781
D76: =E67 -> 16.872478 | E76: =E66 -> 1.411793 | M76: 51 | N76: 8.843
M77: 52 | N77: 8.858
M78: 53 | N78: 8.781
M79: 54 | N79: 8.918
M80: 55 | N80: 9.03
M81: 56 | N81: 8.924
M82: 57 | N82: 9.011
M83: 58 | N83: 8.854
M84: 59 | N84: 8.899
M85: 60 | N85: 8.821
M86: 61 | N86: 8.845
M87: 62 | N87: 8.76
M88: 63 | N88: 8.86
... M110: 85 | N110: 8.769
A111: Berat Penumbuk (kg) | C111: =IF($D$7="","",F16) -> 2.5 | M111: 86 | N111: 8.808
A112: Tinggi Jatuh (cm) | C112: =IF($D$7="","",F17) -> 30.5 | M112: 87 | N112: 8.832
A113: Jumlah Lapisan | C113: =IF($D$7="","",F18) -> 3 | M113: 88 | N113: 8.928
A114: Jumlah Tumbukan/Lapisan | C114: =IF($D$7="","",F19) -> 25 | M114: 89 | N114: 9.072
A115: Energi Tumbukan, kJ/m3 | C115: =IF($D$7="","",F22) -> 594 | M115: 90 | N115: 8.906
A116: Spesific gravity | C116: =IF($D$7="","",F24) -> 2.65 | M116: 91 | N116: 8.839
M117: 92 | N117: 8.822
M118: 93 | N118: 8.854
A119: Percobaan | C119: 1 | D119: 2 | E119: 3 | F119: 4 | G119: 5 | M119: 94 | N119: 8.826
A120: Berat Mold + Tanah Basah (g) | C120: =IF($D$7="","",F28) -> 5588 | D120: =IF($D$7="","",G28) -> 5693 | E120: =IF($D$7="","",H28) -> 5764 | F120: =IF($D$7="","",I28) -> 5756 | G120: =IF($D$7="","",J28) -> 5712 | M120: 95 | N120: 8.879
A121: Berat Mold (g) | C121: =IF($D$7="","",F30) -> 4207.7 | D121: =IF($D$7="","",G30) -> 4207.7 | E121: =IF($D$7="","",H30) -> 4207.7 | F121: =IF($D$7="","",I30) -> 4207.7 | G121: =IF($D$7="","",J30) -> 4207.7 | M121: 96 | N121: 11.742
A122: Berat Tanah Basah (g) | C122: =IF($D$7="","",F34) -> 1380.3 | D122: =IF($D$7="","",G34) -> 1485.3 | E122: =IF($D$7="","",H34) -> 1556.3 | F122: =IF($D$7="","",I34) -> 1548.3 | G122: =IF($D$7="","",J34) -> 1504.3 | M122: 97 | N122: 11.648
A123: Volume Mold (cm3) | C123: =IF($D$7="","",F31) -> 10.16 | D123: =IF($D$7="","",G31) -> 10.16 | E123: =IF($D$7="","",H31) -> 10.16 | F123: =IF($D$7="","",I31) -> 10.16 | G123: =IF($D$7="","",J31) -> 10.16 | M123: 98 | N123: 11.9
A124: Kadar Air (%) | C124: =IF($D$7="","",F47) -> 13.167411 | D124: =IF($D$7="","",G47) -> 15.097802 | E124: =IF($D$7="","",H47) -> 16.872478 | F124: =IF($D$7="","",I47) -> 18.809101 | G124: =IF($D$7="","",J47) -> 21.129466 | M124: 99 | N124: 11.936
A125: Berat Isi Basah,y (g/cm3) | C125: =IF($D$7="","",F35) -> 1.4634013 | D125: =IF($D$7="","",G35) -> 1.5747228 | E125: =IF($D$7="","",H35) -> 1.6499974 | F125: =IF($D$7="","",I35) -> 1.6415158 | G125: =IF($D$7="","",J35) -> 1.5948667 | M125: 100 | N125: 11.704
...

Sheet LHU_standard proctor
F1: LABORATORIUM MEKANIKA TANAH
F2: PT. TERRAFORMA GEOTEKNIK INDONESIA
F3: LABORATORY TEST REPORT
A6: No. Laporan / Report No. | E6: =": " & IF('DATA INDUK'!$H$17="","",'DATA INDUK'!$H$17) -> : 23/MGS/53/II/2026
A7: Revisi / Revision | E7: =": "&IF('DATA INDUK'!$H$18="","",'DATA INDUK'!$H$18) -> : R0 | J7: Tgl. Laporan / Report Date | M7: =": "&IF('DATA INDUK'!$H$19="","",TEXT('DATA INDUK'!$H$19,"dd mmmm yyyy")) -> : 29 January 2026 | T7: Halaman/Pages | W7: =": 1 dari 2" -> : 1 dari 2
A9: INFORMASI PROYEK /PROJECT INFORMATION | N9: INFORMASI CONTOH / SAMPLE INFORMATION
A11: Nama Proyek / Project Name | N11: Kode Laboratorium / Laboratory Id.
A12: =IF('DATA INDUK'!H2="","",'DATA INDUK'!H2) -> BSI Candrian Waste Dump Extension Study | N12: =IF('WS-standard Proctor'!D7="","",'WS-standard Proctor'!D7) -> 26-001-DS-001
A13: Lokasi Proyek / Location | E13: =": "&IF('DATA INDUK'!H3="","",'DATA INDUK'!H3) -> : Banyuwangi - JAWA TIMUR | N13: No. Contoh / Sample Id. | S13: =": "&IF('WS-standard Proctor'!D9="","",'WS-standard Proctor'!D9) -> : BH-04R1-SPT 15
A14: No. PO / PO Number | E14: =": "&IF('DATA INDUK'!H9="","",'DATA INDUK'!H9) -> : PO-GQT-001 | N14: Kedalaman / Depth (m) | S14: =": "&IF('WS-standard Proctor'!D10="","",'WS-standard Proctor'!D10) -> #N/A
N15: Jenis Contoh / Sample Type | S15: =": "&IF('WS-standard Proctor'!D11="","",'WS-standard Proctor'!D11) -> : Disturbed Sample
A17: IDENTITAS KLIEN / CLIENT INFORMATION | N17: Deskripsi Tanah / Soil Description | S17: =": "&IF('WS-standard Proctor'!D12="","",'WS-standard Proctor'!D12) -> : Lempung Pasiran / Sandy Clay
N18: Warna Tanah / Soil Color | S18: =": "&IF('WS-standard Proctor'!D13="","",'WS-standard Proctor'!D13) -> :
A19: Klien / Client | E19: =": "&IF('DATA INDUK'!H4="","",'DATA INDUK'!H4) -> : PT. GEOLAND QUATRO TECHNOLAB
N20: Tgl.Diterima / Date Received | S20: =": "&IF('DATA INDUK'!H13="","",TEXT('DATA INDUK'!H13,"dd mmmm yyyy")) -> : 05 January 2026
A21: Alamat / Address | E21: =": "&IF('DATA INDUK'!H6="","",'DATA INDUK'!H6) -> : Kab. Bandung - JAWA BARAT
N22: Tgl Pengujian / Date Tested | S22: =": "&IF('WS-standard Proctor'!O12="","",TEXT('WS-standard Proctor'!O12,"dd mmmm yyyy")) -> :
A26: ='WS-standard Proctor'!$A$2 -> UJI PEMADATAN RINGAN | U26: SNI | V26: ='DATA INDUK'!$BS$49 -> 1742:2008
A27: ='WS-standard Proctor'!$A$3 -> STANDARD PROCTOR COMPACTION TEST
A29: DATA BENDA UJI / SPECIMEN DATA | K29: HASIL PENGUJIAN / TEST RESULT
A30: Berat Penumbuk / Hammer Weight, kg | H30: ='WS-standard Proctor'!C111 -> 2.5 | K30: Pengujian ke- / Test No. | O30: 1 | Q30: 2 | S30: 3 | U30: 4 | W30: 5
A31: Tinggi Jatuh / Drop Height, cm | H31: ='WS-standard Proctor'!C112 -> 30.5 | K31: Berat Mold + Tanah Basah / Mold + Wet Soil Weight (g) | O31: ='WS-standard Proctor'!C120 -> 5588 | Q31: ='WS-standard Proctor'!D120 -> 5693 | S31: ='WS-standard Proctor'!E120 -> 5764 | U31: ='WS-standard Proctor'!F120 -> 5756 | W31: ='WS-standard Proctor'!G120 -> 5712
A32: Jumlah Lapisan / Number of Layers | H32: ='WS-standard Proctor'!C113 -> 3
A33: Jumlah Tumbukan per Lapisan / Number of Blows per Layer | H33: ='WS-standard Proctor'!C114 -> 25 | K33: Berat Mold / Mold Weight (g) | O33: ='WS-standard Proctor'!C121 -> 4207.7 | Q33: ='WS-standard Proctor'!D121 -> 4207.7 | S33: ='WS-standard Proctor'!E121 -> 4207.7 | U33: ='WS-standard Proctor'!F121 -> 4207.7 | W33: ='WS-standard Proctor'!G121 -> 4207.7
A35: Energi Pemadatan / Compaction Energy, kJ/m³ | H35: ='WS-standard Proctor'!C115 -> 594 | K35: Berat Tanah Basah / Wet Soil Weight (g) | O35: ='WS-standard Proctor'!C122 -> 1380.3 | Q35: ='WS-standard Proctor'!D122 -> 1485.3 | S35: ='WS-standard Proctor'!E122 -> 1556.3 | U35: ='WS-standard Proctor'!F122 -> 1548.3 | W35: ='WS-standard Proctor'!G122 -> 1504.3
A36: Berat Jenis Butiran Tanah / Specific Gravity | H36: ='WS-standard Proctor'!C116 -> 2.65
K37: Volume Mold / Mold Volume (cm³) | O37: ='WS-standard Proctor'!C123 -> 10.16 | Q37: ='WS-standard Proctor'!D123 -> 10.16 | S37: ='WS-standard Proctor'!E123 -> 10.16 | U37: ='WS-standard Proctor'!F123 -> 10.16 | W37: ='WS-standard Proctor'!G123 -> 10.16
K39: Kadar Air / Moisture Content (%) | O39: ='WS-standard Proctor'!C124 -> 13.167411 | Q39: ='WS-standard Proctor'!D124 -> 15.097802 | S39: ='WS-standard Proctor'!E124 -> 16.872478 | U39: ='WS-standard Proctor'!F124 -> 18.809101 | W39: ='WS-standard Proctor'!G124 -> 21.129466
A40: GRAFIK
A41: GRAFIK HUBUNGAN BERAT ISI KERING DAN KADAR AIR | K41: Berat Isi Basah / Wet Density, γ (g/cm³) | O41: ='WS-standard Proctor'!C125 -> 1.4634013 | Q41: ='WS-standard Proctor'!D125 -> 1.5747228 | S41: ='WS-standard Proctor'!E125 -> 1.6499974 | U41: ='WS-standard Proctor'!F125 -> 1.6415158 | W41: ='WS-standard Proctor'!G125 -> 1.5948667
A42: DRY DENSITY VS MOISTURE CONTENT CURVE | AA42: ="LHU No. : "& IF('DATA INDUK'!$H$17="","",'DATA INDUK'!$H$17) -> LHU No. : 23/MGS/53/II/2026
K43: Berat Isi Kering / Dry Density, γd (g/cm³) | O43: ='WS-standard Proctor'!C126 -> 1.2931296 | Q43: ='WS-standard Proctor'!D126 -> 1.3681607 | S43: ='WS-standard Proctor'!E126 -> 1.411793 | U43: ='WS-standard Proctor'!F126 -> 1.3816414 | W43: ='WS-standard Proctor'!G126 -> 1.3166629 | AA43: ="LAB ID. : "&'Template LHU_CBRsoaked'!$N$13&"" -> LAB ID. : 26-001-DS-001
Z44: Standard Proctor | AA44: ="TEST TYPE : "&Z44&"" -> TEST TYPE : Standard Proctor
AA45: ="DATE : "&TEXT('DATA INDUK'!$H$19,"yyyy-mm-dd") -> DATE : 2026-01-29
K46: PARAMETER HASIL UJI / TEST PARAMETERS
K47: Berat Isi Kering Maksimum / Maximum Dry Density, MDD (g/cm³) | U47: ='WS-standard Proctor'!$E$66 -> 1.411793
K48: Kadar Air Optimum / Optimum Moisture Content, OMC (%) | U48: ='WS-standard Proctor'!$E$67 -> 16.872478
T59: SCAN FOR REPORT VERIFICATION
C60: DIUJI OLEH / | H60: DIPERIKSA OLEH / | M60: DISETUJUI OLEH /
C61: TESTED BY | H61: CHECKED BY | M61: APPROVED BY
C65: ='WS-standard Proctor'!O9 -> RAFLY | H65: =IF(C65='WS-standard Proctor'!O10," - ",'WS-standard Proctor'!O10) -> NOUFAL | M65: ='WS-standard Proctor'!O11 -> A.SUMARTADJI
C66: Teknisi/Analis | H66: Koordinator Teknis | M66: Kepala Laboratorium
C67: Tgl./Date : | E67: =IF('DATA INDUK'!$H$19="","",'DATA INDUK'!$H$19-1) -> 46050 | H67: Tgl./Date : | J67: =IF('DATA INDUK'!$H$19="","",'DATA INDUK'!$H$19-1) -> 46050 | M67: Tgl./Date : | P67: =IF('DATA INDUK'!$H$19="","",'DATA INDUK'!$H$19-1) -> 46050
A69: KETERANGAN / NOTES | D69: - Laporan hasil Uji ini hanya berlaku untuk contoh yang diuji | M69: - | N69: This test report applies only to the tested sample.
D70: - Dilarang memperbanyak laporan tanpa ijin tertulis dari Laboratorium | M70: - | N70: This report shall not be reproduced except in full without written approval from
D71: Mekanika Tanah PT. TERRAFORMA GEOTEKNIK INDONESIA. | N71: PT. TERRAFORMA GEOTEKNIK INDONESIA Soil Mechanics Laboratory.
D72: - Laboratorium tidak bertanggung jawab atas kegiatan pengambilan | M72: - | N72: The laboratory is not responsible for sampling,handling and sample transportation
D73: dan transportasi contoh yang dilakukan oleh pihak lain. | N73: conducted by others.
T74: ='DATA INDUK'!$BT$49 -> 23-MINEARTH-RM-LHU-CMP-S-R0
A75: Jl. Leuwisari VII No.23, Kota Bandung | K75: Telp : 022-4572503 | S75: Email : Soil_test@minearth.co.id
A76: Jawa Barat-40235 | K76: Mobile : 0811-2183-223 | S76: Website : www.minearth.co.id
F79: LABORATORIUM MEKANIKA TANAH
F80: PT. TERRAFORMA GEOTEKNIK INDONESIA
F81: LABORATORY TEST REPORT
A84: No. Laporan / Report No. | E84: =": " & IF('DATA INDUK'!$H$17="","",'DATA INDUK'!$H$17) -> : 23/MGS/53/II/2026
A85: Revisi / Revision | E85: =": "&IF('DATA INDUK'!$H$18="","",'DATA INDUK'!$H$18) -> : R0 | J85: Tgl. Laporan / Report Date | M85: =": "&IF('DATA INDUK'!$H$19="","",TEXT('DATA INDUK'!$H$19,"dd mmmm yyyy")) -> : 29 January 2026 | T85: Halaman/Pages | W85: =": 2 dari 2" -> : 2 dari 2
A87: LAMPIRAN / APPENDIX
U139: SCAN FOR REPORT VERIFICATION
A140: CATATAN /NOTES : | H140: DIUJI OLEH / | L140: DIPERIKSA OLEH / | P140: DISETUJUI OLEH /
H141: TESTED BY | L141: CHECKED BY | P141: APPROVED BY
H145: =C65 -> RAFLY | L145: =H65 -> NOUFAL | P145: =M65 -> A.SUMARTADJI
H146: =C66 -> Teknisi/Analis | L146: =H66 -> Koordinator Teknis | P146: =M66 -> Kepala Laboratorium
H147: Tgl./Date : | J147: =E67 -> 46050 | L147: Tgl./Date : | N147: =J67 -> 46050 | P147: Tgl./Date | R147: =P67 -> 46050
T149: =$T$74 -> 23-MINEARTH-RM-LHU-CMP-S-R0

Sheet WS-modified proctor
A1: LEMBAR PENGUJIAN / TESTING WORKSHEET
A2: UJI PEMADATAN BERAT
A3: MODIFIED PROCTOR COMPACTION TEST
A5: AS
A7: KODE LABORATORIUM / Laboratory Id. | D7: =IFERROR(INDEX('DATA INDUK'!$H$27:$H$152,MATCH(ROW(D1),'DATA INDUK'!$AU$27:$AU$152,0)),"") -> 26-001-DS-001
A9: NO. CONTOH / Sample Id. | D9: =IFERROR(INDEX('DATA INDUK'!$C$27:$C$152,MATCH(ROW(D1),'DATA INDUK'!$AU$27:$AU$152,0)),"") -> BH-04R1-SPT 15 | L9: DIUJI OLEH / Tested By | O9: =IF($D$7="","",P9) -> RIZKI | P9: RIZKI | T9: ="TTD_"&O9&"" -> TTD_RIZKI
A10: KEDALAMAN / Depth (m) | D10: {=IF( INDEX('DATA INDUK'!$I$28:$I$151, MATCH($D$7,'DATA INDUK'!$H$28:$H$151,0))="", INDEX('DATA INDUK'!$C$28:$C$151, MATCH($D$7,'DATA INDUK'!$H$28:$H$151,0)) & " (" & INDEX('DATA INDUK'!$J$28:$J$151, MATCH($D$7,'DATA INDUK'!$H$28:$H$151,0)) & ")", _xlfn.TEXTJOIN(CHAR(10),TRUE, _xlfn._xlws.FILTER( 'DATA INDUK'!$C$28:$C$151 & " (" & 'DATA INDUK'!$J$28:$J$151 & ")", 'DATA INDUK'!$I$28:$I$151= INDEX('DATA INDUK'!$I$28:$I$151, MATCH($D$7,'DATA INDUK'!$H$28:$H$151,0)) )) )} -> #N/A | L10: DIPERIKSA OLEH / Checked By | O10: =IF($D$7="","",P10) -> NOUFAL | P10: NOUFAL | T10: =IF(O9=O10,"TTD_","TTD_"&O10&"") -> TTD_NOUFAL
A11: JENIS CONTOH / Sample Type | D11: =IFERROR(INDEX('DATA INDUK'!$D$27:$D$152,MATCH(ROW(D1),'DATA INDUK'!$AU$27:$AU$152,0)),"") -> Disturbed Sample | F11: Kode | L11: DISETUJUI OLEH | O11: =IF($D$7="","",P11) -> A.SUMARTADJI | P11: A.SUMARTADJI | T11: ="TTD_"&O11&"" -> TTD_A.SUMARTADJI
A12: DESKRIPSI TANAH / Soil Description | D12: Pasir Lanauan / Silty Sand | F12: =IFERROR(INDEX($W$21:$W$32, MATCH(D12,$Z$21:$Z$32,0)), "CHECK DESKRIPSI") -> SDS | L12: TGL. PENGUJIAN / Date Tested
A13: WARNA TANAH / Soil Color
D14: =IFERROR(INDEX('DATA INDUK'!$H$27:$H$38,MATCH(ROW(D9),'DATA INDUK'!$Z$27:$Z$38,0)),"")
C15: Kode Reamer | F15: A
C16: Berat Penumbuk (kg) | F16: =IFERROR(VLOOKUP(F15,$R$20:$S$21,2,0),"") -> 4.3197
C17: Tinggi Jatuh (cm) | F17: 45.7
C18: Jumlah Lapisan | F18: 5 | G18: lapisan
C19: Jumlah Tumbukan/Lapisan | F19: 56 | G19: Tumbukan | M19: Compaction Standar | R19: Berat Reamer Compaction | W19: DB DESKRIPSI
C20: Energi Tumbukan | F20: =(F16*F17*F18*F19)/F33 -> 25.943413 | G20: kg-cm/cm3 | M20: KODE MOLD | N20: DIAMETER (mm) | O20: TINGGI (mm) | P20: BERAT (g) | R20: A | S20: =4319.7/1000 -> 4.3197 | W20: Kode | X20: Deskripsi Indonesia | Y20: English | Z20: Bilingual
F21: =INT(F20*98.065) -> 2544 | G21: kN-m/m3 | M21: A | N21: =152.1/10 -> 15.21 | O21: =116.7/10 -> 11.67 | P21: 6529.8 | R21: B | S21: =4384.9/1000 -> 4.3849 | W21: CL | X21: Lempung | Y21: Clay | Z21: Lempung / Clay
F22: 2700 | G22: kJ/m3 | M22: B | N22: =152.7/10 -> 15.27 | O22: =116.4/10 -> 11.64 | P22: 6696 | W22: CLS | X22: Lempung Pasiran | Y22: Sandy Clay | Z22: Lempung Pasiran / Sandy Clay
W23: CSL | X23: Lempung Lanauan | Y23: Silty Clay | Z23: Lempung Lanauan / Silty Clay
C24: Spesific Gravity, GS | F24: 2.65 | W24: CLG | X24: Lempung Kerikilan | Y24: Gravelly Clay | Z24: Lempung Kerikilan / Gravelly Clay
M25: LAB CONFIG. BERAT CAWAN | W25: SD | X25: Pasir | Y25: Sand | Z25: Pasir / Sand
C26: KEPADATAN | M26: 1 | N26: 9.03 | W26: SDC | X26: Pasir Lempungan | Y26: Clayey Sand | Z26: Pasir Lempungan / Clayey Sand
F27: 1 | G27: 2 | H27: 3 | I27: 4 | J27: 5 | M27: 2 | N27: 8.842 | W27: SDS | X27: Pasir Lanauan | Y27: Silty Sand | Z27: Pasir Lanauan / Silty Sand
C28: Berat Cetakan + Tanah basah | E28: g | F28: 10687 | G28: 10795 | H28: 10898 | I28: 10861 | J28: 10797 | M28: 3 | N28: 9.041 | W28: SDG | X28: Pasir Kerikilan | Y28: Gravelly Sand | Z28: Pasir Kerikilan / Gravelly Sand
C29: Kode Mold | F29: B | G29: B | H29: B | I29: B | J29: B | M29: 4 | N29: 8.936 | W29: SLT | X29: Lanau | Y29: Silt | Z29: Lanau / Silt
C30: Berat Mold | E30: g | F30: =IFERROR(VLOOKUP(F29,$M$21:$P$22,4,0),"") -> 6696 | G30: =IFERROR(VLOOKUP(G29,$M$21:$P$22,4,0),"") -> 6696 | H30: =IFERROR(VLOOKUP(H29,$M$21:$P$22,4,0),"") -> 6696 | I30: =IFERROR(VLOOKUP(I29,$M$21:$P$22,4,0),"") -> 6696 | J30: =IFERROR(VLOOKUP(J29,$M$21:$P$22,4,0),"") -> 6696 | M30: 5 | N30: 8.856 | W30: SLC | X30: Lanau Lempungan | Y30: Clayey Silt | Z30: Lanau Lempungan / Clayey Silt
C31: Diamater Mold | E31: cm | F31: =IFERROR(VLOOKUP(F29,$M$21:$P$22,2,0),"") -> 15.27 | G31: =IFERROR(VLOOKUP(G29,$M$21:$P$22,2,0),"") -> 15.27 | H31: =IFERROR(VLOOKUP(H29,$M$21:$P$22,2,0),"") -> 15.27 | I31: =IFERROR(VLOOKUP(I29,$M$21:$P$22,2,0),"") -> 15.27 | J31: =IFERROR(VLOOKUP(J29,$M$21:$P$22,2,0),"") -> 15.27 | M31: 6 | N31: 8.726 | W31: SLS | X31: Lanau Pasiran | Y31: Sandy Silt | Z31: Lanau Pasiran / Sandy Silt
C32: Tinggi Mold | E32: cm | F32: =IFERROR(VLOOKUP(F29,$M$21:$P$22,3,0),"") -> 11.64 | G32: =IFERROR(VLOOKUP(G29,$M$21:$P$22,3,0),"") -> 11.64 | H32: =IFERROR(VLOOKUP(H29,$M$21:$P$22,3,0),"") -> 11.64 | I32: =IFERROR(VLOOKUP(I29,$M$21:$P$22,3,0),"") -> 11.64 | J32: =IFERROR(VLOOKUP(J29,$M$21:$P$22,3,0),"") -> 11.64 | M32: 7 | N32: 8.882 | W32: GR | X32: Kerikil | Y32: Gravel | Z32: Kerikil / Gravel
C33: Vol. Mold | E33: cm3 | F33: =(3.14*(F31^2)/4)*F32 -> 2130.5941 | G33: =(3.14*(G31^2)/4)*G32 -> 2130.5941 | H33: =(3.14*(H31^2)/4)*H32 -> 2130.5941 | I33: =(3.14*(I31^2)/4)*I32 -> 2130.5941 | J33: =(3.14*(J31^2)/4)*J32 -> 2130.5941 | M33: 8 | N33: 8.818
C34: Berat Tanah basah | E34: g | F34: =F28-F30 -> 3991 | G34: =G28-G30 -> 4099 | H34: =H28-H30 -> 4202 | I34: =I28-I30 -> 4165 | J34: =J28-J30 -> 4101 | M34: 9 | N34: 8.799
C35: Berat isi basah | E35: g/cc | F35: =F34/F33 -> 1.8731865 | G35: =G34/G33 -> 1.9238766 | H35: =H34/H33 -> 1.9722199 | I35: =I34/I33 -> 1.9548539 | J35: =J34/J33 -> 1.9248153 | M35: 10 | N35: 8.793
C36: Berat isi kering | E36: g/cc | F36: =F35/(1+F47/100) -> 1.4650909 | G36: =G35/(1+G47/100) -> 1.4731952 | H36: =H35/(1+H47/100) -> 1.4770097 | I36: =I35/(1+I47/100) -> 1.4345474 | J36: =J35/(1+J47/100) -> 1.3796685 | M36: 11 | N36: 8.804
M37: 12 | N37: 8.928
M38: 13 | N38: 8.877
C39: KADAR AIR | M39: 14 | N39: 8.892
F40: 1 | G40: 2 | H40: 3 | I40: 4 | J40: 5 | M40: 15 | N40: 8.993
C41: Berat Cawan + Tanah basah | E41: g | F41: 56.17 | G41: 52.68 | H41: 49.12 | I41: 55.69 | J41: 40.73 | M41: 16 | N41: 8.909
C42: Berat Cawan + Tanah kering | E42: g | F42: 45.9 | G42: 42.45 | H42: 39.01 | I42: 43.19 | J42: 31.71 | M42: 17 | N42: 9.049
C43: Kode Cawan | F43: 1 | G43: 46 | H43: 5 | I43: 6 | J43: 7 | M43: 18 | N43: 8.934
C44: Berat Cawan | E44: g | F44: =IFERROR(VLOOKUP(F43,$M$26:$N$147,2,0),"") -> 9.03 | G44: =IFERROR(VLOOKUP(G43,$M$26:$N$147,2,0),"") -> 9.01 | H44: =IFERROR(VLOOKUP(H43,$M$26:$N$147,2,0),"") -> 8.856 | I44: =IFERROR(VLOOKUP(I43,$M$26:$N$147,2,0),"") -> 8.726 | J44: =IFERROR(VLOOKUP(J43,$M$26:$N$147,2,0),"") -> 8.882 | M44: 19 | N44: 8.961
C45: Berat air | E45: g | F45: =F41-F42 -> 10.27 | G45: =G41-G42 -> 10.23 | H45: =H41-H42 -> 10.11 | I45: =I41-I42 -> 12.5 | J45: =J41-J42 -> 9.02 | M45: 20 | N45: 8.776
C46: Berat Tanah kering | E46: g | F46: =F42-F44 -> 36.87 | G46: =G42-G44 -> 33.44 | H46: =H42-H44 -> 30.154 | I46: =I42-I44 -> 34.464 | J46: =J42-J44 -> 22.828 | M46: 21 | N46: 8.903
C47: Kadar air | E47: % | F47: =(F45/F46)*100 -> 27.854624 | G47: =(G45/G46)*100 -> 30.592105 | H47: =(H45/H46)*100 -> 33.52789 | I47: =(I45/I46)*100 -> 36.269731 | J47: =(J45/J46)*100 -> 39.512879 | M47: 22 | N47: 8.843
C48: ZAV | F48: =$F$24/(1+($F$24*F47/100)) -> 1.5246117 | G48: =$F$24/(1+($F$24*G47/100)) -> 1.4635298 | H48: =$F$24/(1+($F$24*H47/100)) -> 1.4032382 | I48: =$F$24/(1+($F$24*I47/100)) -> 1.3512495 | J48: =$F$24/(1+($F$24*J47/100)) -> 1.2945197 | M48: 23 | N48: 8.84
M49: 24 | N49: 9.01
M50: 25 | N50: 8.812
M51: 26 | N51: 8.846
M52: 27 | N52: 8.914
M53: 28 | N53: 9.9
M54: 29 | N54: 8.9
M55: 30 | N55: 8.854
M56: 31 | N56: 8.815
M57: 32 | N57: 8.985
C58: Kadar air | D58: Berat isi Kering | F58: ZAV | M58: 33 | N58: 8.897
M59: 34 | N59: 8.91
C60: =C124 -> 27.854624 | D60: =IF($D$7="",NA(),C126) -> 1.4650909 | F60: =F48 -> 1.5246117 | M60: 35 | N60: 8.725
C61: =D124 -> 30.592105 | D61: =IF($D$7="",NA(),D126) -> 1.4731952 | F61: =G48 -> 1.4635298 | M61: 36 | N61: 8.715
C62: =E124 -> 33.52789 | D62: =IF($D$7="",NA(),E126) -> 1.4770097 | F62: =H48 -> 1.4032382 | M62: 37 | N62: 8.752
C63: =F124 -> 36.269731 | D63: =IF($D$7="",NA(),F126) -> 1.4345474 | F63: =I48 -> 1.3512495 | M63: 38 | N63: 8.73
C64: =G124 -> 39.512879 | D64: =IF($D$7="",NA(),G126) -> 1.3796685 | F64: =J48 -> 1.2945197 | M64: 39 | N64: 8.861
H65: Legenda Grafik | M65: 40 | N65: 8.858
D66: MDD | E66: =IF($D$7="","",MAX(D60:D64)) -> 1.4770097 | F66: g/cm3 | H66: ="MDD = "&TEXT(E66,"0.00")&" g/cm³" -> MDD = 1.48 g/cm³ | M66: 41 | N66: 8.759
D67: OMC | E67: =IF($D$7="","",INDEX(C60:C64,MATCH(E66,D60:D64,0))) -> 33.52789 | H67: ="OMC = "&TEXT(E67,"0.0")&" %" -> OMC = 33.5 % | M67: 42 | N67: 8.8
M68: 43 | N68: 8.861
C69: OMC | M69: 44 | N69: 8.878
D70: X | E70: Y | M70: 45 | N70: 8.941
D71: =E67 -> 33.52789 | E71: 1.2 | M71: 46 | N71: 9.01
D72: =E67 -> 33.52789 | E72: =E66 -> 1.4770097 | M72: 47 | N72: 8.8993
C73: Garis MDD | M73: 48 | N73: 8.749
D74: 0 | E74: =E66 -> 1.4770097 | M74: 49 | N74: 8.822
D75: =E67 -> 33.52789 | E75: =E66 -> 1.4770097 | M75: 50 | N75: 8.781
M76: 51 | N76: 8.843
M77: 52 | N77: 8.858
M78: 53 | N78: 8.781
M79: 54 | N79: 8.918
M80: 55 | N80: 9.03
M81: 56 | N81: 8.924
M82: 57 | N82: 9.011
M83: 58 | N83: 8.854
M84: 59 | N84: 8.899
M85: 60 | N85: 8.821
M86: 61 | N86: 8.845
M87: 62 | N87: 8.76
... M110: 85 | N110: 8.769
A111: Berat Penumbuk (kg) | C111: =IF($D$7="","",F16) -> 4.3197 | M111: 86 | N111: 8.808
A112: Tinggi Jatuh (cm) | C112: =IF($D$7="","",F17) -> 45.7 | M112: 87 | N112: 8.832
A113: Jumlah Lapisan | C113: =IF($D$7="","",F18) -> 5 | M113: 88 | N113: 8.928
A114: Jumlah Tumbukan/Lapisan | C114: =IF($D$7="","",F19) -> 56 | M114: 89 | N114: 9.072
A115: Energi Tumbukan, kJ/m3 | C115: =IF($D$7="","",F22) -> 2700 | M115: 90 | N115: 8.906
A116: Spesific gravity | C116: =IF($D$7="","",F24) -> 2.65 | M116: 91 | N116: 8.839
M117: 92 | N117: 8.822
M118: 93 | N118: 8.854
A119: Percobaan | C119: 1 | D119: 2 | E119: 3 | F119: 4 | G119: 5 | M119: 94 | N119: 8.826
A120: Berat Mold + Tanah Basah (g) | C120: =IF($D$7="","",F28) -> 10687 | D120: =IF($D$7="","",G28) -> 10795 | E120: =IF($D$7="","",H28) -> 10898 | F120: =IF($D$7="","",I28) -> 10861 | G120: =IF($D$7="","",J28) -> 10797 | M120: 95 | N120: 8.879
A121: Berat Mold (g) | C121: =IF($D$7="","",F30) -> 6696 | D121: =IF($D$7="","",G30) -> 6696 | E121: =IF($D$7="","",H30) -> 6696 | F121: =IF($D$7="","",I30) -> 6696 | G121: =IF($D$7="","",J30) -> 6696 | M121: 96 | N121: 11.742
A122: Berat Tanah Basah (g) | C122: =IF($D$7="","",F34) -> 3991 | D122: =IF($D$7="","",G34) -> 4099 | E122: =IF($D$7="","",H34) -> 4202 | F122: =IF($D$7="","",I34) -> 4165 | G122: =IF($D$7="","",J34) -> 4101 | M122: 97 | N122: 11.648
A123: Volume Mold (cm3) | C123: =IF($D$7="","",F31) -> 15.27 | D123: =IF($D$7="","",G31) -> 15.27 | E123: =IF($D$7="","",H31) -> 15.27 | F123: =IF($D$7="","",I31) -> 15.27 | G123: =IF($D$7="","",J31) -> 15.27 | M123: 98 | N123: 11.9
A124: Kadar Air (%) | C124: =IF($D$7="","",F47) -> 27.854624 | D124: =IF($D$7="","",G47) -> 30.592105 | E124: =IF($D$7="","",H47) -> 33.52789 | F124: =IF($D$7="","",I47) -> 36.269731 | G124: =IF($D$7="","",J47) -> 39.512879 | M124: 99 | N124: 11.936
A125: Berat Isi Basah,y (g/cm3) | C125: =IF($D$7="","",F35) -> 1.8731865 | D125: =IF($D$7="","",G35) -> 1.9238766 | E125: =IF($D$7="","",H35) -> 1.9722199 | F125: =IF($D$7="","",I35) -> 1.9548539 | G125: =IF($D$7="","",J35) -> 1.9248153 | M125: 100 | N125: 11.704
...

Sheet LHU_modified proctor
F1: LABORATORIUM MEKANIKA TANAH
F2: PT. TERRAFORMA GEOTEKNIK INDONESIA
F3: LABORATORY TEST REPORT
A6: No. Laporan / Report No. | E6: =": " & IF('DATA INDUK'!$H$17="","",'DATA INDUK'!$H$17) -> : 23/MGS/53/II/2026
A7: Revisi / Revision | E7: =": "&IF('DATA INDUK'!$H$18="","",'DATA INDUK'!$H$18) -> : R0 | J7: Tgl. Laporan / Report Date | M7: =": "&IF('DATA INDUK'!$H$19="","",TEXT('DATA INDUK'!$H$19,"dd mmmm yyyy")) -> : 29 January 2026 | T7: Halaman/Pages | W7: =": 1 dari 2" -> : 1 dari 2
A9: INFORMASI PROYEK /PROJECT INFORMATION | N9: INFORMASI CONTOH / SAMPLE INFORMATION
A11: Nama Proyek / Project Name | N11: Kode Laboratorium / Laboratory Id.
A12: =IF('DATA INDUK'!H2="","",'DATA INDUK'!H2) -> BSI Candrian Waste Dump Extension Study | N12: =IF('WS-modified proctor'!D9="","",'WS-modified proctor'!D9) -> BH-04R1-SPT 15
A13: Lokasi Proyek / Location | E13: =": "&IF('DATA INDUK'!H3="","",'DATA INDUK'!H3) -> : Banyuwangi - JAWA TIMUR | N13: No. Contoh / Sample Id. | S13: =": "&IF('WS-modified proctor'!D9="","",'WS-modified proctor'!D9) -> : BH-04R1-SPT 15
A14: No. PO / PO Number | E14: =": "&IF('DATA INDUK'!H9="","",'DATA INDUK'!H9) -> : PO-GQT-001 | N14: Kedalaman / Depth (m) | S14: =": "&IF('WS-modified proctor'!D10="","",'WS-modified proctor'!D10) -> #N/A
N15: Jenis Contoh / Sample Type | S15: =": "&IF('WS-modified proctor'!D11="","",'WS-modified proctor'!D11) -> : Disturbed Sample
A17: IDENTITAS KLIEN / CLIENT INFORMATION | N17: Deskripsi Tanah / Soil Description | S17: =": "&IF('WS-modified proctor'!D12="","",'WS-modified proctor'!D12) -> : Pasir Lanauan / Silty Sand
N18: Warna Tanah / Soil Color | S18: =": "&IF('WS-modified proctor'!D13="","",'WS-modified proctor'!D13) -> :
A19: Klien / Client | E19: =": "&IF('DATA INDUK'!H4="","",'DATA INDUK'!H4) -> : PT. GEOLAND QUATRO TECHNOLAB
N20: Tgl.Diterima / Date Received | S20: =": "&IF('DATA INDUK'!H13="","",TEXT('DATA INDUK'!H13,"dd mmmm yyyy")) -> : 05 January 2026
A21: Alamat / Address | E21: =": "&IF('DATA INDUK'!H6="","",'DATA INDUK'!H6) -> : Kab. Bandung - JAWA BARAT
N22: Tgl Pengujian / Date Tested | S22: =": "&IF('WS-modified proctor'!O12="","",TEXT('WS-modified proctor'!O12,"dd mmmm yyyy")) -> :
A26: ='WS-modified proctor'!A2 -> UJI PEMADATAN BERAT | U26: SNI | V26: ='DATA INDUK'!$BS$50 -> 1743:2008
A27: ='WS-modified proctor'!A3 -> MODIFIED PROCTOR COMPACTION TEST
A29: DATA BENDA UJI / SPECIMEN DATA | K29: HASIL PENGUJIAN / TEST RESULTS
A30: Berat Penumbuk / Hammer Weight, kg | H30: ='WS-modified proctor'!C111 -> 4.3197 | K30: Pengujian ke- / Test No. | O30: 1 | Q30: 2 | S30: 3 | U30: 4 | W30: 5
A31: Tinggi Jatuh / Drop Height, cm | H31: ='WS-modified proctor'!C112 -> 45.7 | K31: Berat Mold + Tanah Basah / Mold + Wet Soil Weight (g) | O31: ='WS-modified proctor'!$C$120 -> 10687 | Q31: ='WS-modified proctor'!D120 -> 10795 | S31: ='WS-modified proctor'!E120 -> 10898 | U31: ='WS-modified proctor'!F120 -> 10861 | W31: ='WS-modified proctor'!G120 -> 10797
A32: Jumlah Lapisan / Number of Layers | H32: ='WS-modified proctor'!C113 -> 5
A33: Jumlah Tumbukan per Lapisan / Number of Blows per Layer | H33: ='WS-modified proctor'!C114 -> 56 | K33: Berat Mold / Mold Weight (g) | O33: ='WS-modified proctor'!C121 -> 6696 | Q33: ='WS-modified proctor'!D121 -> 6696 | S33: ='WS-modified proctor'!E121 -> 6696 | U33: ='WS-modified proctor'!F121 -> 6696 | W33: ='WS-modified proctor'!G121 -> 6696
A35: Energi Pemadatan / Compaction Energy,kJ/m³ | H35: ='WS-modified proctor'!C115 -> 2700 | K35: Berat Tanah Basah / Wet Soil Weight (g) | O35: ='WS-modified proctor'!C122 -> 3991 | Q35: ='WS-modified proctor'!D122 -> 4099 | S35: ='WS-modified proctor'!E122 -> 4202 | U35: ='WS-modified proctor'!F122 -> 4165 | W35: ='WS-modified proctor'!G122 -> 4101
A36: Berat Jenis Butiran Tanah / Specific Gravity | H36: ='WS-modified proctor'!C116 -> 2.65
K37: Volume Mold / Mold Volume (cm³) | O37: ='WS-modified proctor'!C123 -> 15.27 | Q37: ='WS-modified proctor'!D123 -> 15.27 | S37: ='WS-modified proctor'!E123 -> 15.27 | U37: ='WS-modified proctor'!F123 -> 15.27 | W37: ='WS-modified proctor'!G123 -> 15.27
K39: Kadar Air / Moisture Content (%) | O39: ='WS-modified proctor'!C124 -> 27.854624 | Q39: ='WS-modified proctor'!D124 -> 30.592105 | S39: ='WS-modified proctor'!E124 -> 33.52789 | U39: ='WS-modified proctor'!F124 -> 36.269731 | W39: ='WS-modified proctor'!G124 -> 39.512879
A40: GRAFIK | AA40: ="LHU No. : "& IF('DATA INDUK'!$H$17="","",'DATA INDUK'!$H$17) -> LHU No. : 23/MGS/53/II/2026
A41: GRAFIK HUBUNGAN BERAT ISI KERING DAN KADAR AIR | K41: Berat Isi Basah / Bulk Density, γ (g/cm³) | O41: ='WS-modified proctor'!C125 -> 1.8731865 | Q41: ='WS-modified proctor'!D125 -> 1.9238766 | S41: ='WS-modified proctor'!E125 -> 1.9722199 | U41: ='WS-modified proctor'!F125 -> 1.9548539 | W41: ='WS-modified proctor'!G125 -> 1.9248153 | AA41: ="LAB ID. : "&'Template LHU_CBRsoaked'!$N$13&"" -> LAB ID. : 26-001-DS-001
A42: DRY DENSITY VS MOISTURE CONTENT CURVE | Z42: Modified Proctor | AA42: ="TEST TYPE : "&Z42&"" -> TEST TYPE : Modified Proctor
K43: Berat Isi Kering / Dry Density, γd (g/cm³) | O43: ='WS-modified proctor'!C126 -> 1.4650909 | Q43: ='WS-modified proctor'!D126 -> 1.4731952 | S43: ='WS-modified proctor'!E126 -> 1.4770097 | U43: ='WS-modified proctor'!F126 -> 1.4345474 | W43: ='WS-modified proctor'!G126 -> 1.3796685 | AA43: ="DATE : "&TEXT('DATA INDUK'!$H$19,"yyyy-mm-dd") -> DATE : 2026-01-29
K46: PARAMETER HASIL UJI / TEST PARAMETERS
K47: Berat Isi Kering Maksimum / Maximum Dry Density, MDD (g/cm³) | U47: ='WS-modified proctor'!E66 -> 1.4770097
K48: Kadar Air Optimum / Optimum Moisture Content, OMC (%) | U48: ='WS-modified proctor'!E67 -> 33.52789
T59: SCAN FOR REPORT VERIFICATION
C60: DIUJI OLEH / | H60: DIPERIKSA OLEH / | M60: DISETUJUI OLEH /
C61: TESTED BY | H61: CHECKED BY | M61: APPROVED BY
C65: ='WS-modified proctor'!$O$9 -> RIZKI | H65: =IF(C65='WS-modified proctor'!O10," - ",'WS-modified proctor'!O10) -> NOUFAL | M65: ='WS-modified proctor'!$O$11 -> A.SUMARTADJI
C66: Teknisi/Analis | H66: Koordinator Teknis | M66: Kepala Laboratorium
C67: Tgl./Date : | E67: =IF('DATA INDUK'!$H$19="","",'DATA INDUK'!$H$19-1) -> 46050 | H67: Tgl./Date : | J67: =IF('DATA INDUK'!$H$19="","",'DATA INDUK'!$H$19-1) -> 46050 | M67: Tgl./Date : | P67: =IF('DATA INDUK'!$H$19="","",'DATA INDUK'!$H$19-1) -> 46050
A69: KETERANGAN / NOTES | D69: - Laporan hasil Uji ini hanya berlaku untuk contoh yang diuji | M69: - | N69: This test report applies only to the tested sample.
D70: - Dilarang memperbanyak laporan tanpa ijin tertulis dari Laboratorium | M70: - | N70: This report shall not be reproduced except in full without written approval from
D71: Mekanika Tanah PT. TERRAFORMA GEOTEKNIK INDONESIA. | N71: PT. TERRAFORMA GEOTEKNIK INDONESIA Soil Mechanics Laboratory.
D72: - Laboratorium tidak bertanggung jawab atas kegiatan pengambilan | M72: - | N72: The laboratory is not responsible for sampling,handling and sample transportation
D73: dan transportasi contoh yang dilakukan oleh pihak lain. | N73: conducted by others.
T74: ='DATA INDUK'!$BT$50 -> 23-MINEARTH-RM-LHU-CMP-M-R0
A75: Jl. Leuwisari VII No.23, Kota Bandung | K75: Telp : 022-4572503,08112183223 | S75: Email : Soil_test@minearth.co.id
A76: Jawa Barat-40235 | K76: Mobile : 0811-2183-223 | S76: Website : www.minearth.co.id
F79: LABORATORIUM MEKANIKA TANAH
F80: PT. TERRAFORMA GEOTEKNIK INDONESIA
F81: LABORATORY TEST REPORT
A84: No. Laporan / Report No. | E84: =": " & IF('DATA INDUK'!$H$17="","",'DATA INDUK'!$H$17) -> : 23/MGS/53/II/2026
A85: Revisi / Revision | E85: =": "&IF('DATA INDUK'!$H$18="","",'DATA INDUK'!$H$18) -> : R0 | J85: Tgl. Laporan / Report Date | M85: =": "&IF('DATA INDUK'!$H$19="","",TEXT('DATA INDUK'!$H$19,"dd mmmm yyyy")) -> : 29 January 2026 | T85: Halaman/Pages | W85: =": 2 dari 2" -> : 2 dari 2
A87: LAMPIRAN / APPENDIX
U139: SCAN FOR REPORT VERIFICATION
A140: CATATAN /NOTES : | H140: DIUJI OLEH / | L140: DIPERIKSA OLEH / | P140: DISETUJUI OLEH /
H141: TESTED BY | L141: CHECKED BY | P141: APPROVED BY
H142: =C65 -> RIZKI
L145: =H65 -> NOUFAL | P145: =M65 -> A.SUMARTADJI
H146: =C66 -> Teknisi/Analis | L146: =H66 -> Koordinator Teknis | P146: =M66 -> Kepala Laboratorium
H147: Tgl./Date : | J147: =E67 -> 46050 | L147: Tgl./Date : | N147: =J67 -> 46050 | P147: Tgl./Date : | R147: =P67 -> 46050
T149: =$T$74 -> 23-MINEARTH-RM-LHU-CMP-M-R0

Sheet WS-PFH
A1: LEMBAR PENGUJIAN / TESTING WORKSHEET
A2: UJI PERMEABILITAS-METODE FALLING HEAD
A3: PERMEABILITY TEST - FALLING HEAD METHOD
A5: AU
A7: KODE LABORATORIUM / Laboratory Id. | D7: =IFERROR(INDEX('DATA INDUK'!$H$27:$H$152,MATCH(ROW(D1),'DATA INDUK'!$AV$27:$AV$152,0)),"") -> 26-001-DS-001
A9: NO. CONTOH / Sample Id. | D9: =IFERROR(INDEX('DATA INDUK'!$C$27:$C$152,MATCH(ROW(D1),'DATA INDUK'!$AV$27:$AV$152,0)),"") -> BH-04R1-SPT 15 | L9: DIUJI OLEH / Tested By | O9: =IF($D$7="","",P9) -> NOUFAL | P9: NOUFAL | T9: ="TTD_"&O9&"" -> TTD_NOUFAL
A10: KEDALAMAN / Depth (m) | D10: =IFERROR(INDEX('DATA INDUK'!$J$27:$J$152,MATCH(ROW(D1),'DATA INDUK'!$AV$27:$AV$152,0)),"") -> 22.50 - 22.95 m | L10: DIPERIKSA OLEH / Checked By | O10: =IF($D$7="","",P10) -> NOUFAL | P10: NOUFAL | T10: =IF(O9=O10,"TTD_","TTD_"&O10&"") -> TTD_
A11: JENIS CONTOH / Sample Type | D11: =IFERROR(INDEX('DATA INDUK'!$D$27:$D$152,MATCH(ROW(D1),'DATA INDUK'!$AV$27:$AV$152,0)),"") -> Disturbed Sample | F11: KODE | L11: DISETUJUI OLEH | O11: =IF($D$7="","",P11) -> A.SUMARTADJI | P11: A.SUMARTADJI | T11: ="TTD_"&O11&"" -> TTD_A.SUMARTADJI
A12: DESKRIPSI TANAH / Soil Description | D12: Pasir Lanauan / Silty Sand | F12: =IFERROR(INDEX($W$33:$W$44, MATCH(D12,$Z$33:$Z$44,0)), "CHECK DESKRIPSI") -> SDS | L12: TGL. PENGUJIAN / Date Tested | O12: 46137
A13: WARNA TANAH / Soil Color | D13: Hitam / Black
D14: =IFERROR(INDEX('DATA INDUK'!$H$27:$H$38,MATCH(ROW(D9),'DATA INDUK'!$Z$27:$Z$38,0)),"")
M17: "Temperatur air pengujian ditentukan sebagai rata-rata temperatur awal dan akhir pengujian. Apabila perbedaan temperatur melebihi 2°C, pengujian diulang atau dilakukan evaluasi teknis."
A18: SOIL PARAMTER | G18: APPARATUS PERMEAMETER
A19: Diameter Benda Uji / Specimen Diameter (mm) | D19: 6.44 | G19: Diameter Pipa Standpipe / Standpipe Diameter (mm) | K19: 1.499
A20: Tinggi Benda Uji / Specimen Height (mm) | D20: 6.37 | G20: Luas Standpipe / Standpipe Area (cm²) | K20: =PI()*(K19)^2/4 -> 1.7647905
A21: Luas Penampang / Cross-sectional Area ( cm²) | D21: =PI()*(D19)^2/4 -> 32.573289 | G21: Tinggi Awal / Initial Head,h₁ (cm) | K21: =I35 -> 169.3
A22: Volume Benda Uji / Specimen Volume (cm³) | D22: =D20*D21 -> 207.49185 | G22: Tinggi Akhir / Final Head,h₂ (cm) | K22: =J39 -> 156.8
A23: Kadar Air / Moisture Content (%) | G23: Suhu Air / Water Temperature (°C) | K23: =AVERAGE(N35:N47) -> 26 | R23: =H36 -> 60
A24: Berat Isi Basah / Wet Density (g/cm³) | G24: Faktor Koreksi Temperatur / Temperature Correction Factor ( - ) | K24: =AVERAGE(P35:P47) -> 0.87
A25: Berat Isi Kering / Dry Density (g/cm³) | G25: Test Start Time | K25: 0.46826389
G26: Test End Time | K26: =G39 -> 0.47173611
G27: Total Test Time | K27: =K26-K25 -> 0.0034722222 | P27: =LOG(I35/J35) -> 0.005420685
G28: Waktu Aliran / Elapsed Time,t (s) | K28: =(K26-K25)*86400 -> 300
W31: DB DESKRIPSI
F32: Time | H32: t | I32: h1 | J32: h2 | K32: h1/h2 | L32: log h1/h2 | M32: aL/At | N32: temp | O32: k | P32: Ct | Q32: k20 | S32: Temperatur (°C) | T32: Faktor koreksi (C_t) | W32: Kode | X32: Deskripsi Indonesia | Y32: English | Z32: Bilingual
F33: Awal | G33: Akhir | H33: s | I33: cm | J33: cm | O33: cm/s | S33: 15 | T33: 1.14 | W33: CL | X33: Lempung | Y33: Clay | Z33: Lempung / Clay
S34: 16 | T34: 1.11 | W34: CLS | X34: Lempung Pasiran | Y34: Sandy Clay | Z34: Lempung Pasiran / Sandy Clay
C35: =2.303*($K$20*$D$20)/($D$21*H35)*LOG(I35/J35) -> 7.1807172e-05 | F35: =K25 -> 0.46826389 | G35: =F35+(H35/86400) -> 0.46895833 | H35: 60 | I35: 169.3 | J35: 167.2 | K35: =IFERROR(I35/J35, "") -> 1.0125598 | L35: =IFERROR(LOG(K35), "") -> 0.005420685 | M35: =($K$20*$D$20)/($D$21*H35) -> 0.0057520111 | N35: 26 | O35: =2.303*M35*L35 -> 7.1807172e-05 | P35: =VLOOKUP(N35,$S$33:$T$48,2) -> 0.87 | Q35: =O35*P35 -> 6.247224e-05 | S35: 17 | T35: 1.08 | W35: CSL | X35: Lempung Lanauan | Y35: Silty Clay | Z35: Lempung Lanauan / Silty Clay
F36: =G35 -> 0.46895833 | G36: =F36+(H36/86400) -> 0.46965278 | H36: 60 | I36: =J35 -> 167.2 | J36: 165.1 | K36: =IFERROR(I36/J36, "") -> 1.0127196 | L36: =IFERROR(LOG(K36), "") -> 0.0054891998 | M36: =($K$20*$D$20)/($D$21*H36) -> 0.0057520111 | N36: 26 | O36: =2.303*M36*L36 -> 7.271478e-05 | P36: =VLOOKUP(N36,$S$33:$T$48,2) -> 0.87 | Q36: =O36*P36 -> 6.3261858e-05 | S36: 18 | T36: 1.05 | W36: CLG | X36: Lempung Kerikilan | Y36: Gravelly Clay | Z36: Lempung Kerikilan / Gravelly Clay
