Workbook
Name TTD_: 'Summary CMP_CBR'!$F$22
Name TTD_1ATB: INDIRECT('[1]WS-ATB'!$T$9)
Name TTD_1CBRS: INDIRECT('[1]WS-CBRSoaked'!$T$9)
Name TTD_1CBRU: INDIRECT('[1]WS-CBR unsoaked'!$T$9)
Name TTD_1CDR: INDIRECT('[1]WS_CD Residual '!$T$9)
Name TTD_1CMPM: INDIRECT('[1]WS-modified proctor'!$T$9)
Name TTD_1CMPS: INDIRECT('[1]WS-standard Proctor'!$T$9)
Name TTD_1CON: INDIRECT('[1]WS-Konsolidasi'!$T$9)
Name TTD_1DSCD: INDIRECT('[1]WS_DS-CD'!$T$9)
Name TTD_1DSUU: INDIRECT('[1]WS_DS-UU'!$T$9)
Name TTD_1PP: INDIRECT('[1]WS-PP'!$T$9)
Name TTD_1SH: INDIRECT('[1]WS-Sieve dan hidrometer'!$T$9)
Name TTD_1TCUM: INDIRECT('[1]WS-TRX-CU Multi'!$T$9)
Name TTD_1TCUN: INDIRECT('[1]WS-TRX-CU Normal'!$T$9)
Name TTD_1TUU: INDIRECT('[1]WS-TRX-UU'!$T$9)
Name TTD_1UCT: INDIRECT('[1]WS-UCT'!$T$9)
Name TTD_2ATB: INDIRECT('[1]WS-ATB'!$T$10)
Name TTD_2CBRS: INDIRECT('[1]WS-CBRSoaked'!$T$10)
Name TTD_2CBRU: INDIRECT('[1]WS-CBR unsoaked'!$T$10)
Name TTD_2CDR: INDIRECT('[1]WS_CD Residual '!$T$10)
Name TTD_2CMPM: INDIRECT('[1]WS-modified proctor'!$T$10)
Name TTD_2CMPS: INDIRECT('[1]WS-standard Proctor'!$T$10)
Name TTD_2CON: INDIRECT('[1]WS-Konsolidasi'!$T$10)
Name TTD_2DSCD: INDIRECT('[1]WS_DS-CD'!$T$10)
Name TTD_2DSUU: INDIRECT('[1]WS_DS-UU'!$T$10)
Name TTD_2PP: INDIRECT('[1]WS-PP'!$T$10)
Name TTD_2SH: INDIRECT('[1]WS-Sieve dan hidrometer'!$T$10)
Name TTD_2TCUM: INDIRECT('[1]WS-TRX-CU Multi'!$T$10)
Name TTD_2TCUN: INDIRECT('[1]WS-TRX-CU Normal'!$T$10)
Name TTD_2TUU: INDIRECT('[1]WS-TRX-UU'!$T$10)
Name TTD_2UCT: INDIRECT('[1]WS-UCT'!$T$10)
Name TTD_3ATB: INDIRECT('[1]WS-ATB'!$T$11)
Name TTD_3CBRS: INDIRECT('[1]WS-CBRSoaked'!$T$11)
Name TTD_3CBRU: INDIRECT('[1]WS-CBR unsoaked'!$T$11)
Name TTD_3CDR: INDIRECT('[1]WS_CD Residual '!$T$11)
Name TTD_3CMPM: INDIRECT('[1]WS-modified proctor'!$T$11)
Name TTD_3CON: INDIRECT('[1]WS-Konsolidasi'!$T$11)
Name TTD_3DSCD: INDIRECT('[1]WS_DS-CD'!$T$11)
Name TTD_3DSUU: INDIRECT('[1]WS_DS-UU'!$T$11)
Name TTD_3PP: INDIRECT('[1]WS-PP'!$T$11)
Name TTD_3SH: INDIRECT('[1]WS-Sieve dan hidrometer'!$T$11)
Name TTD_3TCUM: INDIRECT('[1]WS-TRX-CU Multi'!$T$11)
Name TTD_3TCUN: INDIRECT('[1]WS-TRX-CU Normal'!$T$11)
Name TTD_3TUU: INDIRECT('[1]WS-TRX-UU'!$T$11)
Name TTD_3UCT: INDIRECT('[1]WS-UCT'!$T$11)
Name TTD_CMPS: INDIRECT('[1]WS-standard Proctor'!$T$11)
Name X_UCS_Remoulded: OFFSET(#REF!,0,0,COUNT(#REF!),1)
Name X_UCS_Undisturbed: OFFSET(#REF!,0,0,COUNT(#REF!),1)
Name X_UU: OFFSET(#REF!,0,0,COUNT(#REF!),1)
Name X_UU_1kg: OFFSET(#REF!,0,0,COUNT(#REF!),1)
Name X_UU_2kg: OFFSET(#REF!,0,0,COUNT(#REF!),1)
Name Y_UCS_Remoulded: OFFSET(#REF!,0,0,COUNT(#REF!),1)
Name Y_UCS_Undisturbed: OFFSET(#REF!,0,0,COUNT(#REF!),1)
Name Y_UU: OFFSET(#REF!,0,0,COUNT(#REF!),1)
Name Y_UU_1kg: OFFSET(#REF!,0,0,COUNT(#REF!),1)
Name Y_UU_2kg: OFFSET(#REF!,0,0,COUNT(#REF!),1)

Sheet Rekapitulasi
C3: LABORATORIUM MEKANIKA TANAH PT. MINEARTH GEO SOLUTION REKAPITULASI HASIL PENGUJIAN / TEST RESULT SUMMARY
A8: Identitas | E8: Physical Properties | H8: Classification | P8: Compaction | R8: Perm. & Consolidation | U8: UCT | V8: Direct Shear | AB8: Triaxial | AH8: CBR Lab.
A9: No. | B9: Lab. ID | C9: Sample Code | D9: Depth (m) | E9: w (%) | F9: Gs | G9: γ (t/m³) | H9: LL | I9: PL | J9: PI | K9: USCS | L9: Clay | M9: Silt | N9: Sand | O9: Gravel | P9: γd max | Q9: OMC | R9: k | S9: Cc | T9: Cv | U9: qu | V9: φUU | W9: cUU | X9: φCD | Y9: cCD | Z9: φres | AA9: cres | AB9: φUU | AC9: cUU | AD9: φCU | AE9: cCU | AF9: φCD | AG9: cCD | AH9: CBR Unsoaked | AI9: CBR Soaked | AJ9: Swelling
A42: REKAPITULASI CONTOH / SAMPLE RECAPITULATION
A43: Jumlah contoh diterima / Total samples received
A44: Jumlah contoh komposit / Total composite samples
A45: Jumlah contoh diuji / Total samples tested
A46: Jumlah LHU diterbitkan / Reports issued
A47: Jumlah LHU internal / Internal reports
A49: Catatan/Note: 1. NP = Non Plastic 2. ND = Not Determined 3. Jumlah contoh yang diuji dapat berbeda dengan jumlah contoh yang diterima karena adanya preparasi contoh komposit.

Sheet DATA INDUK
B2: NAMA PROYEK / PROJECT ID | H2: BSI Candrian Waste Dump Extension Study
B3: LOKASI PROYEK | H3: Banyuwangi - JAWA TIMUR
B4: PEMILIK/KLIEN | H4: PT. GEOLAND QUATRO TECHNOLAB
B5: ALAMAT | F5: JL.
F6: KOTA-PROVINSI | H6: Kab. Bandung - JAWA BARAT
B7: PIC
B8: TLP
B9: NOMOR PO | H9: PO-GQT-001
B10: TGL PO
B11: NO. URUT PO | H11: 1
B12: TAHUN | H12: 2026
B13: TGL KEDATANGAN SAMPEL | H13: 46027
B14: NO. BA PENERIMAAN SAMPEL
B16: PELAPORAN HASIL UJI | J16: PELAPORAN SUMMARY HASIL UJI
B17: NOMOR LAPORAN | H17: 23/MGS/53/II/2026 | J17: NOMOR LAPORAN | P17: QMS/SUM-001/VI/2026
B18: REVISI | H18: R0 | J18: REVISI | P18: R0
J19: TGL REVISI | P19: -
B20: TGL LAPORAN | H20: 46051 | J20: TGL LAPORAN | P20: 46193 | AL20: SUMMARY PP | AM20: SUMMARY OF SHEAR STRENGTH | AN20: SUMMARY OF COMPRESSION | AO20: SUMMARY OF COMPACTION & CBR | AQ20: SUMMARY PP | AR20: SUMMARY OF SHEAR STRENGTH | AS20: SUMMARY OF CONSOLIDATION & PERMEABILTY | AT20: SUMMARY OF COMPACTION & CBR | AX20: QC INCLUDED
B22: JENIS PENGUJIAN /TEST PERFORMED
B23: NO. | C23: SAMPLE ID | D23: JENIS SAMPLE | E23: KODE SAMPEL | F23: HOLE ID | G23: SAMPEL No. | H23: LAB ID | I23: DEPTH (m) | L23: Composit group | M23: SPESIFIC GRAVITY | N23: MOISTURE CONTENT | O23: UNIT WEIGHT | P23: ATTENBERG LIMIT | Q23: SIEVE ANALYSIS | R23: SIEVE &HIDROMETER | S23: COMPACTION | U23: PERMEABILTY | V23: CONSOLIDATION | W23: UCT | X23: DIRECT SHEAR | AC23: TRIAXIAL | AG23: CBR LAB. | AI23: SHRINGKAGE LIMIT | AJ23: SWELLING PRESSURE
I24: INTERVAL | J24: Depth fr. | K24: Depth to | S24: STD. PROCTOR | T24: MODIF. PROCTOR | X24: DS-UU | Y24: DS-CU | Z24: DS - CD | AA24: DS - RESIDUAL | AB24: DS CD-RESIDUAL | AC24: TRIAXIAL UU | AD24: TRIAXIAL CU-M | AE24: TRIAXIAL CU-N | AF24: TRIAXIAL CD | AG24: CBR UNSOAKED | AH24: CBR-SOAKED
BA25: evaluation Depth | BC25: Interval Depth
AA26: DS - RESIDUAL | AL26: 0 | AM26: 0 | AN26: 0 | AO26: 0 | BS26: No | BT26: J | BU26: SNI
A28: DS | B28: 1 | C28: =CONCATENATE(F28,"-",G28) -> BH-04R1-SPT 15 | D28: =IF(E28="DS","Disturbed Sample", IF(E28="UDS","Undisturbed Sample", IF(E28="BS","Bulk Sample", IF(E28="CS","Composite Sample","")))) -> Disturbed Sample | E28: DS | F28: BH-04R1 | G28: SPT 15 | H28: =IF(OR($H$12="",$H$11="",E28="",B28=""),"",RIGHT($H$12,2)&"-"&TEXT($H$11,"000")&"-"&E28&"-"&TEXT(B28,"000")) -> 26-001-DS-001 | I28: =IF(AND(J28=0,K28=0), "-", TEXT(J28,"0.00")&" - "&TEXT(K28,"0.00")&" m") -> 22.50 - 22.95 m | J28: 22.5 | K28: 22.95 | M28: 1 | N28: 1 | O28: 1 | AD28: 1 | AL28: =IF(OR(M28=1,N28=1,O28=1,P28=1,Q28=1,R28=1,AI28=1),MAX($AL$26:AL26)+1,"") -> 1 | AM28: =IF(OR(W28=1,X28=1,Y28=1,Z28=1,AA28=1,AB28=1,AC28=1,AD28=1,AE28=1,AF28=1),MAX($AM$26:AM26)+1,"") -> 1 | AN28: =IF(OR(V28=1,AJ28=1,U28=1),MAX($AN$26:AN26)+1,"") | AO28: =IF(OR(S28=1,T28=1,AG28=1,AH28=1),MAX($AO$26:AO26)+1,"") | AQ28: =IF(SUM(M28,N28,O28,P28,Q28,R28,AI28)>0,1,0) -> 1 | AR28: =IF(SUM(W28,X28,Y28,Z28,AA28,AB28,AC28,AD28,AE28,AF28)>0,1,0) -> 1 | AS28: =IF(SUM(U28,V28,AJ28)>0,1,0) -> 0 | AT28: =IF(SUM(S28,T28,AG28,AH28)>0,1,0) -> 0 | AX28: =IF(COUNTIF(M28:AJ28,1)>0,H28,"") -> 26-001-DS-001 | BA28: =IF(OR(E28="CS",J28="",K28="",AND(J28=0,K28=0)),"",ROUND((J28+K28)/2,2)) -> 22.73 | BC28: =IF(OR(E28="CS",J28="",K28="",AND(J28=0,K28=0)),"",I28) -> 22.50 - 22.95 m | BF28: =IF(COUNTIF(M28:AJ28,1)>0,C28,"") -> BH-04R1-SPT 15 | BS28: 1 | BT28: Sieve analysis & Hydrometer | BU28: 3423:2008
A29: UDS | B29: =B28+1 -> 2 | C29: =CONCATENATE(F29,"-",G29) -> BH-03-R-SPT 01 | D29: =IF(E29="DS","Disturbed Sample", IF(E29="UDS","Undisturbed Sample", IF(E29="BS","Bulk Sample", IF(E29="CS","Composite Sample","")))) -> Disturbed Sample | E29: DS | F29: BH-03-R | G29: SPT 01 | H29: =IF(OR($H$12="",$H$11="",E29="",B29=""),"",RIGHT($H$12,2)&"-"&TEXT($H$11,"000")&"-"&E29&"-"&TEXT(B29,"000")) -> 26-001-DS-002 | I29: =IF(AND(J29=0,K29=0), "-", TEXT(J29,"0.00")&" - "&TEXT(K29,"0.00")&" m") -> 1.50 - 1.95 m | J29: 1.5 | K29: 1.95 | M29: 1 | N29: 1 | O29: 1 | AD29: 1 | AL29: =IF(OR(M29=1,N29=1,O29=1,P29=1,Q29=1,R29=1,AI29=1),MAX($AL$27:AL28)+1,"") -> 2 | AM29: =IF(OR(W29=1,X29=1,Y29=1,Z29=1,AA29=1,AB29=1,AC29=1,AD29=1,AE29=1,AF29=1),MAX($AM$27:AM28)+1,"") -> 2 | AN29: =IF(OR(V29=1,AJ29=1),MAX($AN$26:AN27)+1,"") | AO29: =IF(OR(S29=1,T29=1,AG29=1,AH29=1),MAX($AO$27:AO28)+1,"") | AQ29: =IF(SUM(M29,N29,O29,P29,Q29,R29,AI29)>0,1,0) -> 1 | AR29: =IF(SUM(W29,X29,Y29,Z29,AA29,AB29,AC29,AD29,AE29,AF29)>0,1,0) -> 1 | AS29: =IF(SUM(U29,V29,AJ29)>0,1,0) -> 0 | AT29: =IF(SUM(S29,T29,AG29,AH29)>0,1,0) -> 0 | AX29: =IF(COUNTIF(M29:AJ29,1)>0,H29,"") -> 26-001-DS-002 | BA29: =IF(OR(E29="CS",J29="",K29="",AND(J29=0,K29=0)),"",ROUND((J29+K29)/2,2)) -> 1.73 | BC29: =IF(OR(E29="CS",J29="",K29="",AND(J29=0,K29=0)),"",I29) -> 1.50 - 1.95 m | BF29: =IF(COUNTIF(M29:AJ29,1)>0,C29,"") -> BH-03-R-SPT 01 | BS29: 2 | BT29: Analisi Ayakan | BU29: 3423:2008
A30: BS | B30: =B29+1 -> 3 | C30: =CONCATENATE(F30,"-",G30) -> BH-07-R-SPT-01 | D30: =IF(E30="DS","Disturbed Sample", IF(E30="UDS","Undisturbed Sample", IF(E30="BS","Bulk Sample", IF(E30="CS","Composite Sample","")))) -> Disturbed Sample | E30: DS | F30: BH-07-R | G30: SPT-01 | H30: =IF(OR($H$12="",$H$11="",E30="",B30=""),"",RIGHT($H$12,2)&"-"&TEXT($H$11,"000")&"-"&E30&"-"&TEXT(B30,"000")) -> 26-001-DS-003 | I30: =IF(AND(J30=0,K30=0), "-", TEXT(J30,"0.00")&" - "&TEXT(K30,"0.00")&" m") -> 1.50 - 1.95 m | J30: 1.5 | K30: 1.95 | M30: 1 | N30: 1 | O30: 1 | AD30: 1 | AL30: =IF(OR(M30=1,N30=1,O30=1,P30=1,Q30=1,R30=1,AI30=1),MAX($AL$27:AL29)+1,"") -> 3 | AM30: =IF(OR(W30=1,X30=1,Y30=1,Z30=1,AA30=1,AB30=1,AC30=1,AD30=1,AE30=1,AF30=1),MAX($AM$27:AM29)+1,"") -> 3 | AN30: =IF(OR(V30=1,AJ30=1),MAX($AN$26:AN28)+1,"") | AO30: =IF(OR(S30=1,T30=1,AG30=1,AH30=1),MAX($AO$27:AO29)+1,"") | AQ30: =IF(SUM(M30,N30,O30,P30,Q30,R30,AI30)>0,1,0) -> 1 | AR30: =IF(SUM(W30,X30,Y30,Z30,AA30,AB30,AC30,AD30,AE30,AF30)>0,1,0) -> 1 | AS30: =IF(SUM(U30,V30,AJ30)>0,1,0) -> 0 | AT30: =IF(SUM(S30,T30,AG30,AH30)>0,1,0) -> 0 | AX30: =IF(COUNTIF(M30:AJ30,1)>0,H30,"") -> 26-001-DS-003 | BA30: =IF(OR(E30="CS",J30="",K30="",AND(J30=0,K30=0)),"",ROUND((J30+K30)/2,2)) -> 1.73 | BC30: =IF(OR(E30="CS",J30="",K30="",AND(J30=0,K30=0)),"",I30) -> 1.50 - 1.95 m | BF30: =IF(COUNTIF(M30:AJ30,1)>0,C30,"") -> BH-07-R-SPT-01 | BS30: 3 | BT30: Hidrometer | BU30: 3423:2008
A31: CS | B31: =B30+1 -> 4 | C31: =CONCATENATE(F31,"-",G31) -> BH-07-R-SPT 03 | D31: =IF(E31="DS","Disturbed Sample", IF(E31="UDS","Undisturbed Sample", IF(E31="BS","Bulk Sample", IF(E31="CS","Composite Sample","")))) -> Disturbed Sample | E31: DS | F31: BH-07-R | G31: SPT 03 | H31: =IF(OR($H$12="",$H$11="",E31="",B31=""),"",RIGHT($H$12,2)&"-"&TEXT($H$11,"000")&"-"&E31&"-"&TEXT(B31,"000")) -> 26-001-DS-004 | I31: =IF(AND(J31=0,K31=0), "-", TEXT(J31,"0.00")&" - "&TEXT(K31,"0.00")&" m") -> 4.50 - 4.95 m | J31: 4.5 | K31: 4.95 | M31: 1 | N31: 1 | O31: 1 | AD31: 1 | AL31: =IF(OR(M31=1,N31=1,O31=1,P31=1,Q31=1,R31=1,AI31=1),MAX($AL$27:AL30)+1,"") -> 4 | AM31: =IF(OR(W31=1,X31=1,Y31=1,Z31=1,AA31=1,AB31=1,AC31=1,AD31=1,AE31=1,AF31=1),MAX($AM$27:AM30)+1,"") -> 4 | AN31: =IF(OR(V31=1,AJ31=1),MAX($AN$26:AN29)+1,"") | AO31: =IF(OR(S31=1,T31=1,AG31=1,AH31=1),MAX($AO$27:AO30)+1,"") | AQ31: =IF(SUM(M31,N31,O31,P31,Q31,R31,AI31)>0,1,0) -> 1 | AR31: =IF(SUM(W31,X31,Y31,Z31,AA31,AB31,AC31,AD31,AE31,AF31)>0,1,0) -> 1 | AS31: =IF(SUM(U31,V31,AJ31)>0,1,0) -> 0 | AT31: =IF(SUM(S31,T31,AG31,AH31)>0,1,0) -> 0 | AX31: =IF(COUNTIF(M31:AJ31,1)>0,H31,"") -> 26-001-DS-004 | BA31: =IF(OR(E31="CS",J31="",K31="",AND(J31=0,K31=0)),"",ROUND((J31+K31)/2,2)) -> 4.73 | BC31: =IF(OR(E31="CS",J31="",K31="",AND(J31=0,K31=0)),"",I31) -> 4.50 - 4.95 m | BF31: =IF(COUNTIF(M31:AJ31,1)>0,C31,"") -> BH-07-R-SPT 03 | BS31: 4 | BT31: Spesific gravity/Uji berat Jenis | BU31: 1964:2008
B32: =B31+1 -> 5 | C32: =CONCATENATE(F32,"-",G32) -> BH-06-R2-SPT 01 | D32: =IF(E32="DS","Disturbed Sample", IF(E32="UDS","Undisturbed Sample", IF(E32="BS","Bulk Sample", IF(E32="CS","Composite Sample","")))) -> Disturbed Sample | E32: DS | F32: BH-06-R2 | G32: SPT 01 | H32: =IF(OR($H$12="",$H$11="",E32="",B32=""),"",RIGHT($H$12,2)&"-"&TEXT($H$11,"000")&"-"&E32&"-"&TEXT(B32,"000")) -> 26-001-DS-005 | I32: =IF(AND(J32=0,K32=0), "-", TEXT(J32,"0.00")&" - "&TEXT(K32,"0.00")&" m") -> 1.50 - 1.95 m | J32: 1.5 | K32: 1.95 | M32: 1 | N32: 1 | O32: 1 | AD32: 1 | AL32: =IF(OR(M32=1,N32=1,O32=1,P32=1,Q32=1,R32=1,AI32=1),MAX($AL$27:AL31)+1,"") -> 5 | AM32: =IF(OR(W32=1,X32=1,Y32=1,Z32=1,AA32=1,AB32=1,AC32=1,AD32=1,AE32=1,AF32=1),MAX($AM$27:AM31)+1,"") -> 5 | AN32: =IF(OR(V32=1,AJ32=1),MAX($AN$26:AN30)+1,"") | AO32: =IF(OR(S32=1,T32=1,AG32=1,AH32=1),MAX($AO$27:AO31)+1,"") | AQ32: =IF(SUM(M32,N32,O32,P32,Q32,R32,AI32)>0,1,0) -> 1 | AR32: =IF(SUM(W32,X32,Y32,Z32,AA32,AB32,AC32,AD32,AE32,AF32)>0,1,0) -> 1 | AS32: =IF(SUM(U32,V32,AJ32)>0,1,0) -> 0 | AT32: =IF(SUM(S32,T32,AG32,AH32)>0,1,0) -> 0 | AX32: =IF(COUNTIF(M32:AJ32,1)>0,H32,"") -> 26-001-DS-005 | BA32: =IF(OR(E32="CS",J32="",K32="",AND(J32=0,K32=0)),"",ROUND((J32+K32)/2,2)) -> 1.73 | BC32: =IF(OR(E32="CS",J32="",K32="",AND(J32=0,K32=0)),"",I32) -> 1.50 - 1.95 m | BF32: =IF(COUNTIF(M32:AJ32,1)>0,C32,"") -> BH-06-R2-SPT 01 | BS32: 5 | BT32: Moisture Content/Uji kadar air | BU32: 1965:2008
B33: =B32+1 -> 6 | C33: =CONCATENATE(F33,"-",G33) -> BH-06-R2-SPT 03 | D33: =IF(E33="DS","Disturbed Sample", IF(E33="UDS","Undisturbed Sample", IF(E33="BS","Bulk Sample", IF(E33="CS","Composite Sample","")))) -> Disturbed Sample | E33: DS | F33: BH-06-R2 | G33: SPT 03 | H33: =IF(OR($H$12="",$H$11="",E33="",B33=""),"",RIGHT($H$12,2)&"-"&TEXT($H$11,"000")&"-"&E33&"-"&TEXT(B33,"000")) -> 26-001-DS-006 | I33: =IF(AND(J33=0,K33=0), "-", TEXT(J33,"0.00")&" - "&TEXT(K33,"0.00")&" m") -> 4.50 - 4.95 m | J33: 4.5 | K33: 4.95 | M33: 1 | N33: 1 | O33: 1 | P33: 1 | Q33: 1 | R33: 1 | V33: 1 | AD33: 1 | AL33: =IF(OR(M33=1,N33=1,O33=1,P33=1,Q33=1,R33=1,AI33=1),MAX($AL$27:AL32)+1,"") -> 6 | AM33: =IF(OR(W33=1,X33=1,Y33=1,Z33=1,AA33=1,AB33=1,AC33=1,AD33=1,AE33=1,AF33=1),MAX($AM$27:AM32)+1,"") -> 6 | AN33: =IF(OR(V33=1,AJ33=1),MAX($AN$26:AN31)+1,"") -> 1 | AO33: =IF(OR(S33=1,T33=1,AG33=1,AH33=1),MAX($AO$27:AO32)+1,"") | AQ33: =IF(SUM(M33,N33,O33,P33,Q33,R33,AI33)>0,1,0) -> 1 | AR33: =IF(SUM(W33,X33,Y33,Z33,AA33,AB33,AC33,AD33,AE33,AF33)>0,1,0) -> 1 | AS33: =IF(SUM(U33,V33,AJ33)>0,1,0) -> 1 | AT33: =IF(SUM(S33,T33,AG33,AH33)>0,1,0) -> 0 | AX33: =IF(COUNTIF(M33:AJ33,1)>0,H33,"") -> 26-001-DS-006 | BA33: =IF(OR(E33="CS",J33="",K33="",AND(J33=0,K33=0)),"",ROUND((J33+K33)/2,2)) -> 4.73 | BC33: =IF(OR(E33="CS",J33="",K33="",AND(J33=0,K33=0)),"",I33) -> 4.50 - 4.95 m | BF33: =IF(COUNTIF(M33:AJ33,1)>0,C33,"") -> BH-06-R2-SPT 03 | BS33: 6 | BT33: Atterberg Limit
B34: =B33+1 -> 7 | C34: =CONCATENATE(F34,"-",G34) -> BH-04R1-UDS 01 | D34: =IF(E34="DS","Disturbed Sample", IF(E34="UDS","Undisturbed Sample", IF(E34="BS","Bulk Sample", IF(E34="CS","Composite Sample","")))) -> Undisturbed Sample | E34: UDS | F34: BH-04R1 | G34: UDS 01 | H34: =IF(OR($H$12="",$H$11="",E34="",B34=""),"",RIGHT($H$12,2)&"-"&TEXT($H$11,"000")&"-"&E34&"-"&TEXT(B34,"000")) -> 26-001-UDS-007 | I34: =IF(AND(J34=0,K34=0), "-", TEXT(J34,"0.00")&" - "&TEXT(K34,"0.00")&" m") -> 10.00 - 10.15 m | J34: 10 | K34: 10.15 | M34: 1 | N34: 1 | O34: 1 | AD34: 1 | AL34: =IF(OR(M34=1,N34=1,O34=1,P34=1,Q34=1,R34=1,AI34=1),MAX($AL$27:AL33)+1,"") -> 7 | AM34: =IF(OR(W34=1,X34=1,Y34=1,Z34=1,AA34=1,AB34=1,AC34=1,AD34=1,AE34=1,AF34=1),MAX($AM$27:AM33)+1,"") -> 7 | AN34: =IF(OR(V34=1,AJ34=1),MAX($AN$26:AN32)+1,"") | AO34: =IF(OR(S34=1,T34=1,AG34=1,AH34=1),MAX($AO$27:AO33)+1,"") | AQ34: =IF(SUM(M34,N34,O34,P34,Q34,R34,AI34)>0,1,0) -> 1 | AR34: =IF(SUM(W34,X34,Y34,Z34,AA34,AB34,AC34,AD34,AE34,AF34)>0,1,0) -> 1 | AS34: =IF(SUM(U34,V34,AJ34)>0,1,0) -> 0 | AT34: =IF(SUM(S34,T34,AG34,AH34)>0,1,0) -> 0 | AX34: =IF(COUNTIF(M34:AJ34,1)>0,H34,"") -> 26-001-UDS-007 | BA34: =IF(OR(E34="CS",J34="",K34="",AND(J34=0,K34=0)),"",ROUND((J34+K34)/2,2)) -> 10.08 | BC34: =IF(OR(E34="CS",J34="",K34="",AND(J34=0,K34=0)),"",I34) -> 10.00 - 10.15 m | BF34: =IF(COUNTIF(M34:AJ34,1)>0,C34,"") -> BH-04R1-UDS 01 | BT34: - Uji Batas Plastis dan Indeks Plastisitas | BU34: 1966:2008
B35: =B34+1 -> 8 | C35: =CONCATENATE(F35,"-",G35) -> BH-05-R-UDS 01 | D35: =IF(E35="DS","Disturbed Sample", IF(E35="UDS","Undisturbed Sample", IF(E35="BS","Bulk Sample", IF(E35="CS","Composite Sample","")))) -> Undisturbed Sample | E35: UDS | F35: BH-05-R | G35: UDS 01 | H35: =IF(OR($H$12="",$H$11="",E35="",B35=""),"",RIGHT($H$12,2)&"-"&TEXT($H$11,"000")&"-"&E35&"-"&TEXT(B35,"000")) -> 26-001-UDS-008 | I35: =IF(AND(J35=0,K35=0), "-", TEXT(J35,"0.00")&" - "&TEXT(K35,"0.00")&" m") -> 0.50 - 0.75 m | J35: 0.5 | K35: 0.75 | M35: 1 | N35: 1 | O35: 1 | R35: 1 | V35: 1 | AD35: 1 | AL35: =IF(OR(M35=1,N35=1,O35=1,P35=1,Q35=1,R35=1,AI35=1),MAX($AL$27:AL34)+1,"") -> 8 | AM35: =IF(OR(W35=1,X35=1,Y35=1,Z35=1,AA35=1,AB35=1,AC35=1,AD35=1,AE35=1,AF35=1),MAX($AM$27:AM34)+1,"") -> 8 | AN35: =IF(OR(V35=1,AJ35=1),MAX($AN$26:AN33)+1,"") -> 2 | AO35: =IF(OR(S35=1,T35=1,AG35=1,AH35=1),MAX($AO$27:AO34)+1,"") | AQ35: =IF(SUM(M35,N35,O35,P35,Q35,R35,AI35)>0,1,0) -> 1 | AR35: =IF(SUM(W35,X35,Y35,Z35,AA35,AB35,AC35,AD35,AE35,AF35)>0,1,0) -> 1 | AS35: =IF(SUM(U35,V35,AJ35)>0,1,0) -> 1 | AT35: =IF(SUM(S35,T35,AG35,AH35)>0,1,0) -> 0 | AX35: =IF(COUNTIF(M35:AJ35,1)>0,H35,"") -> 26-001-UDS-008 | BA35: =IF(OR(E35="CS",J35="",K35="",AND(J35=0,K35=0)),"",ROUND((J35+K35)/2,2)) -> 0.63 | BC35: =IF(OR(E35="CS",J35="",K35="",AND(J35=0,K35=0)),"",I35) -> 0.50 - 0.75 m | BF35: =IF(COUNTIF(M35:AJ35,1)>0,C35,"") -> BH-05-R-UDS 01 | BT35: - Uji Batas Batas Cair | BU35: 1967:2008
B36: =B35+1 -> 9 | C36: =CONCATENATE(F36,"-",G36) -> BH-03-R-UDS 01 | D36: =IF(E36="DS","Disturbed Sample", IF(E36="UDS","Undisturbed Sample", IF(E36="BS","Bulk Sample", IF(E36="CS","Composite Sample","")))) -> Undisturbed Sample | E36: UDS | F36: BH-03-R | G36: UDS 01 | H36: =IF(OR($H$12="",$H$11="",E36="",B36=""),"",RIGHT($H$12,2)&"-"&TEXT($H$11,"000")&"-"&E36&"-"&TEXT(B36,"000")) -> 26-001-UDS-009 | I36: =IF(AND(J36=0,K36=0), "-", TEXT(J36,"0.00")&" - "&TEXT(K36,"0.00")&" m") -> 4.00 - 4.34 m | J36: 4 | K36: 4.34 | M36: 1 | N36: 1 | O36: 1 | AD36: 1 | AL36: =IF(OR(M36=1,N36=1,O36=1,P36=1,Q36=1,R36=1,AI36=1),MAX($AL$27:AL35)+1,"") -> 9 | AM36: =IF(OR(W36=1,X36=1,Y36=1,Z36=1,AA36=1,AB36=1,AC36=1,AD36=1,AE36=1,AF36=1),MAX($AM$27:AM35)+1,"") -> 9 | AN36: =IF(OR(V36=1,AJ36=1),MAX($AN$26:AN34)+1,"") | AO36: =IF(OR(S36=1,T36=1,AG36=1,AH36=1),MAX($AO$27:AO35)+1,"") | AQ36: =IF(SUM(M36,N36,O36,P36,Q36,R36,AI36)>0,1,0) -> 1 | AR36: =IF(SUM(W36,X36,Y36,Z36,AA36,AB36,AC36,AD36,AE36,AF36)>0,1,0) -> 1 | AS36: =IF(SUM(U36,V36,AJ36)>0,1,0) -> 0 | AT36: =IF(SUM(S36,T36,AG36,AH36)>0,1,0) -> 0 | AX36: =IF(COUNTIF(M36:AJ36,1)>0,H36,"") -> 26-001-UDS-009 | BA36: =IF(OR(E36="CS",J36="",K36="",AND(J36=0,K36=0)),"",ROUND((J36+K36)/2,2)) -> 4.17 | BC36: =IF(OR(E36="CS",J36="",K36="",AND(J36=0,K36=0)),"",I36) -> 4.00 - 4.34 m | BF36: =IF(COUNTIF(M36:AJ36,1)>0,C36,"") -> BH-03-R-UDS 01 | BS36: 7 | BT36: Unit Weight/Uji berat isi tanah | BU36: 03-3637-1994
B37: =B36+1 -> 10 | C37: =CONCATENATE(F37,"-",G37) -> BH-03-R-UDS 04 | D37: =IF(E37="DS","Disturbed Sample", IF(E37="UDS","Undisturbed Sample", IF(E37="BS","Bulk Sample", IF(E37="CS","Composite Sample","")))) -> Undisturbed Sample | E37: UDS | F37: BH-03-R | G37: UDS 04 | H37: =IF(OR($H$12="",$H$11="",E37="",B37=""),"",RIGHT($H$12,2)&"-"&TEXT($H$11,"000")&"-"&E37&"-"&TEXT(B37,"000")) -> 26-001-UDS-010 | I37: =IF(AND(J37=0,K37=0), "-", TEXT(J37,"0.00")&" - "&TEXT(K37,"0.00")&" m") -> 8.50 - 9.00 m | J37: 8.5 | K37: 9 | M37: 1 | N37: 1 | O37: 1 | AD37: 1 | AL37: =IF(OR(M37=1,N37=1,O37=1,P37=1,Q37=1,R37=1,AI37=1),MAX($AL$27:AL36)+1,"") -> 10 | AM37: =IF(OR(W37=1,X37=1,Y37=1,Z37=1,AA37=1,AB37=1,AC37=1,AD37=1,AE37=1,AF37=1),MAX($AM$27:AM36)+1,"") -> 10 | AN37: =IF(OR(V37=1,AJ37=1),MAX($AN$26:AN35)+1,"") | AO37: =IF(OR(S37=1,T37=1,AG37=1,AH37=1),MAX($AO$27:AO36)+1,"") | AQ37: =IF(SUM(M37,N37,O37,P37,Q37,R37,AI37)>0,1,0) -> 1 | AR37: =IF(SUM(W37,X37,Y37,Z37,AA37,AB37,AC37,AD37,AE37,AF37)>0,1,0) -> 1 | AS37: =IF(SUM(U37,V37,AJ37)>0,1,0) -> 0 | AT37: =IF(SUM(S37,T37,AG37,AH37)>0,1,0) -> 0 | AX37: =IF(COUNTIF(M37:AJ37,1)>0,H37,"") -> 26-001-UDS-010 | BA37: =IF(OR(E37="CS",J37="",K37="",AND(J37=0,K37=0)),"",ROUND((J37+K37)/2,2)) -> 8.75 | BC37: =IF(OR(E37="CS",J37="",K37="",AND(J37=0,K37=0)),"",I37) -> 8.50 - 9.00 m | BF37: =IF(COUNTIF(M37:AJ37,1)>0,C37,"") -> BH-03-R-UDS 04 | BS37: 8 | BT37: Uji Triaxial
B38: =B37+1 -> 11 | C38: =CONCATENATE(F38,"-",G38) -> BH-07-R-UDS 01 | D38: =IF(E38="DS","Disturbed Sample", IF(E38="UDS","Undisturbed Sample", IF(E38="BS","Bulk Sample", IF(E38="CS","Composite Sample","")))) -> Undisturbed Sample | E38: UDS | F38: BH-07-R | G38: UDS 01 | H38: =IF(OR($H$12="",$H$11="",E38="",B38=""),"",RIGHT($H$12,2)&"-"&TEXT($H$11,"000")&"-"&E38&"-"&TEXT(B38,"000")) -> 26-001-UDS-011 | I38: =IF(AND(J38=0,K38=0), "-", TEXT(J38,"0.00")&" - "&TEXT(K38,"0.00")&" m") -> 1.00 - 1.50 m | J38: 1 | K38: 1.5 | M38: 1 | N38: 1 | O38: 1 | AD38: 1 | AL38: =IF(OR(M38=1,N38=1,O38=1,P38=1,Q38=1,R38=1,AI38=1),MAX($AL$27:AL37)+1,"") -> 11 | AM38: =IF(OR(W38=1,X38=1,Y38=1,Z38=1,AA38=1,AB38=1,AC38=1,AD38=1,AE38=1,AF38=1),MAX($AM$27:AM37)+1,"") -> 11 | AN38: =IF(OR(V38=1,AJ38=1),MAX($AN$26:AN36)+1,"") | AO38: =IF(OR(S38=1,T38=1,AG38=1,AH38=1),MAX($AO$27:AO37)+1,"") | AQ38: =IF(SUM(M38,N38,O38,P38,Q38,R38,AI38)>0,1,0) -> 1 | AR38: =IF(SUM(W38,X38,Y38,Z38,AA38,AB38,AC38,AD38,AE38,AF38)>0,1,0) -> 1 | AS38: =IF(SUM(U38,V38,AJ38)>0,1,0) -> 0 | AT38: =IF(SUM(S38,T38,AG38,AH38)>0,1,0) -> 0 | AX38: =IF(COUNTIF(M38:AJ38,1)>0,H38,"") -> 26-001-UDS-011 | BA38: =IF(OR(E38="CS",J38="",K38="",AND(J38=0,K38=0)),"",ROUND((J38+K38)/2,2)) -> 1.25 | BC38: =IF(OR(E38="CS",J38="",K38="",AND(J38=0,K38=0)),"",I38) -> 1.00 - 1.50 m | BF38: =IF(COUNTIF(M38:AJ38,1)>0,C38,"") -> BH-07-R-UDS 01 | BT38: - Triaxial UU | BU38: 4813:2015
B39: =B38+1 -> 12 | C39: =CONCATENATE(F39,"-",G39) -> BH-06-R2-UDS 01 | D39: =IF(E39="DS","Disturbed Sample", IF(E39="UDS","Undisturbed Sample", IF(E39="BS","Bulk Sample", IF(E39="CS","Composite Sample","")))) -> Undisturbed Sample | E39: UDS | F39: BH-06-R2 | G39: UDS 01 | H39: =IF(OR($H$12="",$H$11="",E39="",B39=""),"",RIGHT($H$12,2)&"-"&TEXT($H$11,"000")&"-"&E39&"-"&TEXT(B39,"000")) -> 26-001-UDS-012 | I39: =IF(AND(J39=0,K39=0), "-", TEXT(J39,"0.00")&" - "&TEXT(K39,"0.00")&" m") -> 2.50 - 3.00 m | J39: 2.5 | K39: 3 | M39: 1 | N39: 1 | O39: 1 | P39: 1 | R39: 1 | V39: 1 | AD39: 1 | AL39: =IF(OR(M39=1,N39=1,O39=1,P39=1,Q39=1,R39=1,AI39=1),MAX($AL$27:AL38)+1,"") -> 12 | AM39: =IF(OR(W39=1,X39=1,Y39=1,Z39=1,AA39=1,AB39=1,AC39=1,AD39=1,AE39=1,AF39=1),MAX($AM$27:AM38)+1,"") -> 12 | AN39: =IF(OR(V39=1,AJ39=1),MAX($AN$26:AN37)+1,"") -> 3 | AO39: =IF(OR(S39=1,T39=1,AG39=1,AH39=1),MAX($AO$27:AO38)+1,"") | AQ39: =IF(SUM(M39,N39,O39,P39,Q39,R39,AI39)>0,1,0) -> 1 | AR39: =IF(SUM(W39,X39,Y39,Z39,AA39,AB39,AC39,AD39,AE39,AF39)>0,1,0) -> 1 | AS39: =IF(SUM(U39,V39,AJ39)>0,1,0) -> 1 | AT39: =IF(SUM(S39,T39,AG39,AH39)>0,1,0) -> 0 | AX39: =IF(COUNTIF(M39:AJ39,1)>0,H39,"") -> 26-001-UDS-012 | BA39: =IF(OR(E39="CS",J39="",K39="",AND(J39=0,K39=0)),"",ROUND((J39+K39)/2,2)) -> 2.75 | BC39: =IF(OR(E39="CS",J39="",K39="",AND(J39=0,K39=0)),"",I39) -> 2.50 - 3.00 m | BF39: =IF(COUNTIF(M39:AJ39,1)>0,C39,"") -> BH-06-R2-UDS 01 | BT39: - Triaxial CU | BU39: 2455 : 2015
B40: =B39+1 -> 13 | C40: =CONCATENATE(F40,"-",G40) -> BH-06-R2-UDS 02 | D40: =IF(E40="DS","Disturbed Sample", IF(E40="UDS","Undisturbed Sample", IF(E40="BS","Bulk Sample", IF(E40="CS","Composite Sample","")))) -> Undisturbed Sample | E40: UDS | F40: BH-06-R2 | G40: UDS 02 | H40: =IF(OR($H$12="",$H$11="",E40="",B40=""),"",RIGHT($H$12,2)&"-"&TEXT($H$11,"000")&"-"&E40&"-"&TEXT(B40,"000")) -> 26-001-UDS-013 | I40: =IF(AND(J40=0,K40=0), "-", TEXT(J40,"0.00")&" - "&TEXT(K40,"0.00")&" m") -> 4.00 - 4.50 m | J40: 4 | K40: 4.5 | M40: 1 | N40: 1 | O40: 1 | AD40: 1 | AL40: =IF(OR(M40=1,N40=1,O40=1,P40=1,Q40=1,R40=1,AI40=1),MAX($AL$27:AL39)+1,"") -> 13 | AM40: =IF(OR(W40=1,X40=1,Y40=1,Z40=1,AA40=1,AB40=1,AC40=1,AD40=1,AE40=1,AF40=1),MAX($AM$27:AM39)+1,"") -> 13 | AN40: =IF(OR(V40=1,AJ40=1),MAX($AN$26:AN38)+1,"") | AO40: =IF(OR(S40=1,T40=1,AG40=1,AH40=1),MAX($AO$27:AO39)+1,"") | AQ40: =IF(SUM(M40,N40,O40,P40,Q40,R40,AI40)>0,1,0) -> 1 | AR40: =IF(SUM(W40,X40,Y40,Z40,AA40,AB40,AC40,AD40,AE40,AF40)>0,1,0) -> 1 | AS40: =IF(SUM(U40,V40,AJ40)>0,1,0) -> 0 | AT40: =IF(SUM(S40,T40,AG40,AH40)>0,1,0) -> 0 | AX40: =IF(COUNTIF(M40:AJ40,1)>0,H40,"") -> 26-001-UDS-013 | BA40: =IF(OR(E40="CS",J40="",K40="",AND(J40=0,K40=0)),"",ROUND((J40+K40)/2,2)) -> 4.25 | BC40: =IF(OR(E40="CS",J40="",K40="",AND(J40=0,K40=0)),"",I40) -> 4.00 - 4.50 m | BF40: =IF(COUNTIF(M40:AJ40,1)>0,C40,"") -> BH-06-R2-UDS 02 | BT40: - Triaxial CD | BU40: 2455 : 2015
B41: =B40+1 -> 14 | C41: =CONCATENATE(F41,"-",G41) -> BH-04R1-DS 01 | D41: =IF(E41="DS","Disturbed Sample", IF(E41="UDS","Undisturbed Sample", IF(E41="BS","Bulk Sample", IF(E41="CS","Composite Sample","")))) -> Disturbed Sample | E41: DS | F41: BH-04R1 | G41: DS 01 | H41: =IF(OR($H$12="",$H$11="",E41="",B41=""),"",RIGHT($H$12,2)&"-"&TEXT($H$11,"000")&"-"&E41&"-"&TEXT(B41,"000")) -> 26-001-DS-014 | I41: =IF(AND(J41=0,K41=0), "-", TEXT(J41,"0.00")&" - "&TEXT(K41,"0.00")&" m") -> 19.95 - 20.30 m | J41: 19.95 | K41: 20.3 | M41: 1 | N41: 1 | O41: 1 | AD41: 1 | AL41: =IF(OR(M41=1,N41=1,O41=1,P41=1,Q41=1,R41=1,AI41=1),MAX($AL$27:AL40)+1,"") -> 14 | AM41: =IF(OR(W41=1,X41=1,Y41=1,Z41=1,AA41=1,AB41=1,AC41=1,AD41=1,AE41=1,AF41=1),MAX($AM$27:AM40)+1,"") -> 14 | AN41: =IF(OR(V41=1,AJ41=1),MAX($AN$26:AN39)+1,"") | AO41: =IF(OR(S41=1,T41=1,AG41=1,AH41=1),MAX($AO$27:AO40)+1,"") | AQ41: =IF(SUM(M41,N41,O41,P41,Q41,R41,AI41)>0,1,0) -> 1 | AR41: =IF(SUM(W41,X41,Y41,Z41,AA41,AB41,AC41,AD41,AE41,AF41)>0,1,0) -> 1 | AS41: =IF(SUM(U41,V41,AJ41)>0,1,0) -> 0 | AT41: =IF(SUM(S41,T41,AG41,AH41)>0,1,0) -> 0 | AX41: =IF(COUNTIF(M41:AJ41,1)>0,H41,"") -> 26-001-DS-014 | BA41: =IF(OR(E41="CS",J41="",K41="",AND(J41=0,K41=0)),"",ROUND((J41+K41)/2,2)) -> 20.13 | BC41: =IF(OR(E41="CS",J41="",K41="",AND(J41=0,K41=0)),"",I41) -> 19.95 - 20.30 m | BF41: =IF(COUNTIF(M41:AJ41,1)>0,C41,"") -> BH-04R1-DS 01 | BS41: 9 | BT41: Unconfined CompressionTest (UCS)/Uji Kuat Tekan Bebas | BU41: 3638:2012
B42: =B41+1 -> 15 | C42: =CONCATENATE(F42,"-",G42) -> BH-04R1-DS 04 | D42: =IF(E42="DS","Disturbed Sample", IF(E42="UDS","Undisturbed Sample", IF(E42="BS","Bulk Sample", IF(E42="CS","Composite Sample","")))) -> Disturbed Sample | E42: DS | F42: BH-04R1 | G42: DS 04 | H42: =IF(OR($H$12="",$H$11="",E42="",B42=""),"",RIGHT($H$12,2)&"-"&TEXT($H$11,"000")&"-"&E42&"-"&TEXT(B42,"000")) -> 26-001-DS-015 | I42: =IF(AND(J42=0,K42=0), "-", TEXT(J42,"0.00")&" - "&TEXT(K42,"0.00")&" m") -> 25.23 - 25.43 m | J42: 25.23 | K42: 25.43 | M42: 1 | N42: 1 | O42: 1 | W42: 1 | AD42: 1 | AL42: =IF(OR(M42=1,N42=1,O42=1,P42=1,Q42=1,R42=1,AI42=1),MAX($AL$27:AL41)+1,"") -> 15 | AM42: =IF(OR(W42=1,X42=1,Y42=1,Z42=1,AA42=1,AB42=1,AC42=1,AD42=1,AE42=1,AF42=1),MAX($AM$27:AM41)+1,"") -> 15 | AN42: =IF(OR(V42=1,AJ42=1),MAX($AN$26:AN40)+1,"") | AO42: =IF(OR(S42=1,T42=1,AG42=1,AH42=1),MAX($AO$27:AO41)+1,"") | AQ42: =IF(SUM(M42,N42,O42,P42,Q42,R42,AI42)>0,1,0) -> 1 | AR42: =IF(SUM(W42,X42,Y42,Z42,AA42,AB42,AC42,AD42,AE42,AF42)>0,1,0) -> 1 | AS42: =IF(SUM(U42,V42,AJ42)>0,1,0) -> 0 | AT42: =IF(SUM(S42,T42,AG42,AH42)>0,1,0) -> 0 | AX42: =IF(COUNTIF(M42:AJ42,1)>0,H42,"") -> 26-001-DS-015 | BA42: =IF(OR(E42="CS",J42="",K42="",AND(J42=0,K42=0)),"",ROUND((J42+K42)/2,2)) -> 25.33 | BC42: =IF(OR(E42="CS",J42="",K42="",AND(J42=0,K42=0)),"",I42) -> 25.23 - 25.43 m | BF42: =IF(COUNTIF(M42:AJ42,1)>0,C42,"") -> BH-04R1-DS 04 | BS42: 10 | BT42: Direct shear/Uji Kuat Geser Langsung
B43: =B42+1 -> 16 | C43: =CONCATENATE(F43,"-",G43) -> BH-05-R-DS 01 | D43: =IF(E43="DS","Disturbed Sample", IF(E43="UDS","Undisturbed Sample", IF(E43="BS","Bulk Sample", IF(E43="CS","Composite Sample","")))) -> Disturbed Sample | E43: DS | F43: BH-05-R | G43: DS 01 | H43: =IF(OR($H$12="",$H$11="",E43="",B43=""),"",RIGHT($H$12,2)&"-"&TEXT($H$11,"000")&"-"&E43&"-"&TEXT(B43,"000")) -> 26-001-DS-016 | I43: =IF(AND(J43=0,K43=0), "-", TEXT(J43,"0.00")&" - "&TEXT(K43,"0.00")&" m") -> 3.92 - 4.15 m | J43: 3.92 | K43: 4.15 | M43: 1 | N43: 1 | O43: 1 | P43: 1 | R43: 1 | W43: 1 | AD43: 1 | AL43: =IF(OR(M43=1,N43=1,O43=1,P43=1,Q43=1,R43=1,AI43=1),MAX($AL$27:AL42)+1,"") -> 16 | AM43: =IF(OR(W43=1,X43=1,Y43=1,Z43=1,AA43=1,AB43=1,AC43=1,AD43=1,AE43=1,AF43=1),MAX($AM$27:AM42)+1,"") -> 16 | AN43: =IF(OR(V43=1,AJ43=1),MAX($AN$26:AN41)+1,"") | AO43: =IF(OR(S43=1,T43=1,AG43=1,AH43=1),MAX($AO$27:AO42)+1,"") | AQ43: =IF(SUM(M43,N43,O43,P43,Q43,R43,AI43)>0,1,0) -> 1 | AR43: =IF(SUM(W43,X43,Y43,Z43,AA43,AB43,AC43,AD43,AE43,AF43)>0,1,0) -> 1 | AS43: =IF(SUM(U43,V43,AJ43)>0,1,0) -> 0 | AT43: =IF(SUM(S43,T43,AG43,AH43)>0,1,0) -> 0 | AX43: =IF(COUNTIF(M43:AJ43,1)>0,H43,"") -> 26-001-DS-016 | BA43: =IF(OR(E43="CS",J43="",K43="",AND(J43=0,K43=0)),"",ROUND((J43+K43)/2,2)) -> 4.04 | BC43: =IF(OR(E43="CS",J43="",K43="",AND(J43=0,K43=0)),"",I43) -> 3.92 - 4.15 m | BF43: =IF(COUNTIF(M43:AJ43,1)>0,C43,"") -> BH-05-R-DS 01 | BT43: Direct shear UU | BU43: 3420:2016
B44: =B43+1 -> 17 | C44: =CONCATENATE(F44,"-",G44) -> BH-03-R-DS 01 | D44: =IF(E44="DS","Disturbed Sample", IF(E44="UDS","Undisturbed Sample", IF(E44="BS","Bulk Sample", IF(E44="CS","Composite Sample","")))) -> Disturbed Sample | E44: DS | F44: BH-03-R | G44: DS 01 | H44: =IF(OR($H$12="",$H$11="",E44="",B44=""),"",RIGHT($H$12,2)&"-"&TEXT($H$11,"000")&"-"&E44&"-"&TEXT(B44,"000")) -> 26-001-DS-017 | I44: =IF(AND(J44=0,K44=0), "-", TEXT(J44,"0.00")&" - "&TEXT(K44,"0.00")&" m") -> 2.50 - 3.00 m | J44: 2.5 | K44: 3 | M44: 1 | N44: 1 | O44: 1 | P44: 1 | R44: 1 | W44: 1 | AL44: =IF(OR(M44=1,N44=1,O44=1,P44=1,Q44=1,R44=1,AI44=1),MAX($AL$27:AL43)+1,"") -> 17 | AM44: =IF(OR(W44=1,X44=1,Y44=1,Z44=1,AA44=1,AB44=1,AC44=1,AD44=1,AE44=1,AF44=1),MAX($AM$27:AM43)+1,"") -> 17 | AN44: =IF(OR(V44=1,AJ44=1),MAX($AN$26:AN42)+1,"") | AO44: =IF(OR(S44=1,T44=1,AG44=1,AH44=1),MAX($AO$27:AO43)+1,"") | AQ44: =IF(SUM(M44,N44,O44,P44,Q44,R44,AI44)>0,1,0) -> 1 | AR44: =IF(SUM(W44,X44,Y44,Z44,AA44,AB44,AC44,AD44,AE44,AF44)>0,1,0) -> 1 | AS44: =IF(SUM(U44,V44,AJ44)>0,1,0) -> 0 | AT44: =IF(SUM(S44,T44,AG44,AH44)>0,1,0) -> 0 | AX44: =IF(COUNTIF(M44:AJ44,1)>0,H44,"") -> 26-001-DS-017 | BA44: =IF(OR(E44="CS",J44="",K44="",AND(J44=0,K44=0)),"",ROUND((J44+K44)/2,2)) -> 2.75 | BC44: =IF(OR(E44="CS",J44="",K44="",AND(J44=0,K44=0)),"",I44) -> 2.50 - 3.00 m | BF44: =IF(COUNTIF(M44:AJ44,1)>0,C44,"") -> BH-03-R-DS 01 | BT44: Direct shear CU | BU44: 2813 : 2008
B45: =B44+1 -> 18 | C45: =CONCATENATE(F45,"-",G45) -> BH-03-R-DS 02 | D45: =IF(E45="DS","Disturbed Sample", IF(E45="UDS","Undisturbed Sample", IF(E45="BS","Bulk Sample", IF(E45="CS","Composite Sample","")))) -> Disturbed Sample | E45: DS | F45: BH-03-R | G45: DS 02 | H45: =IF(OR($H$12="",$H$11="",E45="",B45=""),"",RIGHT($H$12,2)&"-"&TEXT($H$11,"000")&"-"&E45&"-"&TEXT(B45,"000")) -> 26-001-DS-018 | I45: =IF(AND(J45=0,K45=0), "-", TEXT(J45,"0.00")&" - "&TEXT(K45,"0.00")&" m") -> 6.45 - 6.96 m | J45: 6.45 | K45: 6.96 | M45: 1 | N45: 1 | O45: 1 | P45: 1 | R45: 1 | AL45: =IF(OR(M45=1,N45=1,O45=1,P45=1,Q45=1,R45=1,AI45=1),MAX($AL$27:AL44)+1,"") -> 18 | AM45: =IF(OR(W45=1,X45=1,Y45=1,Z45=1,AA45=1,AB45=1,AC45=1,AD45=1,AE45=1,AF45=1),MAX($AM$27:AM44)+1,"") | AN45: =IF(OR(V45=1,AJ45=1),MAX($AN$26:AN43)+1,"") | AO45: =IF(OR(S45=1,T45=1,AG45=1,AH45=1),MAX($AO$27:AO44)+1,"") | AQ45: =IF(SUM(M45,N45,O45,P45,Q45,R45,AI45)>0,1,0) -> 1 | AR45: =IF(SUM(W45,X45,Y45,Z45,AA45,AB45,AC45,AD45,AE45,AF45)>0,1,0) -> 0 | AS45: =IF(SUM(U45,V45,AJ45)>0,1,0) -> 0 | AT45: =IF(SUM(S45,T45,AG45,AH45)>0,1,0) -> 0 | AX45: =IF(COUNTIF(M45:AJ45,1)>0,H45,"") -> 26-001-DS-018 | BA45: =IF(OR(E45="CS",J45="",K45="",AND(J45=0,K45=0)),"",ROUND((J45+K45)/2,2)) -> 6.71 | BC45: =IF(OR(E45="CS",J45="",K45="",AND(J45=0,K45=0)),"",I45) -> 6.45 - 6.96 m | BF45: =IF(COUNTIF(M45:AJ45,1)>0,C45,"") -> BH-03-R-DS 02 | BT45: Direct shear CD | BU45: 2813:2008
B46: =B45+1 -> 19 | C46: =CONCATENATE(F46,"-",G46) -> BH-07-R-DS 01 | D46: =IF(E46="DS","Disturbed Sample", IF(E46="UDS","Undisturbed Sample", IF(E46="BS","Bulk Sample", IF(E46="CS","Composite Sample","")))) -> Disturbed Sample | E46: DS | F46: BH-07-R | G46: DS 01 | H46: =IF(OR($H$12="",$H$11="",E46="",B46=""),"",RIGHT($H$12,2)&"-"&TEXT($H$11,"000")&"-"&E46&"-"&TEXT(B46,"000")) -> 26-001-DS-019 | I46: =IF(AND(J46=0,K46=0), "-", TEXT(J46,"0.00")&" - "&TEXT(K46,"0.00")&" m") -> 10.95 - 11.17 m | J46: 10.95 | K46: 11.17 | M46: 1 | N46: 1 | O46: 1 | P46: 1 | R46: 1 | W46: 1 | AL46: =IF(OR(M46=1,N46=1,O46=1,P46=1,Q46=1,R46=1,AI46=1),MAX($AL$27:AL45)+1,"") -> 19 | AM46: =IF(OR(W46=1,X46=1,Y46=1,Z46=1,AA46=1,AB46=1,AC46=1,AD46=1,AE46=1,AF46=1),MAX($AM$27:AM45)+1,"") -> 18 | AN46: =IF(OR(V46=1,AJ46=1),MAX($AN$26:AN44)+1,"") | AO46: =IF(OR(S46=1,T46=1,AG46=1,AH46=1),MAX($AO$27:AO45)+1,"") | AQ46: =IF(SUM(M46,N46,O46,P46,Q46,R46,AI46)>0,1,0) -> 1 | AR46: =IF(SUM(W46,X46,Y46,Z46,AA46,AB46,AC46,AD46,AE46,AF46)>0,1,0) -> 1 | AS46: =IF(SUM(U46,V46,AJ46)>0,1,0) -> 0 | AT46: =IF(SUM(S46,T46,AG46,AH46)>0,1,0) -> 0 | AX46: =IF(COUNTIF(M46:AJ46,1)>0,H46,"") -> 26-001-DS-019 | BA46: =IF(OR(E46="CS",J46="",K46="",AND(J46=0,K46=0)),"",ROUND((J46+K46)/2,2)) -> 11.06 | BC46: =IF(OR(E46="CS",J46="",K46="",AND(J46=0,K46=0)),"",I46) -> 10.95 - 11.17 m | BF46: =IF(COUNTIF(M46:AJ46,1)>0,C46,"") -> BH-07-R-DS 01 | BT46: Direct shear Residual | BU46: 2813:2008
B47: =B46+1 -> 20 | C47: =CONCATENATE(F47,"-",G47) -> BH-06-R2-DS 01 | D47: =IF(E47="DS","Disturbed Sample", IF(E47="UDS","Undisturbed Sample", IF(E47="BS","Bulk Sample", IF(E47="CS","Composite Sample","")))) -> Disturbed Sample | E47: DS | F47: BH-06-R2 | G47: DS 01 | H47: =IF(OR($H$12="",$H$11="",E47="",B47=""),"",RIGHT($H$12,2)&"-"&TEXT($H$11,"000")&"-"&E47&"-"&TEXT(B47,"000")) -> 26-001-DS-020 | I47: =IF(AND(J47=0,K47=0), "-", TEXT(J47,"0.00")&" - "&TEXT(K47,"0.00")&" m") -> 3.55 - 3.75 m | J47: 3.55 | K47: 3.75 | M47: 1 | N47: 1 | O47: 1 | P47: 1 | R47: 1 | AD47: 1 | AL47: =IF(OR(M47=1,N47=1,O47=1,P47=1,Q47=1,R47=1,AI47=1),MAX($AL$27:AL46)+1,"") -> 20 | AM47: =IF(OR(W47=1,X47=1,Y47=1,Z47=1,AA47=1,AB47=1,AC47=1,AD47=1,AE47=1,AF47=1),MAX($AM$27:AM46)+1,"") -> 19 | AN47: =IF(OR(V47=1,AJ47=1),MAX($AN$26:AN45)+1,"") | AO47: =IF(OR(S47=1,T47=1,AG47=1,AH47=1),MAX($AO$27:AO46)+1,"") | AQ47: =IF(SUM(M47,N47,O47,P47,Q47,R47,AI47)>0,1,0) -> 1 | AR47: =IF(SUM(W47,X47,Y47,Z47,AA47,AB47,AC47,AD47,AE47,AF47)>0,1,0) -> 1 | AS47: =IF(SUM(U47,V47,AJ47)>0,1,0) -> 0 | AT47: =IF(SUM(S47,T47,AG47,AH47)>0,1,0) -> 0 | AX47: =IF(COUNTIF(M47:AJ47,1)>0,H47,"") -> 26-001-DS-020 | BA47: =IF(OR(E47="CS",J47="",K47="",AND(J47=0,K47=0)),"",ROUND((J47+K47)/2,2)) -> 3.65 | BC47: =IF(OR(E47="CS",J47="",K47="",AND(J47=0,K47=0)),"",I47) -> 3.55 - 3.75 m | BF47: =IF(COUNTIF(M47:AJ47,1)>0,C47,"") -> BH-06-R2-DS 01 | BT47: Direct shear CD- Residual | BU47: 2813:2008
B48: =B47+1 -> 21 | C48: =CONCATENATE(F48,"-",G48) -> SPOT 01-01 | D48: =IF(E48="DS","Disturbed Sample", IF(E48="UDS","Undisturbed Sample", IF(E48="BS","Bulk Sample", IF(E48="CS","Composite Sample","")))) -> Bulk Sample | E48: BS | F48: SPOT 01 | G48: 01 | H48: =IF(OR($H$12="",$H$11="",E48="",B48=""),"",RIGHT($H$12,2)&"-"&TEXT($H$11,"000")&"-"&E48&"-"&TEXT(B48,"000")) -> 26-001-BS-021 | I48: =IF(AND(J48=0,K48=0), "-", TEXT(J48,"0.00")&" - "&TEXT(K48,"0.00")&" m") -> - | M48: 1 | N48: 1 | O48: 1 | S48: 1 | AD48: 1 | AL48: =IF(OR(M48=1,N48=1,O48=1,P48=1,Q48=1,R48=1,AI48=1),MAX($AL$27:AL47)+1,"") -> 21 | AM48: =IF(OR(W48=1,X48=1,Y48=1,Z48=1,AA48=1,AB48=1,AC48=1,AD48=1,AE48=1,AF48=1),MAX($AM$27:AM47)+1,"") -> 20 | AN48: =IF(OR(V48=1,AJ48=1),MAX($AN$26:AN46)+1,"") | AO48: =IF(OR(S48=1,T48=1,AG48=1,AH48=1),MAX($AO$27:AO47)+1,"") -> 1 | AQ48: =IF(SUM(M48,N48,O48,P48,Q48,R48,AI48)>0,1,0) -> 1 | AR48: =IF(SUM(W48,X48,Y48,Z48,AA48,AB48,AC48,AD48,AE48,AF48)>0,1,0) -> 1 | AS48: =IF(SUM(U48,V48,AJ48)>0,1,0) -> 0 | AT48: =IF(SUM(S48,T48,AG48,AH48)>0,1,0) -> 1 | AX48: =IF(COUNTIF(M48:AJ48,1)>0,H48,"") -> 26-001-BS-021 | BA48: =IF(OR(E48="CS",J48="",K48="",AND(J48=0,K48=0)),"",ROUND((J48+K48)/2,2)) | BC48: =IF(OR(E48="CS",J48="",K48="",AND(J48=0,K48=0)),"",I48) | BF48: =IF(COUNTIF(M48:AJ48,1)>0,C48,"") -> SPOT 01-01 | BS48: 11 | BT48: Consolidation Test/Uji Konsolidasi | BU48: 2812:2011
B49: =B48+1 -> 22 | C49: =CONCATENATE(F49,"-",G49) -> SPOT 02-01 | D49: =IF(E49="DS","Disturbed Sample", IF(E49="UDS","Undisturbed Sample", IF(E49="BS","Bulk Sample", IF(E49="CS","Composite Sample","")))) -> Bulk Sample | E49: BS | F49: SPOT 02 | G49: 01 | H49: =IF(OR($H$12="",$H$11="",E49="",B49=""),"",RIGHT($H$12,2)&"-"&TEXT($H$11,"000")&"-"&E49&"-"&TEXT(B49,"000")) -> 26-001-BS-022 | I49: =IF(AND(J49=0,K49=0), "-", TEXT(J49,"0.00")&" - "&TEXT(K49,"0.00")&" m") -> - | M49: 1 | N49: 1 | O49: 1 | S49: 1 | AD49: 1 | AL49: =IF(OR(M49=1,N49=1,O49=1,P49=1,Q49=1,R49=1,AI49=1),MAX($AL$27:AL48)+1,"") -> 22 | AM49: =IF(OR(W49=1,X49=1,Y49=1,Z49=1,AA49=1,AB49=1,AC49=1,AD49=1,AE49=1,AF49=1),MAX($AM$27:AM48)+1,"") -> 21 | AN49: =IF(OR(V49=1,AJ49=1),MAX($AN$26:AN47)+1,"") | AO49: =IF(OR(S49=1,T49=1,AG49=1,AH49=1),MAX($AO$27:AO48)+1,"") -> 2 | AQ49: =IF(SUM(M49,N49,O49,P49,Q49,R49,AI49)>0,1,0) -> 1 | AR49: =IF(SUM(W49,X49,Y49,Z49,AA49,AB49,AC49,AD49,AE49,AF49)>0,1,0) -> 1 | AS49: =IF(SUM(U49,V49,AJ49)>0,1,0) -> 0 | AT49: =IF(SUM(S49,T49,AG49,AH49)>0,1,0) -> 1 | AX49: =IF(COUNTIF(M49:AJ49,1)>0,H49,"") -> 26-001-BS-022 | BA49: =IF(OR(E49="CS",J49="",K49="",AND(J49=0,K49=0)),"",ROUND((J49+K49)/2,2)) | BC49: =IF(OR(E49="CS",J49="",K49="",AND(J49=0,K49=0)),"",I49) | BF49: =IF(COUNTIF(M49:AJ49,1)>0,C49,"") -> SPOT 02-01 | BS49: 12 | BT49: Compaction :
B50: =B49+1 -> 23 | C50: =CONCATENATE(F50,"-",G50) -> SPOT 03-01 | D50: =IF(E50="DS","Disturbed Sample", IF(E50="UDS","Undisturbed Sample", IF(E50="BS","Bulk Sample", IF(E50="CS","Composite Sample","")))) -> Bulk Sample | E50: BS | F50: SPOT 03 | G50: 01 | H50: =IF(OR($H$12="",$H$11="",E50="",B50=""),"",RIGHT($H$12,2)&"-"&TEXT($H$11,"000")&"-"&E50&"-"&TEXT(B50,"000")) -> 26-001-BS-023 | I50: =IF(AND(J50=0,K50=0), "-", TEXT(J50,"0.00")&" - "&TEXT(K50,"0.00")&" m") -> - | M50: 1 | N50: 1 | O50: 1 | S50: 1 | AD50: 1 | AL50: =IF(OR(M50=1,N50=1,O50=1,P50=1,Q50=1,R50=1,AI50=1),MAX($AL$27:AL49)+1,"") -> 23 | AM50: =IF(OR(W50=1,X50=1,Y50=1,Z50=1,AA50=1,AB50=1,AC50=1,AD50=1,AE50=1,AF50=1),MAX($AM$27:AM49)+1,"") -> 22 | AN50: =IF(OR(V50=1,AJ50=1),MAX($AN$26:AN48)+1,"") | AO50: =IF(OR(S50=1,T50=1,AG50=1,AH50=1),MAX($AO$27:AO49)+1,"") -> 3 | AQ50: =IF(SUM(M50,N50,O50,P50,Q50,R50,AI50)>0,1,0) -> 1 | AR50: =IF(SUM(W50,X50,Y50,Z50,AA50,AB50,AC50,AD50,AE50,AF50)>0,1,0) -> 1 | AS50: =IF(SUM(U50,V50,AJ50)>0,1,0) -> 0 | AT50: =IF(SUM(S50,T50,AG50,AH50)>0,1,0) -> 1 | AX50: =IF(COUNTIF(M50:AJ50,1)>0,H50,"") -> 26-001-BS-023 | BA50: =IF(OR(E50="CS",J50="",K50="",AND(J50=0,K50=0)),"",ROUND((J50+K50)/2,2)) | BC50: =IF(OR(E50="CS",J50="",K50="",AND(J50=0,K50=0)),"",I50) | BF50: =IF(COUNTIF(M50:AJ50,1)>0,C50,"") -> SPOT 03-01 | BT50: - Compaction Standard Proctor/Uji Kepadatan Ringan | BU50: 1742:2008
B51: =B50+1 -> 24 | C51: =CONCATENATE(F51,"-",G51) -> SPOT 04-01 | D51: =IF(E51="DS","Disturbed Sample", IF(E51="UDS","Undisturbed Sample", IF(E51="BS","Bulk Sample", IF(E51="CS","Composite Sample","")))) -> Bulk Sample | E51: BS | F51: SPOT 04 | G51: 01 | H51: =IF(OR($H$12="",$H$11="",E51="",B51=""),"",RIGHT($H$12,2)&"-"&TEXT($H$11,"000")&"-"&E51&"-"&TEXT(B51,"000")) -> 26-001-BS-024 | I51: =IF(AND(J51=0,K51=0), "-", TEXT(J51,"0.00")&" - "&TEXT(K51,"0.00")&" m") -> - | M51: 1 | N51: 1 | O51: 1 | S51: 1 | AD51: 1 | AL51: =IF(OR(M51=1,N51=1,O51=1,P51=1,Q51=1,R51=1,AI51=1),MAX($AL$27:AL50)+1,"") -> 24 | AM51: =IF(OR(W51=1,X51=1,Y51=1,Z51=1,AA51=1,AB51=1,AC51=1,AD51=1,AE51=1,AF51=1),MAX($AM$27:AM50)+1,"") -> 23 | AN51: =IF(OR(V51=1,AJ51=1),MAX($AN$26:AN49)+1,"") | AO51: =IF(OR(S51=1,T51=1,AG51=1,AH51=1),MAX($AO$27:AO50)+1,"") -> 4 | AQ51: =IF(SUM(M51,N51,O51,P51,Q51,R51,AI51)>0,1,0) -> 1 | AR51: =IF(SUM(W51,X51,Y51,Z51,AA51,AB51,AC51,AD51,AE51,AF51)>0,1,0) -> 1 | AS51: =IF(SUM(U51,V51,AJ51)>0,1,0) -> 0 | AT51: =IF(SUM(S51,T51,AG51,AH51)>0,1,0) -> 1 | AX51: =IF(COUNTIF(M51:AJ51,1)>0,H51,"") -> 26-001-BS-024 | BA51: =IF(OR(E51="CS",J51="",K51="",AND(J51=0,K51=0)),"",ROUND((J51+K51)/2,2)) | BC51: =IF(OR(E51="CS",J51="",K51="",AND(J51=0,K51=0)),"",I51) | BF51: =IF(COUNTIF(M51:AJ51,1)>0,C51,"") -> SPOT 04-01 | BT51: - Compaction Modified Proctor/Uji Kepadatan Berat | BU51: 1743:2008
B52: =B51+1 -> 25 | C52: =CONCATENATE(F52,"-",G52) -> SPOT 05-01 | D52: =IF(E52="DS","Disturbed Sample", IF(E52="UDS","Undisturbed Sample", IF(E52="BS","Bulk Sample", IF(E52="CS","Composite Sample","")))) -> Bulk Sample | E52: BS | F52: SPOT 05 | G52: 01 | H52: =IF(OR($H$12="",$H$11="",E52="",B52=""),"",RIGHT($H$12,2)&"-"&TEXT($H$11,"000")&"-"&E52&"-"&TEXT(B52,"000")) -> 26-001-BS-025 | I52: =IF(AND(J52=0,K52=0), "-", TEXT(J52,"0.00")&" - "&TEXT(K52,"0.00")&" m") -> - | M52: 1 | N52: 1 | O52: 1 | P52: 1 | S52: 1 | W52: 1 | AD52: 1 | AH52: 1 | AL52: =IF(OR(M52=1,N52=1,O52=1,P52=1,Q52=1,R52=1,AI52=1),MAX($AL$27:AL51)+1,"") -> 25 | AM52: =IF(OR(W52=1,X52=1,Y52=1,Z52=1,AA52=1,AB52=1,AC52=1,AD52=1,AE52=1,AF52=1),MAX($AM$27:AM51)+1,"") -> 24 | AN52: =IF(OR(V52=1,AJ52=1),MAX($AN$26:AN50)+1,"") | AO52: =IF(OR(S52=1,T52=1,AG52=1,AH52=1),MAX($AO$27:AO51)+1,"") -> 5 | AQ52: =IF(SUM(M52,N52,O52,P52,Q52,R52,AI52)>0,1,0) -> 1 | AR52: =IF(SUM(W52,X52,Y52,Z52,AA52,AB52,AC52,AD52,AE52,AF52)>0,1,0) -> 1 | AS52: =IF(SUM(U52,V52,AJ52)>0,1,0) -> 0 | AT52: =IF(SUM(S52,T52,AG52,AH52)>0,1,0) -> 1 | AX52: =IF(COUNTIF(M52:AJ52,1)>0,H52,"") -> 26-001-BS-025 | BA52: =IF(OR(E52="CS",J52="",K52="",AND(J52=0,K52=0)),"",ROUND((J52+K52)/2,2)) | BC52: =IF(OR(E52="CS",J52="",K52="",AND(J52=0,K52=0)),"",I52) | BF52: =IF(COUNTIF(M52:AJ52,1)>0,C52,"") -> SPOT 05-01 | BS52: 13 | BT52: CBR Lab :
C53: =CONCATENATE(F53,"-",G53) -> - | D53: =IF(E53="DS","Contoh Terganggu / Disturbed Sample", IF(E53="UDS","Contoh Tidak Terganggu / Undisturbed Sample", IF(E53="BS","Contoh Curah / Bulk Sample", IF(E53="CS","Contoh Komposit / Composite Sample","")))) | I53: =IF(AND(J53=0,K53=0), "-", TEXT(J53,"0.00")&" - "&TEXT(K53,"0.00")&" m") -> - | AM53: =IF(OR(W53=1,X53=1,Y53=1,Z53=1,AA53=1,AB53=1,AC53=1,AD53=1,AE53=1,AF53=1),MAX($AM$26:AM51)+1,"") | AQ53: =IF(SUM(M53,N53,O53,P53,Q53,R53,AI53)>0,1,0) -> 0 | AR53: =IF(SUM(W53,X53,Y53,Z53,AA53,AB53,AC53,AD53,AE53,AF53)>0,1,0) -> 0 | AS53: =IF(SUM(U53,V53,AJ53)>0,1,0) -> 0 | AT53: =IF(SUM(S53,T53,AG53,AH53)>0,1,0) -> 0 | AX53: =IF(COUNTIF(M53:AJ53,1)>0,H53,"") | BA53: =IF(OR(E53="CS",J53="",K53="",AND(J53=0,K53=0)),"",ROUND((J53+K53)/2,2)) | BC53: =IF(OR(E53="CS",J53="",K53="",AND(J53=0,K53=0)),"",I53) | BF53: =IF(COUNTIF(M53:AJ53,1)>0,C53,"") | BT53: - CBR Soaked | BU53: 1744:2012
C54: =CONCATENATE(F54,"-",G54) -> - | D54: =IF(E54="DS","Contoh Terganggu / Disturbed Sample", IF(E54="UDS","Contoh Tidak Terganggu / Undisturbed Sample", IF(E54="BS","Contoh Curah / Bulk Sample", IF(E54="CS","Contoh Komposit / Composite Sample","")))) | I54: =IF(AND(J54=0,K54=0), "-", TEXT(J54,"0.00")&" - "&TEXT(K54,"0.00")&" m") -> - | AM54: =IF(OR(W54=1,X54=1,Y54=1,Z54=1,AA54=1,AB54=1,AC54=1,AD54=1,AE54=1,AF54=1),MAX($AM$26:AM52)+1,"") | AQ54: =IF(SUM(M54,N54,O54,P54,Q54,R54,AI54)>0,1,0) -> 0 | AR54: =IF(SUM(W54,X54,Y54,Z54,AA54,AB54,AC54,AD54,AE54,AF54)>0,1,0) -> 0 | AS54: =IF(SUM(U54,V54,AJ54)>0,1,0) -> 0 | AT54: =IF(SUM(S54,T54,AG54,AH54)>0,1,0) -> 0 | AX54: =IF(COUNTIF(M54:AJ54,1)>0,H54,"") | BA54: =IF(OR(E54="CS",J54="",K54="",AND(J54=0,K54=0)),"",ROUND((J54+K54)/2,2)) | BC54: =IF(OR(E54="CS",J54="",K54="",AND(J54=0,K54=0)),"",I54) | BF54: =IF(COUNTIF(M54:AJ54,1)>0,C54,"") | BT54: - CBR Unsoaked | BU54: 1744:2012
C55: =CONCATENATE(F55,"-",G55) -> - | D55: =IF(E55="DS","Contoh Terganggu / Disturbed Sample", IF(E55="UDS","Contoh Tidak Terganggu / Undisturbed Sample", IF(E55="BS","Contoh Curah / Bulk Sample", IF(E55="CS","Contoh Komposit / Composite Sample","")))) | I55: =IF(AND(J55=0,K55=0), "-", TEXT(J55,"0.00")&" - "&TEXT(K55,"0.00")&" m") -> - | AM55: =IF(OR(W55=1,X55=1,Y55=1,Z55=1,AA55=1,AB55=1,AC55=1,AD55=1,AE55=1,AF55=1),MAX($AM$26:AM53)+1,"") | AQ55: =IF(SUM(M55,N55,O55,P55,Q55,R55,AI55)>0,1,0) -> 0 | AR55: =IF(SUM(W55,X55,Y55,Z55,AA55,AB55,AC55,AD55,AE55,AF55)>0,1,0) -> 0 | AS55: =IF(SUM(U55,V55,AJ55)>0,1,0) -> 0 | AT55: =IF(SUM(S55,T55,AG55,AH55)>0,1,0) -> 0 | AX55: =IF(COUNTIF(M55:AJ55,1)>0,H55,"") | BA55: =IF(OR(E55="CS",J55="",K55="",AND(J55=0,K55=0)),"",ROUND((J55+K55)/2,2)) | BC55: =IF(OR(E55="CS",J55="",K55="",AND(J55=0,K55=0)),"",I55) | BF55: =IF(COUNTIF(M55:AJ55,1)>0,C55,"") | BS55: 14 | BT55: Permeability/Uji Kelulusan Air dengan metoda Falling head | BU55: 03-6870-2002
C56: =CONCATENATE(F56,"-",G56) -> - | D56: =IF(E56="DS","Contoh Terganggu / Disturbed Sample", IF(E56="UDS","Contoh Tidak Terganggu / Undisturbed Sample", IF(E56="BS","Contoh Curah / Bulk Sample", IF(E56="CS","Contoh Komposit / Composite Sample","")))) | I56: =IF(AND(J56=0,K56=0), "-", TEXT(J56,"0.00")&" - "&TEXT(K56,"0.00")&" m") -> - | AM56: =IF(OR(W56=1,X56=1,Y56=1,Z56=1,AA56=1,AB56=1,AC56=1,AD56=1,AE56=1,AF56=1),MAX($AM$26:AM54)+1,"") | AQ56: =IF(SUM(M56,N56,O56,P56,Q56,R56,AI56)>0,1,0) -> 0 | AR56: =IF(SUM(W56,X56,Y56,Z56,AA56,AB56,AC56,AD56,AE56,AF56)>0,1,0) -> 0 | AS56: =IF(SUM(U56,V56,AJ56)>0,1,0) -> 0 | AT56: =IF(SUM(S56,T56,AG56,AH56)>0,1,0) -> 0 | AX56: =IF(COUNTIF(M56:AJ56,1)>0,H56,"") | BA56: =IF(OR(E56="CS",J56="",K56="",AND(J56=0,K56=0)),"",ROUND((J56+K56)/2,2)) | BC56: =IF(OR(E56="CS",J56="",K56="",AND(J56=0,K56=0)),"",I56) | BF56: =IF(COUNTIF(M56:AJ56,1)>0,C56,"") | BS56: 15 | BT56: Swelling Pressure/Uji Tekanan Ekspansi | BU56: 6424:2008
C57: =CONCATENATE(F57,"-",G57) -> - | D57: =IF(E57="DS","Contoh Terganggu / Disturbed Sample", IF(E57="UDS","Contoh Tidak Terganggu / Undisturbed Sample", IF(E57="BS","Contoh Curah / Bulk Sample", IF(E57="CS","Contoh Komposit / Composite Sample","")))) | I57: =IF(AND(J57=0,K57=0), "-", TEXT(J57,"0.00")&" - "&TEXT(K57,"0.00")&" m") -> - | AM57: =IF(OR(W57=1,X57=1,Y57=1,Z57=1,AA57=1,AB57=1,AC57=1,AD57=1,AE57=1,AF57=1),MAX($AM$26:AM55)+1,"") | AQ57: =IF(SUM(M57,N57,O57,P57,Q57,R57,AI57)>0,1,0) -> 0 | AR57: =IF(SUM(W57,X57,Y57,Z57,AA57,AB57,AC57,AD57,AE57,AF57)>0,1,0) -> 0 | AS57: =IF(SUM(U57,V57,AJ57)>0,1,0) -> 0 | AT57: =IF(SUM(S57,T57,AG57,AH57)>0,1,0) -> 0 | AX57: =IF(COUNTIF(M57:AJ57,1)>0,H57,"") | BA57: =IF(OR(E57="CS",J57="",K57="",AND(J57=0,K57=0)),"",ROUND((J57+K57)/2,2)) | BC57: =IF(OR(E57="CS",J57="",K57="",AND(J57=0,K57=0)),"",I57) | BF57: =IF(COUNTIF(M57:AJ57,1)>0,C57,"") | BS57: 16 | BT57: Shrinkage Limit/Uji Batas Susut Tanah | BU57: 3422:2008
C58: =CONCATENATE(F58,"-",G58) -> - | D58: =IF(E58="DS","Contoh Terganggu / Disturbed Sample", IF(E58="UDS","Contoh Tidak Terganggu / Undisturbed Sample", IF(E58="BS","Contoh Curah / Bulk Sample", IF(E58="CS","Contoh Komposit / Composite Sample","")))) | I58: =IF(AND(J58=0,K58=0), "-", TEXT(J58,"0.00")&" - "&TEXT(K58,"0.00")&" m") -> - | AM58: =IF(OR(W58=1,X58=1,Y58=1,Z58=1,AA58=1,AB58=1,AC58=1,AD58=1,AE58=1,AF58=1),MAX($AM$26:AM56)+1,"") | AQ58: =IF(SUM(M58,N58,O58,P58,Q58,R58,AI58)>0,1,0) -> 0 | AR58: =IF(SUM(W58,X58,Y58,Z58,AA58,AB58,AC58,AD58,AE58,AF58)>0,1,0) -> 0 | AS58: =IF(SUM(U58,V58,AJ58)>0,1,0) -> 0 | AT58: =IF(SUM(S58,T58,AG58,AH58)>0,1,0) -> 0 | AX58: =IF(COUNTIF(M58:AJ58,1)>0,H58,"") | BA58: =IF(OR(E58="CS",J58="",K58="",AND(J58=0,K58=0)),"",ROUND((J58+K58)/2,2)) | BC58: =IF(OR(E58="CS",J58="",K58="",AND(J58=0,K58=0)),"",I58) | BF58: =IF(COUNTIF(M58:AJ58,1)>0,C58,"")
C59: =CONCATENATE(F59,"-",G59) -> - | D59: =IF(E59="DS","Contoh Terganggu / Disturbed Sample", IF(E59="UDS","Contoh Tidak Terganggu / Undisturbed Sample", IF(E59="BS","Contoh Curah / Bulk Sample", IF(E59="CS","Contoh Komposit / Composite Sample","")))) | I59: =IF(AND(J59=0,K59=0), "-", TEXT(J59,"0.00")&" - "&TEXT(K59,"0.00")&" m") -> - | AM59: =IF(OR(W59=1,X59=1,Y59=1,Z59=1,AA59=1,AB59=1,AC59=1,AD59=1,AE59=1,AF59=1),MAX($AM$26:AM57)+1,"") | AQ59: =IF(SUM(M59,N59,O59,P59,Q59,R59,AI59)>0,1,0) -> 0 | AR59: =IF(SUM(W59,X59,Y59,Z59,AA59,AB59,AC59,AD59,AE59,AF59)>0,1,0) -> 0 | AS59: =IF(SUM(U59,V59,AJ59)>0,1,0) -> 0 | AT59: =IF(SUM(S59,T59,AG59,AH59)>0,1,0) -> 0 | AX59: =IF(COUNTIF(M59:AJ59,1)>0,H59,"") | BA59: =IF(OR(E59="CS",J59="",K59="",AND(J59=0,K59=0)),"",ROUND((J59+K59)/2,2)) | BC59: =IF(OR(E59="CS",J59="",K59="",AND(J59=0,K59=0)),"",I59) | BF59: =IF(COUNTIF(M59:AJ59,1)>0,C59,"")
C60: =CONCATENATE(F60,"-",G60) -> - | D60: =IF(E60="DS","Contoh Terganggu / Disturbed Sample", IF(E60="UDS","Contoh Tidak Terganggu / Undisturbed Sample", IF(E60="BS","Contoh Curah / Bulk Sample", IF(E60="CS","Contoh Komposit / Composite Sample","")))) | I60: =IF(AND(J60=0,K60=0), "-", TEXT(J60,"0.00")&" - "&TEXT(K60,"0.00")&" m") -> - | AM60: =IF(OR(W60=1,X60=1,Y60=1,Z60=1,AA60=1,AB60=1,AC60=1,AD60=1,AE60=1,AF60=1),MAX($AM$26:AM58)+1,"") | AQ60: =IF(SUM(M60,N60,O60,P60,Q60,R60,AI60)>0,1,0) -> 0 | AR60: =IF(SUM(W60,X60,Y60,Z60,AA60,AB60,AC60,AD60,AE60,AF60)>0,1,0) -> 0 | AS60: =IF(SUM(U60,V60,AJ60)>0,1,0) -> 0 | AT60: =IF(SUM(S60,T60,AG60,AH60)>0,1,0) -> 0 | AX60: =IF(COUNTIF(M60:AJ60,1)>0,H60,"") | BA60: =IF(OR(E60="CS",J60="",K60="",AND(J60=0,K60=0)),"",ROUND((J60+K60)/2,2)) | BC60: =IF(OR(E60="CS",J60="",K60="",AND(J60=0,K60=0)),"",I60) | BF60: =IF(COUNTIF(M60:AJ60,1)>0,C60,"")
C61: =CONCATENATE(F61,"-",G61) -> - | D61: =IF(E61="DS","Contoh Terganggu / Disturbed Sample", IF(E61="UDS","Contoh Tidak Terganggu / Undisturbed Sample", IF(E61="BS","Contoh Curah / Bulk Sample", IF(E61="CS","Contoh Komposit / Composite Sample","")))) | I61: =IF(AND(J61=0,K61=0), "-", TEXT(J61,"0.00")&" - "&TEXT(K61,"0.00")&" m") -> - | AM61: =IF(OR(W61=1,X61=1,Y61=1,Z61=1,AA61=1,AB61=1,AC61=1,AD61=1,AE61=1,AF61=1),MAX($AM$26:AM59)+1,"") | AQ61: =IF(SUM(M61,N61,O61,P61,Q61,R61,AI61)>0,1,0) -> 0 | AR61: =IF(SUM(W61,X61,Y61,Z61,AA61,AB61,AC61,AD61,AE61,AF61)>0,1,0) -> 0 | AS61: =IF(SUM(U61,V61,AJ61)>0,1,0) -> 0 | AT61: =IF(SUM(S61,T61,AG61,AH61)>0,1,0) -> 0 | AX61: =IF(COUNTIF(M61:AJ61,1)>0,H61,"") | BA61: =IF(OR(E61="CS",J61="",K61="",AND(J61=0,K61=0)),"",ROUND((J61+K61)/2,2)) | BC61: =IF(OR(E61="CS",J61="",K61="",AND(J61=0,K61=0)),"",I61) | BF61: =IF(COUNTIF(M61:AJ61,1)>0,C61,"")
C62: =CONCATENATE(F62,"-",G62) -> - | D62: =IF(E62="DS","Contoh Terganggu / Disturbed Sample", IF(E62="UDS","Contoh Tidak Terganggu / Undisturbed Sample", IF(E62="BS","Contoh Curah / Bulk Sample", IF(E62="CS","Contoh Komposit / Composite Sample","")))) | I62: =IF(AND(J62=0,K62=0), "-", TEXT(J62,"0.00")&" - "&TEXT(K62,"0.00")&" m") -> - | AM62: =IF(OR(W62=1,X62=1,Y62=1,Z62=1,AA62=1,AB62=1,AC62=1,AD62=1,AE62=1,AF62=1),MAX($AM$26:AM60)+1,"") | AQ62: =IF(SUM(M62,N62,O62,P62,Q62,R62,AI62)>0,1,0) -> 0 | AR62: =IF(SUM(W62,X62,Y62,Z62,AA62,AB62,AC62,AD62,AE62,AF62)>0,1,0) -> 0 | AS62: =IF(SUM(U62,V62,AJ62)>0,1,0) -> 0 | AT62: =IF(SUM(S62,T62,AG62,AH62)>0,1,0) -> 0 | AX62: =IF(COUNTIF(M62:AJ62,1)>0,H62,"") | BA62: =IF(OR(E62="CS",J62="",K62="",AND(J62=0,K62=0)),"",ROUND((J62+K62)/2,2)) | BC62: =IF(OR(E62="CS",J62="",K62="",AND(J62=0,K62=0)),"",I62) | BF62: =IF(COUNTIF(M62:AJ62,1)>0,C62,"")
C63: =CONCATENATE(F63,"-",G63) -> - | D63: =IF(E63="DS","Contoh Terganggu / Disturbed Sample", IF(E63="UDS","Contoh Tidak Terganggu / Undisturbed Sample", IF(E63="BS","Contoh Curah / Bulk Sample", IF(E63="CS","Contoh Komposit / Composite Sample","")))) | I63: =IF(AND(J63=0,K63=0), "-", TEXT(J63,"0.00")&" - "&TEXT(K63,"0.00")&" m") -> - | AM63: =IF(OR(W63=1,X63=1,Y63=1,Z63=1,AA63=1,AB63=1,AC63=1,AD63=1,AE63=1,AF63=1),MAX($AM$26:AM61)+1,"") | AQ63: =IF(SUM(M63,N63,O63,P63,Q63,R63,AI63)>0,1,0) -> 0 | AR63: =IF(SUM(W63,X63,Y63,Z63,AA63,AB63,AC63,AD63,AE63,AF63)>0,1,0) -> 0 | AS63: =IF(SUM(U63,V63,AJ63)>0,1,0) -> 0 | AT63: =IF(SUM(S63,T63,AG63,AH63)>0,1,0) -> 0 | AX63: =IF(COUNTIF(M63:AJ63,1)>0,H63,"") | BA63: =IF(OR(E63="CS",J63="",K63="",AND(J63=0,K63=0)),"",ROUND((J63+K63)/2,2)) | BC63: =IF(OR(E63="CS",J63="",K63="",AND(J63=0,K63=0)),"",I63) | BF63: =IF(COUNTIF(M63:AJ63,1)>0,C63,"")
C64: =CONCATENATE(F64,"-",G64) -> - | D64: =IF(E64="DS","Contoh Terganggu / Disturbed Sample", IF(E64="UDS","Contoh Tidak Terganggu / Undisturbed Sample", IF(E64="BS","Contoh Curah / Bulk Sample", IF(E64="CS","Contoh Komposit / Composite Sample","")))) | I64: =IF(AND(J64=0,K64=0), "-", TEXT(J64,"0.00")&" - "&TEXT(K64,"0.00")&" m") -> - | AM64: =IF(OR(W64=1,X64=1,Y64=1,Z64=1,AA64=1,AB64=1,AC64=1,AD64=1,AE64=1,AF64=1),MAX($AM$26:AM62)+1,"") | AQ64: =IF(SUM(M64,N64,O64,P64,Q64,R64,AI64)>0,1,0) -> 0 | AR64: =IF(SUM(W64,X64,Y64,Z64,AA64,AB64,AC64,AD64,AE64,AF64)>0,1,0) -> 0 | AS64: =IF(SUM(U64,V64,AJ64)>0,1,0) -> 0 | AT64: =IF(SUM(S64,T64,AG64,AH64)>0,1,0) -> 0 | AX64: =IF(COUNTIF(M64:AJ64,1)>0,H64,"") | BA64: =IF(OR(E64="CS",J64="",K64="",AND(J64=0,K64=0)),"",ROUND((J64+K64)/2,2)) | BC64: =IF(OR(E64="CS",J64="",K64="",AND(J64=0,K64=0)),"",I64) | BF64: =IF(COUNTIF(M64:AJ64,1)>0,C64,"")
C65: =CONCATENATE(F65,"-",G65) -> - | D65: =IF(E65="DS","Contoh Terganggu / Disturbed Sample", IF(E65="UDS","Contoh Tidak Terganggu / Undisturbed Sample", IF(E65="BS","Contoh Curah / Bulk Sample", IF(E65="CS","Contoh Komposit / Composite Sample","")))) | I65: =IF(AND(J65=0,K65=0), "-", TEXT(J65,"0.00")&" - "&TEXT(K65,"0.00")&" m") -> - | AM65: =IF(OR(W65=1,X65=1,Y65=1,Z65=1,AA65=1,AB65=1,AC65=1,AD65=1,AE65=1,AF65=1),MAX($AM$26:AM63)+1,"") | AQ65: =IF(SUM(M65,N65,O65,P65,Q65,R65,AI65)>0,1,0) -> 0 | AR65: =IF(SUM(W65,X65,Y65,Z65,AA65,AB65,AC65,AD65,AE65,AF65)>0,1,0) -> 0 | AS65: =IF(SUM(U65,V65,AJ65)>0,1,0) -> 0 | AT65: =IF(SUM(S65,T65,AG65,AH65)>0,1,0) -> 0 | AX65: =IF(COUNTIF(M65:AJ65,1)>0,H65,"") | BA65: =IF(OR(E65="CS",J65="",K65="",AND(J65=0,K65=0)),"",ROUND((J65+K65)/2,2)) | BC65: =IF(OR(E65="CS",J65="",K65="",AND(J65=0,K65=0)),"",I65) | BF65: =IF(COUNTIF(M65:AJ65,1)>0,C65,"")
C66: =CONCATENATE(F66,"-",G66) -> - | I66: =IF(AND(J66=0,K66=0), "-", TEXT(J66,"0.00")&" - "&TEXT(K66,"0.00")&" m") -> - | AM66: =IF(OR(W66=1,X66=1,Y66=1,Z66=1,AA66=1,AB66=1,AC66=1,AD66=1,AE66=1,AF66=1),MAX($AM$26:AM64)+1,"") | AQ66: =IF(SUM(M66,N66,O66,P66,Q66,R66,AI66)>0,1,0) -> 0 | AR66: =IF(SUM(W66,X66,Y66,Z66,AA66,AB66,AC66,AD66,AE66,AF66)>0,1,0) -> 0 | AS66: =IF(SUM(U66,V66,AJ66)>0,1,0) -> 0 | AT66: =IF(SUM(S66,T66,AG66,AH66)>0,1,0) -> 0 | AX66: =IF(COUNTIF(M66:AJ66,1)>0,H66,"") | BA66: =IF(OR(E66="CS",J66="",K66="",AND(J66=0,K66=0)),"",ROUND((J66+K66)/2,2)) | BC66: =IF(OR(E66="CS",J66="",K66="",AND(J66=0,K66=0)),"",I66) | BF66: =IF(COUNTIF(M66:AJ66,1)>0,C66,"")
C67: =CONCATENATE(F67,"-",G67) -> - | I67: =IF(AND(J67=0,K67=0), "-", TEXT(J67,"0.00")&" - "&TEXT(K67,"0.00")&" m") -> - | AM67: =IF(OR(W67=1,X67=1,Y67=1,Z67=1,AA67=1,AB67=1,AC67=1,AD67=1,AE67=1,AF67=1),MAX($AM$26:AM65)+1,"") | AQ67: =IF(SUM(M67,N67,O67,P67,Q67,R67,AI67)>0,1,0) -> 0 | AR67: =IF(SUM(W67,X67,Y67,Z67,AA67,AB67,AC67,AD67,AE67,AF67)>0,1,0) -> 0 | AS67: =IF(SUM(U67,V67,AJ67)>0,1,0) -> 0 | AT67: =IF(SUM(S67,T67,AG67,AH67)>0,1,0) -> 0 | AX67: =IF(COUNTIF(M67:AJ67,1)>0,H67,"") | BA67: =IF(OR(E67="CS",J67="",K67="",AND(J67=0,K67=0)),"",ROUND((J67+K67)/2,2)) | BC67: =IF(OR(E67="CS",J67="",K67="",AND(J67=0,K67=0)),"",I67) | BF67: =IF(COUNTIF(M67:AJ67,1)>0,C67,"")
C68: =CONCATENATE(F68,"-",G68) -> - | I68: =IF(AND(J68=0,K68=0), "-", TEXT(J68,"0.00")&" - "&TEXT(K68,"0.00")&" m") -> - | AM68: =IF(OR(W68=1,X68=1,Y68=1,Z68=1,AA68=1,AB68=1,AC68=1,AD68=1,AE68=1,AF68=1),MAX($AM$26:AM66)+1,"") | AQ68: =IF(SUM(M68,N68,O68,P68,Q68,R68,AI68)>0,1,0) -> 0 | AR68: =IF(SUM(W68,X68,Y68,Z68,AA68,AB68,AC68,AD68,AE68,AF68)>0,1,0) -> 0 | AS68: =IF(SUM(U68,V68,AJ68)>0,1,0) -> 0 | AT68: =IF(SUM(S68,T68,AG68,AH68)>0,1,0) -> 0 | AX68: =IF(COUNTIF(M68:AJ68,1)>0,H68,"") | BA68: =IF(OR(E68="CS",J68="",K68="",AND(J68=0,K68=0)),"",ROUND((J68+K68)/2,2)) | BC68: =IF(OR(E68="CS",J68="",K68="",AND(J68=0,K68=0)),"",I68) | BF68: =IF(COUNTIF(M68:AJ68,1)>0,C68,"")
C69: =CONCATENATE(F69,"-",G69) -> - | I69: =IF(AND(J69=0,K69=0), "-", TEXT(J69,"0.00")&" - "&TEXT(K69,"0.00")&" m") -> - | AM69: =IF(OR(W69=1,X69=1,Y69=1,Z69=1,AA69=1,AB69=1,AC69=1,AD69=1,AE69=1,AF69=1),MAX($AM$26:AM67)+1,"") | AQ69: =IF(SUM(M69,N69,O69,P69,Q69,R69,AI69)>0,1,0) -> 0 | AR69: =IF(SUM(W69,X69,Y69,Z69,AA69,AB69,AC69,AD69,AE69,AF69)>0,1,0) -> 0 | AS69: =IF(SUM(U69,V69,AJ69)>0,1,0) -> 0 | AT69: =IF(SUM(S69,T69,AG69,AH69)>0,1,0) -> 0 | AX69: =IF(COUNTIF(M69:AJ69,1)>0,H69,"") | BA69: =IF(OR(E69="CS",J69="",K69="",AND(J69=0,K69=0)),"",ROUND((J69+K69)/2,2)) | BC69: =IF(OR(E69="CS",J69="",K69="",AND(J69=0,K69=0)),"",I69) | BF69: =IF(COUNTIF(M69:AJ69,1)>0,C69,"")
C70: =CONCATENATE(F70,"-",G70) -> - | I70: =IF(AND(J70=0,K70=0), "-", TEXT(J70,"0.00")&" - "&TEXT(K70,"0.00")&" m") -> - | AM70: =IF(OR(W70=1,X70=1,Y70=1,Z70=1,AA70=1,AB70=1,AC70=1,AD70=1,AE70=1,AF70=1),MAX($AM$26:AM68)+1,"") | AQ70: =IF(SUM(M70,N70,O70,P70,Q70,R70,AI70)>0,1,0) -> 0 | AR70: =IF(SUM(W70,X70,Y70,Z70,AA70,AB70,AC70,AD70,AE70,AF70)>0,1,0) -> 0 | AS70: =IF(SUM(U70,V70,AJ70)>0,1,0) -> 0 | AT70: =IF(SUM(S70,T70,AG70,AH70)>0,1,0) -> 0 | AX70: =IF(COUNTIF(M70:AJ70,1)>0,H70,"") | BA70: =IF(OR(E70="CS",J70="",K70="",AND(J70=0,K70=0)),"",ROUND((J70+K70)/2,2)) | BC70: =IF(OR(E70="CS",J70="",K70="",AND(J70=0,K70=0)),"",I70) | BF70: =IF(COUNTIF(M70:AJ70,1)>0,C70,"")
C71: =CONCATENATE(F71,"-",G71) -> - | I71: =IF(AND(J71=0,K71=0), "-", TEXT(J71,"0.00")&" - "&TEXT(K71,"0.00")&" m") -> - | AM71: =IF(OR(W71=1,X71=1,Y71=1,Z71=1,AA71=1,AB71=1,AC71=1,AD71=1,AE71=1,AF71=1),MAX($AM$26:AM69)+1,"") | AQ71: =IF(SUM(M71,N71,O71,P71,Q71,R71,AI71)>0,1,0) -> 0 | AR71: =IF(SUM(W71,X71,Y71,Z71,AA71,AB71,AC71,AD71,AE71,AF71)>0,1,0) -> 0 | AS71: =IF(SUM(U71,V71,AJ71)>0,1,0) -> 0 | AT71: =IF(SUM(S71,T71,AG71,AH71)>0,1,0) -> 0 | AX71: =IF(COUNTIF(M71:AJ71,1)>0,H71,"") | BA71: =IF(OR(E71="CS",J71="",K71="",AND(J71=0,K71=0)),"",ROUND((J71+K71)/2,2)) | BC71: =IF(OR(E71="CS",J71="",K71="",AND(J71=0,K71=0)),"",I71) | BF71: =IF(COUNTIF(M71:AJ71,1)>0,C71,"")
C72: =CONCATENATE(F72,"-",G72) -> - | I72: =IF(AND(J72=0,K72=0), "-", TEXT(J72,"0.00")&" - "&TEXT(K72,"0.00")&" m") -> - | AM72: =IF(OR(W72=1,X72=1,Y72=1,Z72=1,AA72=1,AB72=1,AC72=1,AD72=1,AE72=1,AF72=1),MAX($AM$26:AM70)+1,"") | AQ72: =IF(SUM(M72,N72,O72,P72,Q72,R72,AI72)>0,1,0) -> 0 | AR72: =IF(SUM(W72,X72,Y72,Z72,AA72,AB72,AC72,AD72,AE72,AF72)>0,1,0) -> 0 | AS72: =IF(SUM(U72,V72,AJ72)>0,1,0) -> 0 | AT72: =IF(SUM(S72,T72,AG72,AH72)>0,1,0) -> 0 | AU72: =IF(R72=1,COUNTIF($R$28:R72,1),"") | AV72: =IF(S72=1,COUNTIF($S$28:S72,1),"") | AW72: =IF(T72=1,COUNTIF($T$28:T72,1),"") | AX72: =IF(COUNTIF(M72:AJ72,1)>0,H72,"") | AY72: =IF(V72=1,COUNTIF($V$28:V72,1),"") | AZ72: =IF(W72=1,COUNTIF($W$28:W72,1),"") | BA72: =IF(OR(E72="CS",J72="",K72="",AND(J72=0,K72=0)),"",ROUND((J72+K72)/2,2)) | BB72: =IF(Y72=1,COUNTIF($Y$28:Y72,1),"") | BC72: =IF(OR(E72="CS",J72="",K72="",AND(J72=0,K72=0)),"",I72) | BD72: =IF(AA72=1,COUNTIF($AA$28:AA72,1),"") | BE72: =IF(AB72=1,COUNTIF($AB$28:AB72,1),"") | BF72: =IF(COUNTIF(M72:AJ72,1)>0,C72,"") | BG72: =IF(AD72=1,COUNTIF($AD$28:AD72,1),"") | BH72: =IF(AE72=1,COUNTIF($AE$28:AE72,1),"") | BI72: =IF(AF72=1,COUNTIF($AF$28:AF72,1),"") | BJ72: =IF(AG72=1,COUNTIF($AG$28:AG72,1),"") | BK72: =IF(AH72=1,COUNTIF($AH$28:AH72,1),"") | BL72: =IF(AI72=1,COUNTIF($AI$28:AI72,1),"") | BM72: =IF(AJ72=1,COUNTIF($AJ$28:AJ72,1),"")
C73: =CONCATENATE(F73,"-",G73) -> - | I73: =IF(AND(J73=0,K73=0), "-", TEXT(J73,"0.00")&" - "&TEXT(K73,"0.00")&" m") -> - | AM73: =IF(OR(W73=1,X73=1,Y73=1,Z73=1,AA73=1,AB73=1,AC73=1,AD73=1,AE73=1,AF73=1),MAX($AM$26:AM71)+1,"") | AQ73: =IF(SUM(M73,N73,O73,P73,Q73,R73,AI73)>0,1,0) -> 0 | AR73: =IF(SUM(W73,X73,Y73,Z73,AA73,AB73,AC73,AD73,AE73,AF73)>0,1,0) -> 0 | AS73: =IF(SUM(U73,V73,AJ73)>0,1,0) -> 0 | AT73: =IF(SUM(S73,T73,AG73,AH73)>0,1,0) -> 0 | AU73: =IF(R73=1,COUNTIF($R$28:R73,1),"") | AV73: =IF(S73=1,COUNTIF($S$28:S73,1),"") | AW73: =IF(T73=1,COUNTIF($T$28:T73,1),"") | AX73: =IF(COUNTIF(M73:AJ73,1)>0,H73,"") | AY73: =IF(V73=1,COUNTIF($V$28:V73,1),"") | AZ73: =IF(W73=1,COUNTIF($W$28:W73,1),"") | BA73: =IF(OR(E73="CS",J73="",K73="",AND(J73=0,K73=0)),"",ROUND((J73+K73)/2,2)) | BB73: =IF(Y73=1,COUNTIF($Y$28:Y73,1),"") | BC73: =IF(OR(E73="CS",J73="",K73="",AND(J73=0,K73=0)),"",I73) | BD73: =IF(AA73=1,COUNTIF($AA$28:AA73,1),"") | BE73: =IF(AB73=1,COUNTIF($AB$28:AB73,1),"") | BF73: =IF(COUNTIF(M73:AJ73,1)>0,C73,"") | BG73: =IF(AD73=1,COUNTIF($AD$28:AD73,1),"") | BH73: =IF(AE73=1,COUNTIF($AE$28:AE73,1),"") | BI73: =IF(AF73=1,COUNTIF($AF$28:AF73,1),"") | BJ73: =IF(AG73=1,COUNTIF($AG$28:AG73,1),"") | BK73: =IF(AH73=1,COUNTIF($AH$28:AH73,1),"") | BL73: =IF(AI73=1,COUNTIF($AI$28:AI73,1),"") | BM73: =IF(AJ73=1,COUNTIF($AJ$28:AJ73,1),"")
C74: =CONCATENATE(F74,"-",G74) -> - | I74: =IF(AND(J74=0,K74=0), "-", TEXT(J74,"0.00")&" - "&TEXT(K74,"0.00")&" m") -> - | AM74: =IF(OR(W74=1,X74=1,Y74=1,Z74=1,AA74=1,AB74=1,AC74=1,AD74=1,AE74=1,AF74=1),MAX($AM$26:AM72)+1,"") | AQ74: =IF(SUM(M74,N74,O74,P74,Q74,R74,AI74)>0,1,0) -> 0 | AR74: =IF(SUM(W74,X74,Y74,Z74,AA74,AB74,AC74,AD74,AE74,AF74)>0,1,0) -> 0 | AS74: =IF(SUM(U74,V74,AJ74)>0,1,0) -> 0 | AT74: =IF(SUM(S74,T74,AG74,AH74)>0,1,0) -> 0 | AU74: =IF(R74=1,COUNTIF($R$28:R74,1),"") | AV74: =IF(S74=1,COUNTIF($S$28:S74,1),"") | AW74: =IF(T74=1,COUNTIF($T$28:T74,1),"") | AX74: =IF(COUNTIF(M74:AJ74,1)>0,H74,"") | AY74: =IF(V74=1,COUNTIF($V$28:V74,1),"") | AZ74: =IF(W74=1,COUNTIF($W$28:W74,1),"") | BA74: =IF(OR(E74="CS",J74="",K74="",AND(J74=0,K74=0)),"",ROUND((J74+K74)/2,2)) | BB74: =IF(Y74=1,COUNTIF($Y$28:Y74,1),"") | BC74: =IF(OR(E74="CS",J74="",K74="",AND(J74=0,K74=0)),"",I74) | BD74: =IF(AA74=1,COUNTIF($AA$28:AA74,1),"") | BE74: =IF(AB74=1,COUNTIF($AB$28:AB74,1),"") | BF74: =IF(COUNTIF(M74:AJ74,1)>0,C74,"") | BG74: =IF(AD74=1,COUNTIF($AD$28:AD74,1),"") | BH74: =IF(AE74=1,COUNTIF($AE$28:AE74,1),"") | BI74: =IF(AF74=1,COUNTIF($AF$28:AF74,1),"") | BJ74: =IF(AG74=1,COUNTIF($AG$28:AG74,1),"") | BK74: =IF(AH74=1,COUNTIF($AH$28:AH74,1),"") | BL74: =IF(AI74=1,COUNTIF($AI$28:AI74,1),"") | BM74: =IF(AJ74=1,COUNTIF($AJ$28:AJ74,1),"")
C75: =CONCATENATE(F75,"-",G75) -> - | I75: =IF(AND(J75=0,K75=0), "-", TEXT(J75,"0.00")&" - "&TEXT(K75,"0.00")&" m") -> - | AM75: =IF(OR(W75=1,X75=1,Y75=1,Z75=1,AA75=1,AB75=1,AC75=1,AD75=1,AE75=1,AF75=1),MAX($AM$26:AM73)+1,"") | AQ75: =IF(SUM(M75,N75,O75,P75,Q75,R75,AI75)>0,1,0) -> 0 | AR75: =IF(SUM(W75,X75,Y75,Z75,AA75,AB75,AC75,AD75,AE75,AF75)>0,1,0) -> 0 | AS75: =IF(SUM(U75,V75,AJ75)>0,1,0) -> 0 | AT75: =IF(SUM(S75,T75,AG75,AH75)>0,1,0) -> 0 | AU75: =IF(R75=1,COUNTIF($R$28:R75,1),"") | AV75: =IF(S75=1,COUNTIF($S$28:S75,1),"") | AW75: =IF(T75=1,COUNTIF($T$28:T75,1),"") | AX75: =IF(COUNTIF(M75:AJ75,1)>0,H75,"") | AY75: =IF(V75=1,COUNTIF($V$28:V75,1),"") | AZ75: =IF(W75=1,COUNTIF($W$28:W75,1),"") | BA75: =IF(OR(E75="CS",J75="",K75="",AND(J75=0,K75=0)),"",ROUND((J75+K75)/2,2)) | BB75: =IF(Y75=1,COUNTIF($Y$28:Y75,1),"") | BC75: =IF(OR(E75="CS",J75="",K75="",AND(J75=0,K75=0)),"",I75) | BD75: =IF(AA75=1,COUNTIF($AA$28:AA75,1),"") | BE75: =IF(AB75=1,COUNTIF($AB$28:AB75,1),"") | BF75: =IF(COUNTIF(M75:AJ75,1)>0,C75,"") | BG75: =IF(AD75=1,COUNTIF($AD$28:AD75,1),"") | BH75: =IF(AE75=1,COUNTIF($AE$28:AE75,1),"") | BI75: =IF(AF75=1,COUNTIF($AF$28:AF75,1),"") | BJ75: =IF(AG75=1,COUNTIF($AG$28:AG75,1),"") | BK75: =IF(AH75=1,COUNTIF($AH$28:AH75,1),"") | BL75: =IF(AI75=1,COUNTIF($AI$28:AI75,1),"") | BM75: =IF(AJ75=1,COUNTIF($AJ$28:AJ75,1),"")
C76: =CONCATENATE(F76,"-",G76) -> - | I76: =IF(AND(J76=0,K76=0), "-", TEXT(J76,"0.00")&" - "&TEXT(K76,"0.00")&" m") -> - | AM76: =IF(OR(W76=1,X76=1,Y76=1,Z76=1,AA76=1,AB76=1,AC76=1,AD76=1,AE76=1,AF76=1),MAX($AM$26:AM74)+1,"") | AQ76: =IF(SUM(M76,N76,O76,P76,Q76,R76,AI76)>0,1,0) -> 0 | AR76: =IF(SUM(W76,X76,Y76,Z76,AA76,AB76,AC76,AD76,AE76,AF76)>0,1,0) -> 0 | AS76: =IF(SUM(U76,V76,AJ76)>0,1,0) -> 0 | AT76: =IF(SUM(S76,T76,AG76,AH76)>0,1,0) -> 0 | AU76: =IF(R76=1,COUNTIF($R$28:R76,1),"") | AV76: =IF(S76=1,COUNTIF($S$28:S76,1),"") | AW76: =IF(T76=1,COUNTIF($T$28:T76,1),"") | AX76: =IF(COUNTIF(M76:AJ76,1)>0,H76,"") | AY76: =IF(V76=1,COUNTIF($V$28:V76,1),"") | AZ76: =IF(W76=1,COUNTIF($W$28:W76,1),"") | BA76: =IF(OR(E76="CS",J76="",K76="",AND(J76=0,K76=0)),"",ROUND((J76+K76)/2,2)) | BB76: =IF(Y76=1,COUNTIF($Y$28:Y76,1),"") | BC76: =IF(OR(E76="CS",J76="",K76="",AND(J76=0,K76=0)),"",I76) | BD76: =IF(AA76=1,COUNTIF($AA$28:AA76,1),"") | BE76: =IF(AB76=1,COUNTIF($AB$28:AB76,1),"") | BF76: =IF(COUNTIF(M76:AJ76,1)>0,C76,"") | BG76: =IF(AD76=1,COUNTIF($AD$28:AD76,1),"") | BH76: =IF(AE76=1,COUNTIF($AE$28:AE76,1),"") | BI76: =IF(AF76=1,COUNTIF($AF$28:AF76,1),"") | BJ76: =IF(AG76=1,COUNTIF($AG$28:AG76,1),"") | BK76: =IF(AH76=1,COUNTIF($AH$28:AH76,1),"") | BL76: =IF(AI76=1,COUNTIF($AI$28:AI76,1),"") | BM76: =IF(AJ76=1,COUNTIF($AJ$28:AJ76,1),"")
C77: =CONCATENATE(F77,"-",G77) -> - | I77: =IF(AND(J77=0,K77=0), "-", TEXT(J77,"0.00")&" - "&TEXT(K77,"0.00")&" m") -> - | AM77: =IF(OR(W77=1,X77=1,Y77=1,Z77=1,AA77=1,AB77=1,AC77=1,AD77=1,AE77=1,AF77=1),MAX($AM$26:AM75)+1,"") | AQ77: =IF(SUM(M77,N77,O77,P77,Q77,R77,AI77)>0,1,0) -> 0 | AR77: =IF(SUM(W77,X77,Y77,Z77,AA77,AB77,AC77,AD77,AE77,AF77)>0,1,0) -> 0 | AS77: =IF(SUM(U77,V77,AJ77)>0,1,0) -> 0 | AT77: =IF(SUM(S77,T77,AG77,AH77)>0,1,0) -> 0 | AU77: =IF(R77=1,COUNTIF($R$28:R77,1),"") | AV77: =IF(S77=1,COUNTIF($S$28:S77,1),"") | AW77: =IF(T77=1,COUNTIF($T$28:T77,1),"") | AX77: =IF(COUNTIF(M77:AJ77,1)>0,H77,"") | AY77: =IF(V77=1,COUNTIF($V$28:V77,1),"") | AZ77: =IF(W77=1,COUNTIF($W$28:W77,1),"") | BA77: =IF(OR(E77="CS",J77="",K77="",AND(J77=0,K77=0)),"",ROUND((J77+K77)/2,2)) | BB77: =IF(Y77=1,COUNTIF($Y$28:Y77,1),"") | BC77: =IF(OR(E77="CS",J77="",K77="",AND(J77=0,K77=0)),"",I77) | BD77: =IF(AA77=1,COUNTIF($AA$28:AA77,1),"") | BE77: =IF(AB77=1,COUNTIF($AB$28:AB77,1),"") | BF77: =IF(COUNTIF(M77:AJ77,1)>0,C77,"") | BG77: =IF(AD77=1,COUNTIF($AD$28:AD77,1),"") | BH77: =IF(AE77=1,COUNTIF($AE$28:AE77,1),"") | BI77: =IF(AF77=1,COUNTIF($AF$28:AF77,1),"") | BJ77: =IF(AG77=1,COUNTIF($AG$28:AG77,1),"") | BK77: =IF(AH77=1,COUNTIF($AH$28:AH77,1),"") | BL77: =IF(AI77=1,COUNTIF($AI$28:AI77,1),"") | BM77: =IF(AJ77=1,COUNTIF($AJ$28:AJ77,1),"")
C78: =CONCATENATE(F78,"-",G78) -> - | I78: =IF(AND(J78=0,K78=0), "-", TEXT(J78,"0.00")&" - "&TEXT(K78,"0.00")&" m") -> - | AM78: =IF(OR(W78=1,X78=1,Y78=1,Z78=1,AA78=1,AB78=1,AC78=1,AD78=1,AE78=1,AF78=1),MAX($AM$26:AM76)+1,"") | AQ78: =IF(SUM(M78,N78,O78,P78,Q78,R78,AI78)>0,1,0) -> 0 | AR78: =IF(SUM(W78,X78,Y78,Z78,AA78,AB78,AC78,AD78,AE78,AF78)>0,1,0) -> 0 | AS78: =IF(SUM(U78,V78,AJ78)>0,1,0) -> 0 | AT78: =IF(SUM(S78,T78,AG78,AH78)>0,1,0) -> 0 | AU78: =IF(R78=1,COUNTIF($R$28:R78,1),"") | AV78: =IF(S78=1,COUNTIF($S$28:S78,1),"") | AW78: =IF(T78=1,COUNTIF($T$28:T78,1),"") | AX78: =IF(COUNTIF(M78:AJ78,1)>0,H78,"") | AY78: =IF(V78=1,COUNTIF($V$28:V78,1),"") | AZ78: =IF(W78=1,COUNTIF($W$28:W78,1),"") | BA78: =IF(OR(E78="CS",J78="",K78="",AND(J78=0,K78=0)),"",ROUND((J78+K78)/2,2)) | BB78: =IF(Y78=1,COUNTIF($Y$28:Y78,1),"") | BC78: =IF(OR(E78="CS",J78="",K78="",AND(J78=0,K78=0)),"",I78) | BD78: =IF(AA78=1,COUNTIF($AA$28:AA78,1),"") | BE78: =IF(AB78=1,COUNTIF($AB$28:AB78,1),"") | BF78: =IF(COUNTIF(M78:AJ78,1)>0,C78,"") | BG78: =IF(AD78=1,COUNTIF($AD$28:AD78,1),"") | BH78: =IF(AE78=1,COUNTIF($AE$28:AE78,1),"") | BI78: =IF(AF78=1,COUNTIF($AF$28:AF78,1),"") | BJ78: =IF(AG78=1,COUNTIF($AG$28:AG78,1),"") | BK78: =IF(AH78=1,COUNTIF($AH$28:AH78,1),"") | BL78: =IF(AI78=1,COUNTIF($AI$28:AI78,1),"") | BM78: =IF(AJ78=1,COUNTIF($AJ$28:AJ78,1),"")
C79: =CONCATENATE(F79,"-",G79) -> - | I79: =IF(AND(J79=0,K79=0), "-", TEXT(J79,"0.00")&" - "&TEXT(K79,"0.00")&" m") -> - | AM79: =IF(OR(W79=1,X79=1,Y79=1,Z79=1,AA79=1,AB79=1,AC79=1,AD79=1,AE79=1,AF79=1),MAX($AM$26:AM77)+1,"") | AQ79: =IF(SUM(M79,N79,O79,P79,Q79,R79,AI79)>0,1,0) -> 0 | AR79: =IF(SUM(W79,X79,Y79,Z79,AA79,AB79,AC79,AD79,AE79,AF79)>0,1,0) -> 0 | AS79: =IF(SUM(U79,V79,AJ79)>0,1,0) -> 0 | AT79: =IF(SUM(S79,T79,AG79,AH79)>0,1,0) -> 0 | AU79: =IF(R79=1,COUNTIF($R$28:R79,1),"") | AV79: =IF(S79=1,COUNTIF($S$28:S79,1),"") | AW79: =IF(T79=1,COUNTIF($T$28:T79,1),"") | AX79: =IF(COUNTIF(M79:AJ79,1)>0,H79,"") | AY79: =IF(V79=1,COUNTIF($V$28:V79,1),"") | AZ79: =IF(W79=1,COUNTIF($W$28:W79,1),"") | BA79: =IF(OR(E79="CS",J79="",K79="",AND(J79=0,K79=0)),"",ROUND((J79+K79)/2,2)) | BB79: =IF(Y79=1,COUNTIF($Y$28:Y79,1),"") | BC79: =IF(OR(E79="CS",J79="",K79="",AND(J79=0,K79=0)),"",I79) | BD79: =IF(AA79=1,COUNTIF($AA$28:AA79,1),"") | BE79: =IF(AB79=1,COUNTIF($AB$28:AB79,1),"") | BF79: =IF(COUNTIF(M79:AJ79,1)>0,C79,"") | BG79: =IF(AD79=1,COUNTIF($AD$28:AD79,1),"") | BH79: =IF(AE79=1,COUNTIF($AE$28:AE79,1),"") | BI79: =IF(AF79=1,COUNTIF($AF$28:AF79,1),"") | BJ79: =IF(AG79=1,COUNTIF($AG$28:AG79,1),"") | BK79: =IF(AH79=1,COUNTIF($AH$28:AH79,1),"") | BL79: =IF(AI79=1,COUNTIF($AI$28:AI79,1),"") | BM79: =IF(AJ79=1,COUNTIF($AJ$28:AJ79,1),"")
C80: =CONCATENATE(F80,"-",G80) -> - | I80: =IF(AND(J80=0,K80=0), "-", TEXT(J80,"0.00")&" - "&TEXT(K80,"0.00")&" m") -> - | AM80: =IF(OR(W80=1,X80=1,Y80=1,Z80=1,AA80=1,AB80=1,AC80=1,AD80=1,AE80=1,AF80=1),MAX($AM$26:AM78)+1,"") | AQ80: =IF(SUM(M80,N80,O80,P80,Q80,R80,AI80)>0,1,0) -> 0 | AR80: =IF(SUM(W80,X80,Y80,Z80,AA80,AB80,AC80,AD80,AE80,AF80)>0,1,0) -> 0 | AS80: =IF(SUM(U80,V80,AJ80)>0,1,0) -> 0 | AT80: =IF(SUM(S80,T80,AG80,AH80)>0,1,0) -> 0 | AU80: =IF(R80=1,COUNTIF($R$28:R80,1),"") | AV80: =IF(S80=1,COUNTIF($S$28:S80,1),"") | AW80: =IF(T80=1,COUNTIF($T$28:T80,1),"") | AX80: =IF(COUNTIF(M80:AJ80,1)>0,H80,"") | AY80: =IF(V80=1,COUNTIF($V$28:V80,1),"") | AZ80: =IF(W80=1,COUNTIF($W$28:W80,1),"") | BA80: =IF(OR(E80="CS",J80="",K80="",AND(J80=0,K80=0)),"",ROUND((J80+K80)/2,2)) | BB80: =IF(Y80=1,COUNTIF($Y$28:Y80,1),"") | BC80: =IF(OR(E80="CS",J80="",K80="",AND(J80=0,K80=0)),"",I80) | BD80: =IF(AA80=1,COUNTIF($AA$28:AA80,1),"") | BE80: =IF(AB80=1,COUNTIF($AB$28:AB80,1),"") | BF80: =IF(COUNTIF(M80:AJ80,1)>0,C80,"") | BG80: =IF(AD80=1,COUNTIF($AD$28:AD80,1),"") | BH80: =IF(AE80=1,COUNTIF($AE$28:AE80,1),"") | BI80: =IF(AF80=1,COUNTIF($AF$28:AF80,1),"") | BJ80: =IF(AG80=1,COUNTIF($AG$28:AG80,1),"") | BK80: =IF(AH80=1,COUNTIF($AH$28:AH80,1),"") | BL80: =IF(AI80=1,COUNTIF($AI$28:AI80,1),"") | BM80: =IF(AJ80=1,COUNTIF($AJ$28:AJ80,1),"")
C81: =CONCATENATE(F81,"-",G81) -> - | I81: =IF(AND(J81=0,K81=0), "-", TEXT(J81,"0.00")&" - "&TEXT(K81,"0.00")&" m") -> - | AM81: =IF(OR(W81=1,X81=1,Y81=1,Z81=1,AA81=1,AB81=1,AC81=1,AD81=1,AE81=1,AF81=1),MAX($AM$26:AM79)+1,"") | AQ81: =IF(SUM(M81,N81,O81,P81,Q81,R81,AI81)>0,1,0) -> 0 | AR81: =IF(SUM(W81,X81,Y81,Z81,AA81,AB81,AC81,AD81,AE81,AF81)>0,1,0) -> 0 | AS81: =IF(SUM(U81,V81,AJ81)>0,1,0) -> 0 | AT81: =IF(SUM(S81,T81,AG81,AH81)>0,1,0) -> 0 | AU81: =IF(R81=1,COUNTIF($R$28:R81,1),"") | AV81: =IF(S81=1,COUNTIF($S$28:S81,1),"") | AW81: =IF(T81=1,COUNTIF($T$28:T81,1),"") | AX81: =IF(COUNTIF(M81:AJ81,1)>0,H81,"") | AY81: =IF(V81=1,COUNTIF($V$28:V81,1),"") | AZ81: =IF(W81=1,COUNTIF($W$28:W81,1),"") | BA81: =IF(OR(E81="CS",J81="",K81="",AND(J81=0,K81=0)),"",ROUND((J81+K81)/2,2)) | BB81: =IF(Y81=1,COUNTIF($Y$28:Y81,1),"") | BC81: =IF(OR(E81="CS",J81="",K81="",AND(J81=0,K81=0)),"",I81) | BD81: =IF(AA81=1,COUNTIF($AA$28:AA81,1),"") | BE81: =IF(AB81=1,COUNTIF($AB$28:AB81,1),"") | BF81: =IF(COUNTIF(M81:AJ81,1)>0,C81,"") | BG81: =IF(AD81=1,COUNTIF($AD$28:AD81,1),"") | BH81: =IF(AE81=1,COUNTIF($AE$28:AE81,1),"") | BI81: =IF(AF81=1,COUNTIF($AF$28:AF81,1),"") | BJ81: =IF(AG81=1,COUNTIF($AG$28:AG81,1),"") | BK81: =IF(AH81=1,COUNTIF($AH$28:AH81,1),"") | BL81: =IF(AI81=1,COUNTIF($AI$28:AI81,1),"") | BM81: =IF(AJ81=1,COUNTIF($AJ$28:AJ81,1),"")
C82: =CONCATENATE(F82,"-",G82) -> - | I82: =IF(AND(J82=0,K82=0), "-", TEXT(J82,"0.00")&" - "&TEXT(K82,"0.00")&" m") -> - | AM82: =IF(OR(W82=1,X82=1,Y82=1,Z82=1,AA82=1,AB82=1,AC82=1,AD82=1,AE82=1,AF82=1),MAX($AM$26:AM80)+1,"") | AQ82: =IF(SUM(M82,N82,O82,P82,Q82,R82,AI82)>0,1,0) -> 0 | AR82: =IF(SUM(W82,X82,Y82,Z82,AA82,AB82,AC82,AD82,AE82,AF82)>0,1,0) -> 0 | AS82: =IF(SUM(U82,V82,AJ82)>0,1,0) -> 0 | AT82: =IF(SUM(S82,T82,AG82,AH82)>0,1,0) -> 0 | AU82: =IF(R82=1,COUNTIF($R$28:R82,1),"") | AV82: =IF(S82=1,COUNTIF($S$28:S82,1),"") | AW82: =IF(T82=1,COUNTIF($T$28:T82,1),"") | AX82: =IF(COUNTIF(M82:AJ82,1)>0,H82,"") | AY82: =IF(V82=1,COUNTIF($V$28:V82,1),"") | AZ82: =IF(W82=1,COUNTIF($W$28:W82,1),"") | BA82: =IF(OR(E82="CS",J82="",K82="",AND(J82=0,K82=0)),"",ROUND((J82+K82)/2,2)) | BB82: =IF(Y82=1,COUNTIF($Y$28:Y82,1),"") | BC82: =IF(OR(E82="CS",J82="",K82="",AND(J82=0,K82=0)),"",I82) | BD82: =IF(AA82=1,COUNTIF($AA$28:AA82,1),"") | BE82: =IF(AB82=1,COUNTIF($AB$28:AB82,1),"") | BF82: =IF(COUNTIF(M82:AJ82,1)>0,C82,"") | BG82: =IF(AD82=1,COUNTIF($AD$28:AD82,1),"") | BH82: =IF(AE82=1,COUNTIF($AE$28:AE82,1),"") | BI82: =IF(AF82=1,COUNTIF($AF$28:AF82,1),"") | BJ82: =IF(AG82=1,COUNTIF($AG$28:AG82,1),"") | BK82: =IF(AH82=1,COUNTIF($AH$28:AH82,1),"") | BL82: =IF(AI82=1,COUNTIF($AI$28:AI82,1),"") | BM82: =IF(AJ82=1,COUNTIF($AJ$28:AJ82,1),"")
C83: =CONCATENATE(F83,"-",G83) -> - | I83: =IF(AND(J83=0,K83=0), "-", TEXT(J83,"0.00")&" - "&TEXT(K83,"0.00")&" m") -> - | AM83: =IF(OR(W83=1,X83=1,Y83=1,Z83=1,AA83=1,AB83=1,AC83=1,AD83=1,AE83=1,AF83=1),MAX($AM$26:AM81)+1,"") | AQ83: =IF(SUM(M83,N83,O83,P83,Q83,R83,AI83)>0,1,0) -> 0 | AR83: =IF(SUM(W83,X83,Y83,Z83,AA83,AB83,AC83,AD83,AE83,AF83)>0,1,0) -> 0 | AS83: =IF(SUM(U83,V83,AJ83)>0,1,0) -> 0 | AT83: =IF(SUM(S83,T83,AG83,AH83)>0,1,0) -> 0 | AU83: =IF(R83=1,COUNTIF($R$28:R83,1),"") | AV83: =IF(S83=1,COUNTIF($S$28:S83,1),"") | AW83: =IF(T83=1,COUNTIF($T$28:T83,1),"") | AX83: =IF(COUNTIF(M83:AJ83,1)>0,H83,"") | AY83: =IF(V83=1,COUNTIF($V$28:V83,1),"") | AZ83: =IF(W83=1,COUNTIF($W$28:W83,1),"") | BA83: =IF(OR(E83="CS",J83="",K83="",AND(J83=0,K83=0)),"",ROUND((J83+K83)/2,2)) | BB83: =IF(Y83=1,COUNTIF($Y$28:Y83,1),"") | BC83: =IF(OR(E83="CS",J83="",K83="",AND(J83=0,K83=0)),"",I83) | BD83: =IF(AA83=1,COUNTIF($AA$28:AA83,1),"") | BE83: =IF(AB83=1,COUNTIF($AB$28:AB83,1),"") | BF83: =IF(COUNTIF(M83:AJ83,1)>0,C83,"") | BG83: =IF(AD83=1,COUNTIF($AD$28:AD83,1),"") | BH83: =IF(AE83=1,COUNTIF($AE$28:AE83,1),"") | BI83: =IF(AF83=1,COUNTIF($AF$28:AF83,1),"") | BJ83: =IF(AG83=1,COUNTIF($AG$28:AG83,1),"") | BK83: =IF(AH83=1,COUNTIF($AH$28:AH83,1),"") | BL83: =IF(AI83=1,COUNTIF($AI$28:AI83,1),"") | BM83: =IF(AJ83=1,COUNTIF($AJ$28:AJ83,1),"")
... C103: =CONCATENATE(F103,"-",G103) -> - | I103: =IF(AND(J103=0,K103=0), "-", TEXT(J103,"0.00")&" - "&TEXT(K103,"0.00")&" m") -> - | AM103: =IF(OR(W103=1,X103=1,Y103=1,Z103=1,AA103=1,AB103=1,AC103=1,AD103=1,AE103=1,AF103=1),MAX($AM$26:AM101)+1,"") | AQ103: =IF(SUM(M103,N103,O103,P103,Q103,R103,AI103)>0,1,0) -> 0 | AR103: =IF(SUM(W103,X103,Y103,Z103,AA103,AB103,AC103,AD103,AE103,AF103)>0,1,0) -> 0 | AS103: =IF(SUM(U103,V103,AJ103)>0,1,0) -> 0 | AT103: =IF(SUM(S103,T103,AG103,AH103)>0,1,0) -> 0 | AU103: =IF(R103=1,COUNTIF($R$28:R103,1),"") | AV103: =IF(S103=1,COUNTIF($S$28:S103,1),"") | AW103: =IF(T103=1,COUNTIF($T$28:T103,1),"") | AX103: =IF(COUNTIF(M103:AJ103,1)>0,H103,"") | AY103: =IF(V103=1,COUNTIF($V$28:V103,1),"") | AZ103: =IF(W103=1,COUNTIF($W$28:W103,1),"") | BA103: =IF(OR(E103="CS",J103="",K103="",AND(J103=0,K103=0)),"",ROUND((J103+K103)/2,2)) | BB103: =IF(Y103=1,COUNTIF($Y$28:Y103,1),"") | BC103: =IF(OR(E103="CS",J103="",K103="",AND(J103=0,K103=0)),"",I103) | BD103: =IF(AA103=1,COUNTIF($AA$28:AA103,1),"") | BE103: =IF(AB103=1,COUNTIF($AB$28:AB103,1),"") | BF103: =IF(COUNTIF(M103:AJ103,1)>0,C103,"") | BG103: =IF(AD103=1,COUNTIF($AD$28:AD103,1),"") | BH103: =IF(AE103=1,COUNTIF($AE$28:AE103,1),"") | BI103: =IF(AF103=1,COUNTIF($AF$28:AF103,1),"") | BJ103: =IF(AG103=1,COUNTIF($AG$28:AG103,1),"") | BK103: =IF(AH103=1,COUNTIF($AH$28:AH103,1),"") | BL103: =IF(AI103=1,COUNTIF($AI$28:AI103,1),"") | BM103: =IF(AJ103=1,COUNTIF($AJ$28:AJ103,1),"")
C104: =CONCATENATE(F104,"-",G104) -> - | I104: =IF(AND(J104=0,K104=0), "-", TEXT(J104,"0.00")&" - "&TEXT(K104,"0.00")&" m") -> - | AM104: =IF(OR(W104=1,X104=1,Y104=1,Z104=1,AA104=1,AB104=1,AC104=1,AD104=1,AE104=1,AF104=1),MAX($AM$26:AM102)+1,"") | AQ104: =IF(SUM(M104,N104,O104,P104,Q104,R104,AI104)>0,1,0) -> 0 | AR104: =IF(SUM(W104,X104,Y104,Z104,AA104,AB104,AC104,AD104,AE104,AF104)>0,1,0) -> 0 | AS104: =IF(SUM(U104,V104,AJ104)>0,1,0) -> 0 | AT104: =IF(SUM(S104,T104,AG104,AH104)>0,1,0) -> 0 | AX104: =IF(COUNTIF(M104:AJ104,1)>0,H104,"") | BA104: =IF(OR(E104="CS",J104="",K104="",AND(J104=0,K104=0)),"",ROUND((J104+K104)/2,2)) | BC104: =IF(OR(E104="CS",J104="",K104="",AND(J104=0,K104=0)),"",I104) | BF104: =IF(COUNTIF(M104:AJ104,1)>0,C104,"") | BH104: =IF(AE104=1,COUNTIF($AE$28:AE104,1),"")
C105: =CONCATENATE(F105,"-",G105) -> - | I105: =IF(AND(J105=0,K105=0), "-", TEXT(J105,"0.00")&" - "&TEXT(K105,"0.00")&" m") -> - | AM105: =IF(OR(W105=1,X105=1,Y105=1,Z105=1,AA105=1,AB105=1,AC105=1,AD105=1,AE105=1,AF105=1),MAX($AM$26:AM103)+1,"") | AQ105: =IF(SUM(M105,N105,O105,P105,Q105,R105,AI105)>0,1,0) -> 0 | AR105: =IF(SUM(W105,X105,Y105,Z105,AA105,AB105,AC105,AD105,AE105,AF105)>0,1,0) -> 0 | AS105: =IF(SUM(U105,V105,AJ105)>0,1,0) -> 0 | AT105: =IF(SUM(S105,T105,AG105,AH105)>0,1,0) -> 0 | AX105: =IF(COUNTIF(M105:AJ105,1)>0,H105,"") | BA105: =IF(OR(E105="CS",J105="",K105="",AND(J105=0,K105=0)),"",ROUND((J105+K105)/2,2)) | BC105: =IF(OR(E105="CS",J105="",K105="",AND(J105=0,K105=0)),"",I105) | BF105: =IF(COUNTIF(M105:AJ105,1)>0,C105,"") | BH105: =IF(AE105=1,COUNTIF($AE$28:AE105,1),"")
C106: =CONCATENATE(F106,"-",G106) -> - | I106: =IF(AND(J106=0,K106=0), "-", TEXT(J106,"0.00")&" - "&TEXT(K106,"0.00")&" m") -> - | AM106: =IF(OR(W106=1,X106=1,Y106=1,Z106=1,AA106=1,AB106=1,AC106=1,AD106=1,AE106=1,AF106=1),MAX($AM$26:AM104)+1,"") | AQ106: =IF(SUM(M106,N106,O106,P106,Q106,R106,AI106)>0,1,0) -> 0 | AR106: =IF(SUM(W106,X106,Y106,Z106,AA106,AB106,AC106,AD106,AE106,AF106)>0,1,0) -> 0 | AS106: =IF(SUM(U106,V106,AJ106)>0,1,0) -> 0 | AT106: =IF(SUM(S106,T106,AG106,AH106)>0,1,0) -> 0 | AX106: =IF(COUNTIF(M106:AJ106,1)>0,H106,"") | BA106: =IF(OR(E106="CS",J106="",K106="",AND(J106=0,K106=0)),"",ROUND((J106+K106)/2,2)) | BC106: =IF(OR(E106="CS",J106="",K106="",AND(J106=0,K106=0)),"",I106) | BF106: =IF(COUNTIF(M106:AJ106,1)>0,C106,"") | BH106: =IF(AE106=1,COUNTIF($AE$28:AE106,1),"")
C107: =CONCATENATE(F107,"-",G107) -> - | I107: =IF(AND(J107=0,K107=0), "-", TEXT(J107,"0.00")&" - "&TEXT(K107,"0.00")&" m") -> - | AM107: =IF(OR(W107=1,X107=1,Y107=1,Z107=1,AA107=1,AB107=1,AC107=1,AD107=1,AE107=1,AF107=1),MAX($AM$26:AM105)+1,"") | AQ107: =IF(SUM(M107,N107,O107,P107,Q107,R107,AI107)>0,1,0) -> 0 | AR107: =IF(SUM(W107,X107,Y107,Z107,AA107,AB107,AC107,AD107,AE107,AF107)>0,1,0) -> 0 | AS107: =IF(SUM(U107,V107,AJ107)>0,1,0) -> 0 | AT107: =IF(SUM(S107,T107,AG107,AH107)>0,1,0) -> 0 | AX107: =IF(COUNTIF(M107:AJ107,1)>0,H107,"") | BA107: =IF(OR(E107="CS",J107="",K107="",AND(J107=0,K107=0)),"",ROUND((J107+K107)/2,2)) | BC107: =IF(OR(E107="CS",J107="",K107="",AND(J107=0,K107=0)),"",I107) | BF107: =IF(COUNTIF(M107:AJ107,1)>0,C107,"") | BH107: =IF(AE107=1,COUNTIF($AE$28:AE107,1),"")
C108: =CONCATENATE(F108,"-",G108) -> - | I108: =IF(AND(J108=0,K108=0), "-", TEXT(J108,"0.00")&" - "&TEXT(K108,"0.00")&" m") -> - | AM108: =IF(OR(W108=1,X108=1,Y108=1,Z108=1,AA108=1,AB108=1,AC108=1,AD108=1,AE108=1,AF108=1),MAX($AM$26:AM106)+1,"") | AQ108: =IF(SUM(M108,N108,O108,P108,Q108,R108,AI108)>0,1,0) -> 0 | AR108: =IF(SUM(W108,X108,Y108,Z108,AA108,AB108,AC108,AD108,AE108,AF108)>0,1,0) -> 0 | AS108: =IF(SUM(U108,V108,AJ108)>0,1,0) -> 0 | AT108: =IF(SUM(S108,T108,AG108,AH108)>0,1,0) -> 0 | AX108: =IF(COUNTIF(M108:AJ108,1)>0,H108,"") | BA108: =IF(OR(E108="CS",J108="",K108="",AND(J108=0,K108=0)),"",ROUND((J108+K108)/2,2)) | BC108: =IF(OR(E108="CS",J108="",K108="",AND(J108=0,K108=0)),"",I108) | BF108: =IF(COUNTIF(M108:AJ108,1)>0,C108,"") | BH108: =IF(AE108=1,COUNTIF($AE$28:AE108,1),"")
C109: =CONCATENATE(F109,"-",G109) -> - | I109: =IF(AND(J109=0,K109=0), "-", TEXT(J109,"0.00")&" - "&TEXT(K109,"0.00")&" m") -> - | AM109: =IF(OR(W109=1,X109=1,Y109=1,Z109=1,AA109=1,AB109=1,AC109=1,AD109=1,AE109=1,AF109=1),MAX($AM$26:AM107)+1,"") | AQ109: =IF(SUM(M109,N109,O109,P109,Q109,R109,AI109)>0,1,0) -> 0 | AR109: =IF(SUM(W109,X109,Y109,Z109,AA109,AB109,AC109,AD109,AE109,AF109)>0,1,0) -> 0 | AS109: =IF(SUM(U109,V109,AJ109)>0,1,0) -> 0 | AT109: =IF(SUM(S109,T109,AG109,AH109)>0,1,0) -> 0 | AX109: =IF(COUNTIF(M109:AJ109,1)>0,H109,"") | BA109: =IF(OR(E109="CS",J109="",K109="",AND(J109=0,K109=0)),"",ROUND((J109+K109)/2,2)) | BC109: =IF(OR(E109="CS",J109="",K109="",AND(J109=0,K109=0)),"",I109) | BF109: =IF(COUNTIF(M109:AJ109,1)>0,C109,"") | BH109: =IF(AE109=1,COUNTIF($AE$28:AE109,1),"")
C110: =CONCATENATE(F110,"-",G110) -> - | I110: =IF(AND(J110=0,K110=0), "-", TEXT(J110,"0.00")&" - "&TEXT(K110,"0.00")&" m") -> - | AM110: =IF(OR(W110=1,X110=1,Y110=1,Z110=1,AA110=1,AB110=1,AC110=1,AD110=1,AE110=1,AF110=1),MAX($AM$26:AM108)+1,"") | AQ110: =IF(SUM(M110,N110,O110,P110,Q110,R110,AI110)>0,1,0) -> 0 | AR110: =IF(SUM(W110,X110,Y110,Z110,AA110,AB110,AC110,AD110,AE110,AF110)>0,1,0) -> 0 | AS110: =IF(SUM(U110,V110,AJ110)>0,1,0) -> 0 | AT110: =IF(SUM(S110,T110,AG110,AH110)>0,1,0) -> 0 | AX110: =IF(COUNTIF(M110:AJ110,1)>0,H110,"") | BA110: =IF(OR(E110="CS",J110="",K110="",AND(J110=0,K110=0)),"",ROUND((J110+K110)/2,2)) | BC110: =IF(OR(E110="CS",J110="",K110="",AND(J110=0,K110=0)),"",I110) | BF110: =IF(COUNTIF(M110:AJ110,1)>0,C110,"") | BH110: =IF(AE110=1,COUNTIF($AE$28:AE110,1),"")
C111: =CONCATENATE(F111,"-",G111) -> - | I111: =IF(AND(J111=0,K111=0), "-", TEXT(J111,"0.00")&" - "&TEXT(K111,"0.00")&" m") -> - | AM111: =IF(OR(W111=1,X111=1,Y111=1,Z111=1,AA111=1,AB111=1,AC111=1,AD111=1,AE111=1,AF111=1),MAX($AM$26:AM109)+1,"") | AQ111: =IF(SUM(M111,N111,O111,P111,Q111,R111,AI111)>0,1,0) -> 0 | AR111: =IF(SUM(W111,X111,Y111,Z111,AA111,AB111,AC111,AD111,AE111,AF111)>0,1,0) -> 0 | AS111: =IF(SUM(U111,V111,AJ111)>0,1,0) -> 0 | AT111: =IF(SUM(S111,T111,AG111,AH111)>0,1,0) -> 0 | AX111: =IF(COUNTIF(M111:AJ111,1)>0,H111,"") | BA111: =IF(OR(E111="CS",J111="",K111="",AND(J111=0,K111=0)),"",ROUND((J111+K111)/2,2)) | BC111: =IF(OR(E111="CS",J111="",K111="",AND(J111=0,K111=0)),"",I111) | BF111: =IF(COUNTIF(M111:AJ111,1)>0,C111,"") | BH111: =IF(AE111=1,COUNTIF($AE$28:AE111,1),"")
C112: =CONCATENATE(F112,"-",G112) -> - | I112: =IF(AND(J112=0,K112=0), "-", TEXT(J112,"0.00")&" - "&TEXT(K112,"0.00")&" m") -> - | AM112: =IF(OR(W112=1,X112=1,Y112=1,Z112=1,AA112=1,AB112=1,AC112=1,AD112=1,AE112=1,AF112=1),MAX($AM$26:AM110)+1,"") | AQ112: =IF(SUM(M112,N112,O112,P112,Q112,R112,AI112)>0,1,0) -> 0 | AR112: =IF(SUM(W112,X112,Y112,Z112,AA112,AB112,AC112,AD112,AE112,AF112)>0,1,0) -> 0 | AS112: =IF(SUM(U112,V112,AJ112)>0,1,0) -> 0 | AT112: =IF(SUM(S112,T112,AG112,AH112)>0,1,0) -> 0 | AX112: =IF(COUNTIF(M112:AJ112,1)>0,H112,"") | BA112: =IF(OR(E112="CS",J112="",K112="",AND(J112=0,K112=0)),"",ROUND((J112+K112)/2,2)) | BC112: =IF(OR(E112="CS",J112="",K112="",AND(J112=0,K112=0)),"",I112) | BF112: =IF(COUNTIF(M112:AJ112,1)>0,C112,"") | BH112: =IF(AE112=1,COUNTIF($AE$28:AE112,1),"")
C113: =CONCATENATE(F113,"-",G113) -> - | I113: =IF(AND(J113=0,K113=0), "-", TEXT(J113,"0.00")&" - "&TEXT(K113,"0.00")&" m") -> - | AM113: =IF(OR(W113=1,X113=1,Y113=1,Z113=1,AA113=1,AB113=1,AC113=1,AD113=1,AE113=1,AF113=1),MAX($AM$26:AM111)+1,"") | AQ113: =IF(SUM(M113,N113,O113,P113,Q113,R113,AI113)>0,1,0) -> 0 | AR113: =IF(SUM(W113,X113,Y113,Z113,AA113,AB113,AC113,AD113,AE113,AF113)>0,1,0) -> 0 | AS113: =IF(SUM(U113,V113,AJ113)>0,1,0) -> 0 | AT113: =IF(SUM(S113,T113,AG113,AH113)>0,1,0) -> 0 | AX113: =IF(COUNTIF(M113:AJ113,1)>0,H113,"") | BA113: =IF(OR(E113="CS",J113="",K113="",AND(J113=0,K113=0)),"",ROUND((J113+K113)/2,2)) | BC113: =IF(OR(E113="CS",J113="",K113="",AND(J113=0,K113=0)),"",I113) | BF113: =IF(COUNTIF(M113:AJ113,1)>0,C113,"") | BH113: =IF(AE113=1,COUNTIF($AE$28:AE113,1),"")
C114: =CONCATENATE(F114,"-",G114) -> - | I114: =IF(AND(J114=0,K114=0), "-", TEXT(J114,"0.00")&" - "&TEXT(K114,"0.00")&" m") -> - | AM114: =IF(OR(W114=1,X114=1,Y114=1,Z114=1,AA114=1,AB114=1,AC114=1,AD114=1,AE114=1,AF114=1),MAX($AM$26:AM112)+1,"") | AQ114: =IF(SUM(M114,N114,O114,P114,Q114,R114,AI114)>0,1,0) -> 0 | AR114: =IF(SUM(W114,X114,Y114,Z114,AA114,AB114,AC114,AD114,AE114,AF114)>0,1,0) -> 0 | AS114: =IF(SUM(U114,V114,AJ114)>0,1,0) -> 0 | AT114: =IF(SUM(S114,T114,AG114,AH114)>0,1,0) -> 0 | AX114: =IF(COUNTIF(M114:AJ114,1)>0,H114,"") | BA114: =IF(OR(E114="CS",J114="",K114="",AND(J114=0,K114=0)),"",ROUND((J114+K114)/2,2)) | BC114: =IF(OR(E114="CS",J114="",K114="",AND(J114=0,K114=0)),"",I114) | BF114: =IF(COUNTIF(M114:AJ114,1)>0,C114,"") | BH114: =IF(AE114=1,COUNTIF($AE$28:AE114,1),"")
C115: =CONCATENATE(F115,"-",G115) -> - | I115: =IF(AND(J115=0,K115=0), "-", TEXT(J115,"0.00")&" - "&TEXT(K115,"0.00")&" m") -> - | AM115: =IF(OR(W115=1,X115=1,Y115=1,Z115=1,AA115=1,AB115=1,AC115=1,AD115=1,AE115=1,AF115=1),MAX($AM$26:AM113)+1,"") | AQ115: =IF(SUM(M115,N115,O115,P115,Q115,R115,AI115)>0,1,0) -> 0 | AR115: =IF(SUM(W115,X115,Y115,Z115,AA115,AB115,AC115,AD115,AE115,AF115)>0,1,0) -> 0 | AS115: =IF(SUM(U115,V115,AJ115)>0,1,0) -> 0 | AT115: =IF(SUM(S115,T115,AG115,AH115)>0,1,0) -> 0 | AX115: =IF(COUNTIF(M115:AJ115,1)>0,H115,"") | BA115: =IF(OR(E115="CS",J115="",K115="",AND(J115=0,K115=0)),"",ROUND((J115+K115)/2,2)) | BC115: =IF(OR(E115="CS",J115="",K115="",AND(J115=0,K115=0)),"",I115) | BF115: =IF(COUNTIF(M115:AJ115,1)>0,C115,"") | BH115: =IF(AE115=1,COUNTIF($AE$28:AE115,1),"")
... C153: =CONCATENATE(F153,"-",G153) -> - | I153: =IF(AND(J153=0,K153=0), "-", TEXT(J153,"0.00")&" - "&TEXT(K153,"0.00")&" m") -> - | AM153: =IF(OR(W153=1,X153=1,Y153=1,Z153=1,AA153=1,AB153=1,AC153=1,AD153=1,AE153=1,AF153=1),MAX($AM$26:AM151)+1,"") | AQ153: =IF(SUM(M153,N153,O153,P153,Q153,R153,AI153)>0,1,0) -> 0 | AR153: =IF(SUM(W153,X153,Y153,Z153,AA153,AB153,AC153,AD153,AE153,AF153)>0,1,0) -> 0 | AS153: =IF(SUM(U153,V153,AJ153)>0,1,0) -> 0 | AT153: =IF(SUM(S153,T153,AG153,AH153)>0,1,0) -> 0 | AX153: =IF(COUNTIF(M153:AJ153,1)>0,H153,"") | BA153: =IF(OR(E153="CS",J153="",K153="",AND(J153=0,K153=0)),"",ROUND((J153+K153)/2,2)) | BC153: =IF(OR(E153="CS",J153="",K153="",AND(J153=0,K153=0)),"",I153) | BF153: =IF(COUNTIF(M153:AJ153,1)>0,C153,"") | BH153: =IF(AE153=1,COUNTIF($AE$28:AE153,1),"")
AM154: =IF(OR(W154=1,X154=1,Y154=1,Z154=1,AA154=1,AB154=1,AC154=1,AD154=1,AE154=1,AF154=1),MAX($AM$26:AM152)+1,"") | AQ154: =IF(SUM(M154,N154,O154,P154,Q154,R154,AI154)>0,1,0) -> 0 | AR154: =IF(SUM(W154,X154,Y154,Z154,AA154,AB154,AC154,AD154,AE154,AF154)>0,1,0) -> 0 | AS154: =IF(SUM(U154,V154,AJ154)>0,1,0) -> 0 | AT154: =IF(SUM(S154,T154,AG154,AH154)>0,1,0) -> 0 | AX154: =IF(COUNTIF(M154:AJ154,1)>0,H154,"") | BA154: =IF(OR(E154="CS",J154="",K154="",AND(J154=0,K154=0)),"",ROUND((J154+K154)/2,2)) | BC154: =IF(OR(E154="CS",J154="",K154="",AND(J154=0,K154=0)),"",I154) | BF154: =IF(COUNTIF(M154:AJ154,1)>0,C154,"")
AM155: =IF(OR(W155=1,X155=1,Y155=1,Z155=1,AA155=1,AB155=1,AC155=1,AD155=1,AE155=1,AF155=1),MAX($AM$26:AM153)+1,"") | AQ155: =IF(SUM(M155,N155,O155,P155,Q155,R155,AI155)>0,1,0) -> 0 | AR155: =IF(SUM(W155,X155,Y155,Z155,AA155,AB155,AC155,AD155,AE155,AF155)>0,1,0) -> 0 | AS155: =IF(SUM(U155,V155,AJ155)>0,1,0) -> 0 | AT155: =IF(SUM(S155,T155,AG155,AH155)>0,1,0) -> 0 | AX155: =IF(COUNTIF(M155:AJ155,1)>0,H155,"") | BA155: =IF(OR(E155="CS",J155="",K155="",AND(J155=0,K155=0)),"",ROUND((J155+K155)/2,2)) | BC155: =IF(OR(E155="CS",J155="",K155="",AND(J155=0,K155=0)),"",I155) | BF155: =IF(COUNTIF(M155:AJ155,1)>0,C155,"")
AM156: =IF(OR(W156=1,X156=1,Y156=1,Z156=1,AA156=1,AB156=1,AC156=1,AD156=1,AE156=1,AF156=1),MAX($AM$26:AM154)+1,"") | AQ156: =IF(SUM(M156,N156,O156,P156,Q156,R156,AI156)>0,1,0) -> 0 | AR156: =IF(SUM(W156,X156,Y156,Z156,AA156,AB156,AC156,AD156,AE156,AF156)>0,1,0) -> 0 | AS156: =IF(SUM(U156,V156,AJ156)>0,1,0) -> 0 | AT156: =IF(SUM(S156,T156,AG156,AH156)>0,1,0) -> 0 | AX156: =IF(COUNTIF(M156:AJ156,1)>0,H156,"") | BA156: =IF(OR(E156="CS",J156="",K156="",AND(J156=0,K156=0)),"",ROUND((J156+K156)/2,2)) | BC156: =IF(OR(E156="CS",J156="",K156="",AND(J156=0,K156=0)),"",I156) | BF156: =IF(COUNTIF(M156:AJ156,1)>0,C156,"")
AM157: =IF(OR(W157=1,X157=1,Y157=1,Z157=1,AA157=1,AB157=1,AC157=1,AD157=1,AE157=1,AF157=1),MAX($AM$26:AM155)+1,"") | AQ157: =IF(SUM(M157,N157,O157,P157,Q157,R157,AI157)>0,1,0) -> 0 | AR157: =IF(SUM(W157,X157,Y157,Z157,AA157,AB157,AC157,AD157,AE157,AF157)>0,1,0) -> 0 | AS157: =IF(SUM(U157,V157,AJ157)>0,1,0) -> 0 | AT157: =IF(SUM(S157,T157,AG157,AH157)>0,1,0) -> 0 | AX157: =IF(COUNTIF(M157:AJ157,1)>0,H157,"") | BA157: =IF(OR(E157="CS",J157="",K157="",AND(J157=0,K157=0)),"",ROUND((J157+K157)/2,2)) | BC157: =IF(OR(E157="CS",J157="",K157="",AND(J157=0,K157=0)),"",I157) | BF157: =IF(COUNTIF(M157:AJ157,1)>0,C157,"")
AM158: =IF(OR(W158=1,X158=1,Y158=1,Z158=1,AA158=1,AB158=1,AC158=1,AD158=1,AE158=1,AF158=1),MAX($AM$26:AM156)+1,"") | AQ158: =IF(SUM(M158,N158,O158,P158,Q158,R158,AI158)>0,1,0) -> 0 | AR158: =IF(SUM(W158,X158,Y158,Z158,AA158,AB158,AC158,AD158,AE158,AF158)>0,1,0) -> 0 | AS158: =IF(SUM(U158,V158,AJ158)>0,1,0) -> 0 | AT158: =IF(SUM(S158,T158,AG158,AH158)>0,1,0) -> 0 | AX158: =IF(COUNTIF(M158:AJ158,1)>0,H158,"") | BA158: =IF(OR(E158="CS",J158="",K158="",AND(J158=0,K158=0)),"",ROUND((J158+K158)/2,2)) | BC158: =IF(OR(E158="CS",J158="",K158="",AND(J158=0,K158=0)),"",I158) | BF158: =IF(COUNTIF(M158:AJ158,1)>0,C158,"")
AM159: =IF(OR(W159=1,X159=1,Y159=1,Z159=1,AA159=1,AB159=1,AC159=1,AD159=1,AE159=1,AF159=1),MAX($AM$26:AM157)+1,"") | AQ159: =IF(SUM(M159,N159,O159,P159,Q159,R159,AI159)>0,1,0) -> 0 | AR159: =IF(SUM(W159,X159,Y159,Z159,AA159,AB159,AC159,AD159,AE159,AF159)>0,1,0) -> 0 | AS159: =IF(SUM(U159,V159,AJ159)>0,1,0) -> 0 | AT159: =IF(SUM(S159,T159,AG159,AH159)>0,1,0) -> 0 | AX159: =IF(COUNTIF(M159:AJ159,1)>0,H159,"") | BA159: =IF(OR(E159="CS",J159="",K159="",AND(J159=0,K159=0)),"",ROUND((J159+K159)/2,2)) | BC159: =IF(OR(E159="CS",J159="",K159="",AND(J159=0,K159=0)),"",I159) | BF159: =IF(COUNTIF(M159:AJ159,1)>0,C159,"")
AM160: =IF(OR(W160=1,X160=1,Y160=1,Z160=1,AA160=1,AB160=1,AC160=1,AD160=1,AE160=1,AF160=1),MAX($AM$26:AM158)+1,"") | AQ160: =IF(SUM(M160,N160,O160,P160,Q160,R160,AI160)>0,1,0) -> 0 | AR160: =IF(SUM(W160,X160,Y160,Z160,AA160,AB160,AC160,AD160,AE160,AF160)>0,1,0) -> 0 | AS160: =IF(SUM(U160,V160,AJ160)>0,1,0) -> 0 | AT160: =IF(SUM(S160,T160,AG160,AH160)>0,1,0) -> 0 | AX160: =IF(COUNTIF(M160:AJ160,1)>0,H160,"") | BA160: =IF(OR(E160="CS",J160="",K160="",AND(J160=0,K160=0)),"",ROUND((J160+K160)/2,2)) | BC160: =IF(OR(E160="CS",J160="",K160="",AND(J160=0,K160=0)),"",I160) | BF160: =IF(COUNTIF(M160:AJ160,1)>0,C160,"")
...

Sheet Excecutive Summary
D2: LABORATORIUM MEKANIKA TANAH DAN BATUAN | V2: RINGKASAN LAPORAN HASIL UJI
D3: PT. TERRAFORMA GEOTEKNIK INDONESIA | V3: TEST RESULT SUMMARY
A7: Nomor Laporan / Report Number
A8: Revisi / Revision
A9: Tgl Revisi / Revision date | M9: Tgl Laporan / Report Date | X9: Halaman /Pages | AA9: =": 1 dari X" -> : 1 dari X
D23: RINGKASAN EKSEKUTIF / EXECUTIVE SUMMARY
D29: INFORMASI PROYEK/PROJECT INFORMATION | Q29: RINGKASAN SAMPEL / SAMPLE SUMMARY
D31: Nama Proyek / Project Name | Q31: Ringkasan Sampel | X31: Jumlah
Q33: Sampel Diterima / Samples Received | X33: 25
D34: Lokasi Proyek / Project Location | Q34: Sampel Individual Diuji / Individual Samples Tested | X34: 25
D35: No. PO / PO Number | Q35: Sampel Komposit Diuji / Composite Samples Tested | X35: 0
Q36: Total Sampel Diuji / Total Samples Tested | X36: =X34+X35 -> 25
Q37: Sampel Tidak Diuji / Samples Not Tested | X37: 0
D39: IDENTITAS KLIEN / CLIENT INFORMATION | Q39: =IF(OR(X35>0,X37>0),"Catatan / Notes: ","") & IF(X35>0, X35& " sampel komposit diuji sebagai sampel representatif hasil penggabungan beberapa sampel / "& X35& " composite samples were tested as representative samples prepared from multiple samples", "") & IF(AND(X35>0,X37>0),"; ","") & IF(X37>0, X37& " sampel tidak dilakukan pengujian / "& X37& " samples were not tested", "")
D41: Klien / Client
D42: Alamat / Address
H43: =": "&IF('[4]DATA INDUK'!$H$6="","",'[4]DATA INDUK'!L26) -> :
Q44: RINGKASAN KELOMPOK PENGUJIAN / TEST GROUP SUMMARY
Q46: Kelompok Pengujian / Test Group | W46: Jumlah Sampel Diuji / Number of SamplesTested
Q48: Physical Properties | W48: =SUM('DATA INDUK'!$AQ$28:AQ328) -> 25 | AD48: ='DATA INDUK'!$H$9 -> PO-GQT-001
Q49: Shear Strength | W49: =SUM('DATA INDUK'!$AR$28:AR328) -> 24 | AD49: ='DATA INDUK'!$P$17 -> QMS/SUM-001/VI/2026
Q50: Compaction & CBR | W50: =SUM('DATA INDUK'!$AS$28:AS328) -> 3 | AD50: EXEC
Q51: Consolidation & Permeability | W51: =SUM('DATA INDUK'!$AT$28:AT328) -> 5
A68: KETERANGAN / REMARK | E68: Summary ini merupakan ringkasan hasil pengujian yang disusun berdasarkan Laporan Hasil Uji (LHU) terkait. Apabila terdapat perbedaan interpretasi, maka data dan informasi yang tercantum dalam LHU yang bersangkutan menjadi acuan utama./ This summary presents a compilation of test results derived from the corresponding Test Reports (LHU). In the event of any discrepancy in interpretation, the data and information stated in the respective Test Report shall prevail. | N68: DIPERSIAPKAN OLEH / PREPARED BY | S68: DISETUJUI OLEH / APPROVED BY
N74: KOORDINATOR MUTU | S74: KA. LABORATORIUM
N75: Tgl / Date | S75: Tgl / Date

Sheet summary PP
C2: PT. TERRAFORMA GEOTEKNIK INDONESIA | P2: RINGKASAN LAPORAN HASIL UJI
C3: " GROUND TRUTH THROUGH TESTING" | P3: TEST REPORT SUMMARY
A7: Nomor Laporan / Report Number | E7: =": "& IF('DATA INDUK'!$P$17="","",'DATA INDUK'!$P$17) -> : QMS/SUM-001/VI/2026
A8: Revisi / Revision | E8: =": "& IF('DATA INDUK'!$P$18="","",'DATA INDUK'!$P$18) -> : R0
A9: Tgl Revisi / Revision date | E9: =": "& IF('DATA INDUK'!$P$19="","",'DATA INDUK'!$P$19) -> : - | I9: Tgl Laporan / Report Date | L9: =": "& IF('DATA INDUK'!$P$20="","",TEXT('DATA INDUK'!$P$20,"dd mmmm yyyy")) -> : 20 June 2026 | S9: Halaman /Pages | T9: =": 1 dari X" -> : 1 dari X
A12: RINGKASAN KELOMPOK SIFAT FISIK DAN KLASIFIKASI
A13: SUMMARY OF PHYSICAL PROPERTIES AND CLASSIFICATION TEST GROUP | P13: Jumlah Sampel Diuji / Number of Samples Tested | T13: ='Excecutive Summary'!$W$48 -> 25
A16: No | B16: Lab. ID | C16: Sample ID | E16: SAMPLE TYPE | F16: INTERVAL DEPTH | G16: SPESIFIC GRAVITY | H16: MOISTURE CONTENT | I16: UNIT WEIGHT | K16: ATTENBERG LIMIT | O16: GRAIN SIZE ANALYSIS | T16: SHRINKAGE LIMIT | W16: Spesial Request Note | X16: 1
G18: Gs | H18: w (%) | I18: γw (g/cm³) | J18: γd (g/cm³) | K18: LL (%) | L18: PL (%) | M18: PI (%) | N18: USCS | O18: Clay (%) | P18: Silt (%) | Q18: Sand (%) | R18: Gravel (%) | S18: Material Description | T18: SL (%)
A20: =IFERROR(SMALL('DATA INDUK'!$AL$28:$AL$1151,ROWS($A$20:A20)),"") -> 1 | B20: =IF($A20="","",INDEX('DATA INDUK'!$H$28:$H$151,MATCH($A20,'DATA INDUK'!$AL$28:$AL$151,0))) -> 26-001-DS-001 | C20: {=IF($A20="","", _xlfn.LET( _xlpm.Grp,INDEX('DATA INDUK'!$L$28:$L$151, MATCH($A20,'DATA INDUK'!$AL$28:$AL$151,0)), _xlpm.SID,INDEX('DATA INDUK'!$C$28:$C$151, MATCH($A20,'DATA INDUK'!$AL$28:$AL$151,0)), IF( _xlpm.Grp="", _xlpm.SID, _xlfn.TEXTJOIN(CHAR(10),TRUE, _xlfn._xlws.FILTER('DATA INDUK'!$C$28:$C$151, 'DATA INDUK'!$L$28:$L$151=_xlpm.Grp)) ) ))} -> BH-04R1-SPT 15 | E20: =IF($A20="","",INDEX('DATA INDUK'!$D$28:$D$151,MATCH($A20,'DATA INDUK'!$AL$28:$AL$151,0))) -> Disturbed Sample | F20: {=IF($A20="","", _xlfn.LET( _xlpm.Grp,INDEX('DATA INDUK'!$L$28:$L$151, MATCH($A20,'DATA INDUK'!$AL$28:$AL$151,0)), IF( _xlpm.Grp="", INDEX('DATA INDUK'!$I$28:$I$151, MATCH($A20,'DATA INDUK'!$AL$28:$AL$151,0)), _xlfn.TEXTJOIN(CHAR(10),TRUE, _xlfn._xlws.FILTER('DATA INDUK'!$I$28:$I$151, 'DATA INDUK'!$L$28:$L$151=_xlpm.Grp)) ) ))} -> 22.50 - 22.95 m | G20: ='[3]WS-PP'!$C$86 -> 2.6824373 | H20: ='[3]WS-PP'!$C$88 -> 33.378096 | I20: ='[3]WS-PP'!$C$90 -> 1.6970833 | J20: ='[3]WS-PP'!$C$92 -> 1.2723853 | K20: - | L20: - | M20: - | N20: =IF($A20="","", IF(OR($K20="",$M20=""),"", IF($K20="-","-", IF($K20="NP","NP - Non Plastic", IF(AND($K20<50,$M20>=0.73*($K20-20)),"CL - Lean Clay", IF(AND($K20>=50,$M20>=0.73*($K20-20)),"CH - Fat Clay", IF(AND($K20<50,$M20<0.73*($K20-20)),"ML - Silt", IF(AND($K20>=50,$M20<0.73*($K20-20)),"MH - Elastic Silt","")))))))) -> - | O20: - | P20: - | Q20: - | R20: - | T20: -
A21: =IFERROR(SMALL('DATA INDUK'!$AL$28:$AL$1151,ROWS($A$20:A21)),"") -> 2 | B21: =IF($A21="","",INDEX('DATA INDUK'!$H$28:$H$151,MATCH($A21,'DATA INDUK'!$AL$28:$AL$151,0))) -> 26-001-DS-002 | C21: {=IF($A21="","", _xlfn.LET( _xlpm.Grp,INDEX('DATA INDUK'!$L$28:$L$151, MATCH($A21,'DATA INDUK'!$AL$28:$AL$151,0)), _xlpm.SID,INDEX('DATA INDUK'!$C$28:$C$151, MATCH($A21,'DATA INDUK'!$AL$28:$AL$151,0)), IF( _xlpm.Grp="", _xlpm.SID, _xlfn.TEXTJOIN(CHAR(10),TRUE, _xlfn._xlws.FILTER('DATA INDUK'!$C$28:$C$151, 'DATA INDUK'!$L$28:$L$151=_xlpm.Grp)) ) ))} -> BH-03-R-SPT 01 | E21: =IF($A21="","",INDEX('DATA INDUK'!$D$28:$D$151,MATCH($A21,'DATA INDUK'!$AL$28:$AL$151,0))) -> Disturbed Sample | F21: {=IF($A21="","", _xlfn.LET( _xlpm.Grp,INDEX('DATA INDUK'!$L$28:$L$151, MATCH($A21,'DATA INDUK'!$AL$28:$AL$151,0)), IF( _xlpm.Grp="", INDEX('DATA INDUK'!$I$28:$I$151, MATCH($A21,'DATA INDUK'!$AL$28:$AL$151,0)), _xlfn.TEXTJOIN(CHAR(10),TRUE, _xlfn._xlws.FILTER('DATA INDUK'!$I$28:$I$151, 'DATA INDUK'!$L$28:$L$151=_xlpm.Grp)) ) ))} -> 1.50 - 1.95 m | G21: =[4]LHU_PP!$O$36 -> 2.6721216 | H21: =[4]LHU_PP!$O$37 -> 34.854043 | I21: =[4]LHU_PP!$O$38 -> 1.6942878 | J21: =[4]LHU_PP!$O$39 -> 1.2563864 | K21: - | L21: - | M21: - | N21: =IF($A21="","", IF(OR($K21="",$M21=""),"", IF($K21="-","-", IF($K21="NP","NP - Non Plastic", IF(AND($K21<50,$M21>=0.73*($K21-20)),"CL - Lean Clay", IF(AND($K21>=50,$M21>=0.73*($K21-20)),"CH - Fat Clay", IF(AND($K21<50,$M21<0.73*($K21-20)),"ML - Silt", IF(AND($K21>=50,$M21<0.73*($K21-20)),"MH - Elastic Silt","")))))))) -> - | O21: - | P21: - | Q21: - | R21: - | T21: -
A22: =IFERROR(SMALL('DATA INDUK'!$AL$28:$AL$1151,ROWS($A$20:A22)),"") -> 3 | B22: =IF($A22="","",INDEX('DATA INDUK'!$H$28:$H$151,MATCH($A22,'DATA INDUK'!$AL$28:$AL$151,0))) -> 26-001-DS-003 | C22: {=IF($A22="","", _xlfn.LET( _xlpm.Grp,INDEX('DATA INDUK'!$L$28:$L$151, MATCH($A22,'DATA INDUK'!$AL$28:$AL$151,0)), _xlpm.SID,INDEX('DATA INDUK'!$C$28:$C$151, MATCH($A22,'DATA INDUK'!$AL$28:$AL$151,0)), IF( _xlpm.Grp="", _xlpm.SID, _xlfn.TEXTJOIN(CHAR(10),TRUE, _xlfn._xlws.FILTER('DATA INDUK'!$C$28:$C$151, 'DATA INDUK'!$L$28:$L$151=_xlpm.Grp)) ) ))} -> BH-07-R-SPT-01 | E22: =IF($A22="","",INDEX('DATA INDUK'!$D$28:$D$151,MATCH($A22,'DATA INDUK'!$AL$28:$AL$151,0))) -> Disturbed Sample | F22: {=IF($A22="","", _xlfn.LET( _xlpm.Grp,INDEX('DATA INDUK'!$L$28:$L$151, MATCH($A22,'DATA INDUK'!$AL$28:$AL$151,0)), IF( _xlpm.Grp="", INDEX('DATA INDUK'!$I$28:$I$151, MATCH($A22,'DATA INDUK'!$AL$28:$AL$151,0)), _xlfn.TEXTJOIN(CHAR(10),TRUE, _xlfn._xlws.FILTER('DATA INDUK'!$I$28:$I$151, 'DATA INDUK'!$L$28:$L$151=_xlpm.Grp)) ) ))} -> 1.50 - 1.95 m | G22: ='[5]WS-PP'!$C$86 -> 2.6573968 | H22: ='[5]WS-PP'!$C$88 -> 38.942112 | I22: ='[5]WS-PP'!$C$90 -> 1.6873065 | J22: ='[5]WS-PP'!$C$92 -> 1.2143953 | K22: - | L22: - | M22: - | N22: =IF($A22="","", IF(OR($K22="",$M22=""),"", IF($K22="-","-", IF($K22="NP","NP - Non Plastic", IF(AND($K22<50,$M22>=0.73*($K22-20)),"CL - Lean Clay", IF(AND($K22>=50,$M22>=0.73*($K22-20)),"CH - Fat Clay", IF(AND($K22<50,$M22<0.73*($K22-20)),"ML - Silt", IF(AND($K22>=50,$M22<0.73*($K22-20)),"MH - Elastic Silt","")))))))) -> - | O22: - | P22: - | Q22: - | R22: - | T22: -
A23: =IFERROR(SMALL('DATA INDUK'!$AL$28:$AL$1151,ROWS($A$20:A23)),"") -> 4 | B23: =IF($A23="","",INDEX('DATA INDUK'!$H$28:$H$151,MATCH($A23,'DATA INDUK'!$AL$28:$AL$151,0))) -> 26-001-DS-004 | C23: {=IF($A23="","", _xlfn.LET( _xlpm.Grp,INDEX('DATA INDUK'!$L$28:$L$151, MATCH($A23,'DATA INDUK'!$AL$28:$AL$151,0)), _xlpm.SID,INDEX('DATA INDUK'!$C$28:$C$151, MATCH($A23,'DATA INDUK'!$AL$28:$AL$151,0)), IF( _xlpm.Grp="", _xlpm.SID, _xlfn.TEXTJOIN(CHAR(10),TRUE, _xlfn._xlws.FILTER('DATA INDUK'!$C$28:$C$151, 'DATA INDUK'!$L$28:$L$151=_xlpm.Grp)) ) ))} -> BH-07-R-SPT 03 | E23: =IF($A23="","",INDEX('DATA INDUK'!$D$28:$D$151,MATCH($A23,'DATA INDUK'!$AL$28:$AL$151,0))) -> Disturbed Sample | F23: {=IF($A23="","", _xlfn.LET( _xlpm.Grp,INDEX('DATA INDUK'!$L$28:$L$151, MATCH($A23,'DATA INDUK'!$AL$28:$AL$151,0)), IF( _xlpm.Grp="", INDEX('DATA INDUK'!$I$28:$I$151, MATCH($A23,'DATA INDUK'!$AL$28:$AL$151,0)), _xlfn.TEXTJOIN(CHAR(10),TRUE, _xlfn._xlws.FILTER('DATA INDUK'!$I$28:$I$151, 'DATA INDUK'!$L$28:$L$151=_xlpm.Grp)) ) ))} -> 4.50 - 4.95 m | G23: ='[2]WS-PP'!$H$66 -> 2.6645329 | H23: ='[2]WS-PP'!$H$67 -> 24.673539 | I23: ='[2]WS-PP'!$H$68 -> 1.6775585 | J23: ='[2]WS-PP'!$H$69 -> 1.3455609 | K23: - | L23: - | M23: - | N23: =IF($A23="","", IF(OR($K23="",$M23=""),"", IF($K23="-","-", IF($K23="NP","NP - Non Plastic", IF(AND($K23<50,$M23>=0.73*($K23-20)),"CL - Lean Clay", IF(AND($K23>=50,$M23>=0.73*($K23-20)),"CH - Fat Clay", IF(AND($K23<50,$M23<0.73*($K23-20)),"ML - Silt", IF(AND($K23>=50,$M23<0.73*($K23-20)),"MH - Elastic Silt","")))))))) -> - | O23: - | P23: - | Q23: - | R23: - | T23: -
A24: =IFERROR(SMALL('DATA INDUK'!$AL$28:$AL$1151,ROWS($A$20:A24)),"") -> 5 | B24: =IF($A24="","",INDEX('DATA INDUK'!$H$28:$H$151,MATCH($A24,'DATA INDUK'!$AL$28:$AL$151,0))) -> 26-001-DS-005 | C24: {=IF($A24="","", _xlfn.LET( _xlpm.Grp,INDEX('DATA INDUK'!$L$28:$L$151, MATCH($A24,'DATA INDUK'!$AL$28:$AL$151,0)), _xlpm.SID,INDEX('DATA INDUK'!$C$28:$C$151, MATCH($A24,'DATA INDUK'!$AL$28:$AL$151,0)), IF( _xlpm.Grp="", _xlpm.SID, _xlfn.TEXTJOIN(CHAR(10),TRUE, _xlfn._xlws.FILTER('DATA INDUK'!$C$28:$C$151, 'DATA INDUK'!$L$28:$L$151=_xlpm.Grp)) ) ))} -> BH-06-R2-SPT 01 | E24: =IF($A24="","",INDEX('DATA INDUK'!$D$28:$D$151,MATCH($A24,'DATA INDUK'!$AL$28:$AL$151,0))) -> Disturbed Sample | F24: {=IF($A24="","", _xlfn.LET( _xlpm.Grp,INDEX('DATA INDUK'!$L$28:$L$151, MATCH($A24,'DATA INDUK'!$AL$28:$AL$151,0)), IF( _xlpm.Grp="", INDEX('DATA INDUK'!$I$28:$I$151, MATCH($A24,'DATA INDUK'!$AL$28:$AL$151,0)), _xlfn.TEXTJOIN(CHAR(10),TRUE, _xlfn._xlws.FILTER('DATA INDUK'!$I$28:$I$151, 'DATA INDUK'!$L$28:$L$151=_xlpm.Grp)) ) ))} -> 1.50 - 1.95 m | G24: ='[6]WS-PP'!$C$86 -> 2.6746347 | H24: ='[6]WS-PP'!$C$88 -> 33.207683 | I24: ='[6]WS-PP'!$C$90 -> 1.692069 | J24: ='[6]WS-PP'!$C$92 -> 1.2702488 | K24: - | L24: - | M24: - | N24: =IF($A24="","", IF(OR($K24="",$M24=""),"", IF($K24="-","-", IF($K24="NP","NP - Non Plastic", IF(AND($K24<50,$M24>=0.73*($K24-20)),"CL - Lean Clay", IF(AND($K24>=50,$M24>=0.73*($K24-20)),"CH - Fat Clay", IF(AND($K24<50,$M24<0.73*($K24-20)),"ML - Silt", IF(AND($K24>=50,$M24<0.73*($K24-20)),"MH - Elastic Silt","")))))))) -> - | O24: - | P24: - | Q24: - | R24: - | T24: -
A25: =IFERROR(SMALL('DATA INDUK'!$AL$28:$AL$1151,ROWS($A$20:A25)),"") -> 6 | B25: =IF($A25="","",INDEX('DATA INDUK'!$H$28:$H$151,MATCH($A25,'DATA INDUK'!$AL$28:$AL$151,0))) -> 26-001-DS-006 | C25: {=IF($A25="","", _xlfn.LET( _xlpm.Grp,INDEX('DATA INDUK'!$L$28:$L$151, MATCH($A25,'DATA INDUK'!$AL$28:$AL$151,0)), _xlpm.SID,INDEX('DATA INDUK'!$C$28:$C$151, MATCH($A25,'DATA INDUK'!$AL$28:$AL$151,0)), IF( _xlpm.Grp="", _xlpm.SID, _xlfn.TEXTJOIN(CHAR(10),TRUE, _xlfn._xlws.FILTER('DATA INDUK'!$C$28:$C$151, 'DATA INDUK'!$L$28:$L$151=_xlpm.Grp)) ) ))} -> BH-06-R2-SPT 03 | E25: =IF($A25="","",INDEX('DATA INDUK'!$D$28:$D$151,MATCH($A25,'DATA INDUK'!$AL$28:$AL$151,0))) -> Disturbed Sample | F25: {=IF($A25="","", _xlfn.LET( _xlpm.Grp,INDEX('DATA INDUK'!$L$28:$L$151, MATCH($A25,'DATA INDUK'!$AL$28:$AL$151,0)), IF( _xlpm.Grp="", INDEX('DATA INDUK'!$I$28:$I$151, MATCH($A25,'DATA INDUK'!$AL$28:$AL$151,0)), _xlfn.TEXTJOIN(CHAR(10),TRUE, _xlfn._xlws.FILTER('DATA INDUK'!$I$28:$I$151, 'DATA INDUK'!$L$28:$L$151=_xlpm.Grp)) ) ))} -> 4.50 - 4.95 m | G25: ='[7]WS-PP'!$C$86 -> 2.6776332 | H25: ='[7]WS-PP'!$C$88 -> 26.28117 | I25: ='[7]WS-PP'!$C$90 -> 1.6647356 | J25: ='[7]WS-PP'!$C$92 -> 1.318277 | K25: ='[7]WS-ATB'!$C$163 -> 46.879858 | L25: ='[7]WS-ATB'!$C$165 -> 22.721893 | M25: ='[7]WS-ATB'!$C$167 -> 24.157965 | N25: =IF($A25="","", IF(OR($K25="",$M25=""),"", IF($K25="-","-", IF($K25="NP","NP - Non Plastic", IF(AND($K25<50,$M25>=0.73*($K25-20)),"CL - Lean Clay", IF(AND($K25>=50,$M25>=0.73*($K25-20)),"CH - Fat Clay", IF(AND($K25<50,$M25<0.73*($K25-20)),"ML - Silt", IF(AND($K25>=50,$M25<0.73*($K25-20)),"MH - Elastic Silt","")))))))) -> CL - Lean Clay | O25: ='[7]WS-Sieve dan hidrometer'!$C$136 -> 4.7990147 | P25: ='[7]WS-Sieve dan hidrometer'!$C$135 -> 26.394581 | Q25: ='[7]WS-Sieve dan hidrometer'!$C$134 -> 68.806404 | R25: ='[7]WS-Sieve dan hidrometer'!$C$133 -> 0 | T25: -
A26: =IFERROR(SMALL('DATA INDUK'!$AL$28:$AL$1151,ROWS($A$20:A26)),"") -> 7 | B26: =IF($A26="","",INDEX('DATA INDUK'!$H$28:$H$151,MATCH($A26,'DATA INDUK'!$AL$28:$AL$151,0))) -> 26-001-UDS-007 | C26: {=IF($A26="","", _xlfn.LET( _xlpm.Grp,INDEX('DATA INDUK'!$L$28:$L$151, MATCH($A26,'DATA INDUK'!$AL$28:$AL$151,0)), _xlpm.SID,INDEX('DATA INDUK'!$C$28:$C$151, MATCH($A26,'DATA INDUK'!$AL$28:$AL$151,0)), IF( _xlpm.Grp="", _xlpm.SID, _xlfn.TEXTJOIN(CHAR(10),TRUE, _xlfn._xlws.FILTER('DATA INDUK'!$C$28:$C$151, 'DATA INDUK'!$L$28:$L$151=_xlpm.Grp)) ) ))} -> BH-04R1-UDS 01 | E26: =IF($A26="","",INDEX('DATA INDUK'!$D$28:$D$151,MATCH($A26,'DATA INDUK'!$AL$28:$AL$151,0))) -> Undisturbed Sample | F26: {=IF($A26="","", _xlfn.LET( _xlpm.Grp,INDEX('DATA INDUK'!$L$28:$L$151, MATCH($A26,'DATA INDUK'!$AL$28:$AL$151,0)), IF( _xlpm.Grp="", INDEX('DATA INDUK'!$I$28:$I$151, MATCH($A26,'DATA INDUK'!$AL$28:$AL$151,0)), _xlfn.TEXTJOIN(CHAR(10),TRUE, _xlfn._xlws.FILTER('DATA INDUK'!$I$28:$I$151, 'DATA INDUK'!$L$28:$L$151=_xlpm.Grp)) ) ))} -> 10.00 - 10.15 m | G26: =[8]LHU_PP!$O$36 -> 2.6607959 | H26: =[8]LHU_PP!$O$37 -> 29.075334 | I26: =[8]LHU_PP!$O$38 -> 1.6829772 | J26: =[8]LHU_PP!$O$39 -> 1.3038721 | K26: - | L26: - | M26: - | N26: =IF($A26="","", IF(OR($K26="",$M26=""),"", IF($K26="-","-", IF($K26="NP","NP - Non Plastic", IF(AND($K26<50,$M26>=0.73*($K26-20)),"CL - Lean Clay", IF(AND($K26>=50,$M26>=0.73*($K26-20)),"CH - Fat Clay", IF(AND($K26<50,$M26<0.73*($K26-20)),"ML - Silt", IF(AND($K26>=50,$M26<0.73*($K26-20)),"MH - Elastic Silt","")))))))) -> - | O26: - | P26: - | Q26: - | R26: - | T26: -
A27: =IFERROR(SMALL('DATA INDUK'!$AL$28:$AL$1151,ROWS($A$20:A27)),"") -> 8 | B27: =IF($A27="","",INDEX('DATA INDUK'!$H$28:$H$151,MATCH($A27,'DATA INDUK'!$AL$28:$AL$151,0))) -> 26-001-UDS-008 | C27: {=IF($A27="","", _xlfn.LET( _xlpm.Grp,INDEX('DATA INDUK'!$L$28:$L$151, MATCH($A27,'DATA INDUK'!$AL$28:$AL$151,0)), _xlpm.SID,INDEX('DATA INDUK'!$C$28:$C$151, MATCH($A27,'DATA INDUK'!$AL$28:$AL$151,0)), IF( _xlpm.Grp="", _xlpm.SID, _xlfn.TEXTJOIN(CHAR(10),TRUE, _xlfn._xlws.FILTER('DATA INDUK'!$C$28:$C$151, 'DATA INDUK'!$L$28:$L$151=_xlpm.Grp)) ) ))} -> BH-05-R-UDS 01 | E27: =IF($A27="","",INDEX('DATA INDUK'!$D$28:$D$151,MATCH($A27,'DATA INDUK'!$AL$28:$AL$151,0))) -> Undisturbed Sample | F27: {=IF($A27="","", _xlfn.LET( _xlpm.Grp,INDEX('DATA INDUK'!$L$28:$L$151, MATCH($A27,'DATA INDUK'!$AL$28:$AL$151,0)), IF( _xlpm.Grp="", INDEX('DATA INDUK'!$I$28:$I$151, MATCH($A27,'DATA INDUK'!$AL$28:$AL$151,0)), _xlfn.TEXTJOIN(CHAR(10),TRUE, _xlfn._xlws.FILTER('DATA INDUK'!$I$28:$I$151, 'DATA INDUK'!$L$28:$L$151=_xlpm.Grp)) ) ))} -> 0.50 - 0.75 m | G27: - | H27: - | I27: - | J27: - | K27: - | L27: - | M27: - | N27: =IF($A27="","", IF(OR($K27="",$M27=""),"", IF($K27="-","-", IF($K27="NP","NP - Non Plastic", IF(AND($K27<50,$M27>=0.73*($K27-20)),"CL - Lean Clay", IF(AND($K27>=50,$M27>=0.73*($K27-20)),"CH - Fat Clay", IF(AND($K27<50,$M27<0.73*($K27-20)),"ML - Silt", IF(AND($K27>=50,$M27<0.73*($K27-20)),"MH - Elastic Silt","")))))))) -> - | O27: - | P27: - | Q27: - | R27: - | T27: -
A28: =IFERROR(SMALL('DATA INDUK'!$AL$28:$AL$1151,ROWS($A$20:A28)),"") -> 9 | B28: =IF($A28="","",INDEX('DATA INDUK'!$H$28:$H$151,MATCH($A28,'DATA INDUK'!$AL$28:$AL$151,0))) -> 26-001-UDS-009 | C28: {=IF($A28="","", _xlfn.LET( _xlpm.Grp,INDEX('DATA INDUK'!$L$28:$L$151, MATCH($A28,'DATA INDUK'!$AL$28:$AL$151,0)), _xlpm.SID,INDEX('DATA INDUK'!$C$28:$C$151, MATCH($A28,'DATA INDUK'!$AL$28:$AL$151,0)), IF( _xlpm.Grp="", _xlpm.SID, _xlfn.TEXTJOIN(CHAR(10),TRUE, _xlfn._xlws.FILTER('DATA INDUK'!$C$28:$C$151, 'DATA INDUK'!$L$28:$L$151=_xlpm.Grp)) ) ))} -> BH-03-R-UDS 01 | E28: =IF($A28="","",INDEX('DATA INDUK'!$D$28:$D$151,MATCH($A28,'DATA INDUK'!$AL$28:$AL$151,0))) -> Undisturbed Sample | F28: {=IF($A28="","", _xlfn.LET( _xlpm.Grp,INDEX('DATA INDUK'!$L$28:$L$151, MATCH($A28,'DATA INDUK'!$AL$28:$AL$151,0)), IF( _xlpm.Grp="", INDEX('DATA INDUK'!$I$28:$I$151, MATCH($A28,'DATA INDUK'!$AL$28:$AL$151,0)), _xlfn.TEXTJOIN(CHAR(10),TRUE, _xlfn._xlws.FILTER('DATA INDUK'!$I$28:$I$151, 'DATA INDUK'!$L$28:$L$151=_xlpm.Grp)) ) ))} -> 4.00 - 4.34 m | G28: - | H28: - | I28: - | J28: - | K28: - | L28: - | M28: - | N28: =IF($A28="","", IF(OR($K28="",$M28=""),"", IF($K28="-","-", IF($K28="NP","NP - Non Plastic", IF(AND($K28<50,$M28>=0.73*($K28-20)),"CL - Lean Clay", IF(AND($K28>=50,$M28>=0.73*($K28-20)),"CH - Fat Clay", IF(AND($K28<50,$M28<0.73*($K28-20)),"ML - Silt", IF(AND($K28>=50,$M28<0.73*($K28-20)),"MH - Elastic Silt","")))))))) -> - | O28: - | P28: - | Q28: - | R28: - | T28: -
A29: =IFERROR(SMALL('DATA INDUK'!$AL$28:$AL$1151,ROWS($A$20:A29)),"") -> 10 | B29: =IF($A29="","",INDEX('DATA INDUK'!$H$28:$H$151,MATCH($A29,'DATA INDUK'!$AL$28:$AL$151,0))) -> 26-001-UDS-010 | C29: {=IF($A29="","", _xlfn.LET( _xlpm.Grp,INDEX('DATA INDUK'!$L$28:$L$151, MATCH($A29,'DATA INDUK'!$AL$28:$AL$151,0)), _xlpm.SID,INDEX('DATA INDUK'!$C$28:$C$151, MATCH($A29,'DATA INDUK'!$AL$28:$AL$151,0)), IF( _xlpm.Grp="", _xlpm.SID, _xlfn.TEXTJOIN(CHAR(10),TRUE, _xlfn._xlws.FILTER('DATA INDUK'!$C$28:$C$151, 'DATA INDUK'!$L$28:$L$151=_xlpm.Grp)) ) ))} -> BH-03-R-UDS 04 | E29: =IF($A29="","",INDEX('DATA INDUK'!$D$28:$D$151,MATCH($A29,'DATA INDUK'!$AL$28:$AL$151,0))) -> Undisturbed Sample | F29: {=IF($A29="","", _xlfn.LET( _xlpm.Grp,INDEX('DATA INDUK'!$L$28:$L$151, MATCH($A29,'DATA INDUK'!$AL$28:$AL$151,0)), IF( _xlpm.Grp="", INDEX('DATA INDUK'!$I$28:$I$151, MATCH($A29,'DATA INDUK'!$AL$28:$AL$151,0)), _xlfn.TEXTJOIN(CHAR(10),TRUE, _xlfn._xlws.FILTER('DATA INDUK'!$I$28:$I$151, 'DATA INDUK'!$L$28:$L$151=_xlpm.Grp)) ) ))} -> 8.50 - 9.00 m | G29: - | H29: - | I29: - | J29: - | K29: - | L29: - | M29: - | N29: =IF($A29="","", IF(OR($K29="",$M29=""),"", IF($K29="-","-", IF($K29="NP","NP - Non Plastic", IF(AND($K29<50,$M29>=0.73*($K29-20)),"CL - Lean Clay", IF(AND($K29>=50,$M29>=0.73*($K29-20)),"CH - Fat Clay", IF(AND($K29<50,$M29<0.73*($K29-20)),"ML - Silt", IF(AND($K29>=50,$M29<0.73*($K29-20)),"MH - Elastic Silt","")))))))) -> - | O29: - | P29: - | Q29: - | R29: - | T29: -
A30: =IFERROR(SMALL('DATA INDUK'!$AL$28:$AL$1151,ROWS($A$20:A30)),"") -> 11 | B30: =IF($A30="","",INDEX('DATA INDUK'!$H$28:$H$151,MATCH($A30,'DATA INDUK'!$AL$28:$AL$151,0))) -> 26-001-UDS-011 | C30: {=IF($A30="","", _xlfn.LET( _xlpm.Grp,INDEX('DATA INDUK'!$L$28:$L$151, MATCH($A30,'DATA INDUK'!$AL$28:$AL$151,0)), _xlpm.SID,INDEX('DATA INDUK'!$C$28:$C$151, MATCH($A30,'DATA INDUK'!$AL$28:$AL$151,0)), IF( _xlpm.Grp="", _xlpm.SID, _xlfn.TEXTJOIN(CHAR(10),TRUE, _xlfn._xlws.FILTER('DATA INDUK'!$C$28:$C$151, 'DATA INDUK'!$L$28:$L$151=_xlpm.Grp)) ) ))} -> BH-07-R-UDS 01 | E30: =IF($A30="","",INDEX('DATA INDUK'!$D$28:$D$151,MATCH($A30,'DATA INDUK'!$AL$28:$AL$151,0))) -> Undisturbed Sample | F30: {=IF($A30="","", _xlfn.LET( _xlpm.Grp,INDEX('DATA INDUK'!$L$28:$L$151, MATCH($A30,'DATA INDUK'!$AL$28:$AL$151,0)), IF( _xlpm.Grp="", INDEX('DATA INDUK'!$I$28:$I$151, MATCH($A30,'DATA INDUK'!$AL$28:$AL$151,0)), _xlfn.TEXTJOIN(CHAR(10),TRUE, _xlfn._xlws.FILTER('DATA INDUK'!$I$28:$I$151, 'DATA INDUK'!$L$28:$L$151=_xlpm.Grp)) ) ))} -> 1.00 - 1.50 m | G30: - | H30: - | I30: - | J30: - | K30: - | L30: - | M30: - | N30: =IF($A30="","", IF(OR($K30="",$M30=""),"", IF($K30="-","-", IF($K30="NP","NP - Non Plastic", IF(AND($K30<50,$M30>=0.73*($K30-20)),"CL - Lean Clay", IF(AND($K30>=50,$M30>=0.73*($K30-20)),"CH - Fat Clay", IF(AND($K30<50,$M30<0.73*($K30-20)),"ML - Silt", IF(AND($K30>=50,$M30<0.73*($K30-20)),"MH - Elastic Silt","")))))))) -> - | O30: - | P30: - | Q30: - | R30: - | T30: -
A31: =IFERROR(SMALL('DATA INDUK'!$AL$28:$AL$1151,ROWS($A$20:A31)),"") -> 12 | B31: =IF($A31="","",INDEX('DATA INDUK'!$H$28:$H$151,MATCH($A31,'DATA INDUK'!$AL$28:$AL$151,0))) -> 26-001-UDS-012 | C31: {=IF($A31="","", _xlfn.LET( _xlpm.Grp,INDEX('DATA INDUK'!$L$28:$L$151, MATCH($A31,'DATA INDUK'!$AL$28:$AL$151,0)), _xlpm.SID,INDEX('DATA INDUK'!$C$28:$C$151, MATCH($A31,'DATA INDUK'!$AL$28:$AL$151,0)), IF( _xlpm.Grp="", _xlpm.SID, _xlfn.TEXTJOIN(CHAR(10),TRUE, _xlfn._xlws.FILTER('DATA INDUK'!$C$28:$C$151, 'DATA INDUK'!$L$28:$L$151=_xlpm.Grp)) ) ))} -> BH-06-R2-UDS 01 | E31: =IF($A31="","",INDEX('DATA INDUK'!$D$28:$D$151,MATCH($A31,'DATA INDUK'!$AL$28:$AL$151,0))) -> Undisturbed Sample | F31: {=IF($A31="","", _xlfn.LET( _xlpm.Grp,INDEX('DATA INDUK'!$L$28:$L$151, MATCH($A31,'DATA INDUK'!$AL$28:$AL$151,0)), IF( _xlpm.Grp="", INDEX('DATA INDUK'!$I$28:$I$151, MATCH($A31,'DATA INDUK'!$AL$28:$AL$151,0)), _xlfn.TEXTJOIN(CHAR(10),TRUE, _xlfn._xlws.FILTER('DATA INDUK'!$I$28:$I$151, 'DATA INDUK'!$L$28:$L$151=_xlpm.Grp)) ) ))} -> 2.50 - 3.00 m | G31: - | H31: - | I31: - | J31: - | K31: - | L31: - | M31: - | N31: =IF($A31="","", IF(OR($K31="",$M31=""),"", IF($K31="-","-", IF($K31="NP","NP - Non Plastic", IF(AND($K31<50,$M31>=0.73*($K31-20)),"CL - Lean Clay", IF(AND($K31>=50,$M31>=0.73*($K31-20)),"CH - Fat Clay", IF(AND($K31<50,$M31<0.73*($K31-20)),"ML - Silt", IF(AND($K31>=50,$M31<0.73*($K31-20)),"MH - Elastic Silt","")))))))) -> - | O31: - | P31: - | Q31: - | R31: - | T31: -
A32: =IFERROR(SMALL('DATA INDUK'!$AL$28:$AL$1151,ROWS($A$20:A32)),"") -> 13 | B32: =IF($A32="","",INDEX('DATA INDUK'!$H$28:$H$151,MATCH($A32,'DATA INDUK'!$AL$28:$AL$151,0))) -> 26-001-UDS-013 | C32: {=IF($A32="","", _xlfn.LET( _xlpm.Grp,INDEX('DATA INDUK'!$L$28:$L$151, MATCH($A32,'DATA INDUK'!$AL$28:$AL$151,0)), _xlpm.SID,INDEX('DATA INDUK'!$C$28:$C$151, MATCH($A32,'DATA INDUK'!$AL$28:$AL$151,0)), IF( _xlpm.Grp="", _xlpm.SID, _xlfn.TEXTJOIN(CHAR(10),TRUE, _xlfn._xlws.FILTER('DATA INDUK'!$C$28:$C$151, 'DATA INDUK'!$L$28:$L$151=_xlpm.Grp)) ) ))} -> BH-06-R2-UDS 02 | E32: =IF($A32="","",INDEX('DATA INDUK'!$D$28:$D$151,MATCH($A32,'DATA INDUK'!$AL$28:$AL$151,0))) -> Undisturbed Sample | F32: {=IF($A32="","", _xlfn.LET( _xlpm.Grp,INDEX('DATA INDUK'!$L$28:$L$151, MATCH($A32,'DATA INDUK'!$AL$28:$AL$151,0)), IF( _xlpm.Grp="", INDEX('DATA INDUK'!$I$28:$I$151, MATCH($A32,'DATA INDUK'!$AL$28:$AL$151,0)), _xlfn.TEXTJOIN(CHAR(10),TRUE, _xlfn._xlws.FILTER('DATA INDUK'!$I$28:$I$151, 'DATA INDUK'!$L$28:$L$151=_xlpm.Grp)) ) ))} -> 4.00 - 4.50 m | G32: - | H32: - | I32: - | J32: - | K32: - | L32: - | M32: - | N32: =IF($A32="","", IF(OR($K32="",$M32=""),"", IF($K32="-","-", IF($K32="NP","NP - Non Plastic", IF(AND($K32<50,$M32>=0.73*($K32-20)),"CL - Lean Clay", IF(AND($K32>=50,$M32>=0.73*($K32-20)),"CH - Fat Clay", IF(AND($K32<50,$M32<0.73*($K32-20)),"ML - Silt", IF(AND($K32>=50,$M32<0.73*($K32-20)),"MH - Elastic Silt","")))))))) -> - | O32: - | P32: - | Q32: - | R32: - | T32: -
A33: =IFERROR(SMALL('DATA INDUK'!$AL$28:$AL$1151,ROWS($A$20:A33)),"") -> 14 | B33: =IF($A33="","",INDEX('DATA INDUK'!$H$28:$H$151,MATCH($A33,'DATA INDUK'!$AL$28:$AL$151,0))) -> 26-001-DS-014 | C33: {=IF($A33="","", _xlfn.LET( _xlpm.Grp,INDEX('DATA INDUK'!$L$28:$L$151, MATCH($A33,'DATA INDUK'!$AL$28:$AL$151,0)), _xlpm.SID,INDEX('DATA INDUK'!$C$28:$C$151, MATCH($A33,'DATA INDUK'!$AL$28:$AL$151,0)), IF( _xlpm.Grp="", _xlpm.SID, _xlfn.TEXTJOIN(CHAR(10),TRUE, _xlfn._xlws.FILTER('DATA INDUK'!$C$28:$C$151, 'DATA INDUK'!$L$28:$L$151=_xlpm.Grp)) ) ))} -> BH-04R1-DS 01 | E33: =IF($A33="","",INDEX('DATA INDUK'!$D$28:$D$151,MATCH($A33,'DATA INDUK'!$AL$28:$AL$151,0))) -> Disturbed Sample | F33: {=IF($A33="","", _xlfn.LET( _xlpm.Grp,INDEX('DATA INDUK'!$L$28:$L$151, MATCH($A33,'DATA INDUK'!$AL$28:$AL$151,0)), IF( _xlpm.Grp="", INDEX('DATA INDUK'!$I$28:$I$151, MATCH($A33,'DATA INDUK'!$AL$28:$AL$151,0)), _xlfn.TEXTJOIN(CHAR(10),TRUE, _xlfn._xlws.FILTER('DATA INDUK'!$I$28:$I$151, 'DATA INDUK'!$L$28:$L$151=_xlpm.Grp)) ) ))} -> 19.95 - 20.30 m | G33: - | H33: - | I33: - | J33: - | K33: - | L33: - | M33: - | N33: =IF($A33="","", IF(OR($K33="",$M33=""),"", IF($K33="-","-", IF($K33="NP","NP - Non Plastic", IF(AND($K33<50,$M33>=0.73*($K33-20)),"CL - Lean Clay", IF(AND($K33>=50,$M33>=0.73*($K33-20)),"CH - Fat Clay", IF(AND($K33<50,$M33<0.73*($K33-20)),"ML - Silt", IF(AND($K33>=50,$M33<0.73*($K33-20)),"MH - Elastic Silt","")))))))) -> - | O33: - | P33: - | Q33: - | R33: - | T33: -
A34: =IFERROR(SMALL('DATA INDUK'!$AL$28:$AL$1151,ROWS($A$20:A34)),"") -> 15 | B34: =IF($A34="","",INDEX('DATA INDUK'!$H$28:$H$151,MATCH($A34,'DATA INDUK'!$AL$28:$AL$151,0))) -> 26-001-DS-015 | C34: {=IF($A34="","", _xlfn.LET( _xlpm.Grp,INDEX('DATA INDUK'!$L$28:$L$151, MATCH($A34,'DATA INDUK'!$AL$28:$AL$151,0)), _xlpm.SID,INDEX('DATA INDUK'!$C$28:$C$151, MATCH($A34,'DATA INDUK'!$AL$28:$AL$151,0)), IF( _xlpm.Grp="", _xlpm.SID, _xlfn.TEXTJOIN(CHAR(10),TRUE, _xlfn._xlws.FILTER('DATA INDUK'!$C$28:$C$151, 'DATA INDUK'!$L$28:$L$151=_xlpm.Grp)) ) ))} -> BH-04R1-DS 04 | E34: =IF($A34="","",INDEX('DATA INDUK'!$D$28:$D$151,MATCH($A34,'DATA INDUK'!$AL$28:$AL$151,0))) -> Disturbed Sample | F34: {=IF($A34="","", _xlfn.LET( _xlpm.Grp,INDEX('DATA INDUK'!$L$28:$L$151, MATCH($A34,'DATA INDUK'!$AL$28:$AL$151,0)), IF( _xlpm.Grp="", INDEX('DATA INDUK'!$I$28:$I$151, MATCH($A34,'DATA INDUK'!$AL$28:$AL$151,0)), _xlfn.TEXTJOIN(CHAR(10),TRUE, _xlfn._xlws.FILTER('DATA INDUK'!$I$28:$I$151, 'DATA INDUK'!$L$28:$L$151=_xlpm.Grp)) ) ))} -> 25.23 - 25.43 m | G34: - | H34: - | I34: - | J34: - | K34: - | L34: - | M34: - | N34: =IF($A34="","", IF(OR($K34="",$M34=""),"", IF($K34="-","-", IF($K34="NP","NP - Non Plastic", IF(AND($K34<50,$M34>=0.73*($K34-20)),"CL - Lean Clay", IF(AND($K34>=50,$M34>=0.73*($K34-20)),"CH - Fat Clay", IF(AND($K34<50,$M34<0.73*($K34-20)),"ML - Silt", IF(AND($K34>=50,$M34<0.73*($K34-20)),"MH - Elastic Silt","")))))))) -> - | O34: - | P34: - | Q34: - | R34: - | T34: -
A35: =IFERROR(SMALL('DATA INDUK'!$AL$28:$AL$1151,ROWS($A$20:A35)),"") -> 16 | B35: =IF($A35="","",INDEX('DATA INDUK'!$H$28:$H$151,MATCH($A35,'DATA INDUK'!$AL$28:$AL$151,0))) -> 26-001-DS-016 | C35: {=IF($A35="","", _xlfn.LET( _xlpm.Grp,INDEX('DATA INDUK'!$L$28:$L$151, MATCH($A35,'DATA INDUK'!$AL$28:$AL$151,0)), _xlpm.SID,INDEX('DATA INDUK'!$C$28:$C$151, MATCH($A35,'DATA INDUK'!$AL$28:$AL$151,0)), IF( _xlpm.Grp="", _xlpm.SID, _xlfn.TEXTJOIN(CHAR(10),TRUE, _xlfn._xlws.FILTER('DATA INDUK'!$C$28:$C$151, 'DATA INDUK'!$L$28:$L$151=_xlpm.Grp)) ) ))} -> BH-05-R-DS 01 | E35: =IF($A35="","",INDEX('DATA INDUK'!$D$28:$D$151,MATCH($A35,'DATA INDUK'!$AL$28:$AL$151,0))) -> Disturbed Sample | F35: {=IF($A35="","", _xlfn.LET( _xlpm.Grp,INDEX('DATA INDUK'!$L$28:$L$151, MATCH($A35,'DATA INDUK'!$AL$28:$AL$151,0)), IF( _xlpm.Grp="", INDEX('DATA INDUK'!$I$28:$I$151, MATCH($A35,'DATA INDUK'!$AL$28:$AL$151,0)), _xlfn.TEXTJOIN(CHAR(10),TRUE, _xlfn._xlws.FILTER('DATA INDUK'!$I$28:$I$151, 'DATA INDUK'!$L$28:$L$151=_xlpm.Grp)) ) ))} -> 3.92 - 4.15 m | G35: - | H35: - | I35: - | J35: - | K35: - | L35: - | M35: - | N35: =IF($A35="","", IF(OR($K35="",$M35=""),"", IF($K35="-","-", IF($K35="NP","NP - Non Plastic", IF(AND($K35<50,$M35>=0.73*($K35-20)),"CL - Lean Clay", IF(AND($K35>=50,$M35>=0.73*($K35-20)),"CH - Fat Clay", IF(AND($K35<50,$M35<0.73*($K35-20)),"ML - Silt", IF(AND($K35>=50,$M35<0.73*($K35-20)),"MH - Elastic Silt","")))))))) -> - | O35: - | P35: - | Q35: - | R35: - | T35: -
A36: =IFERROR(SMALL('DATA INDUK'!$AL$28:$AL$1151,ROWS($A$20:A36)),"") -> 17 | B36: =IF($A36="","",INDEX('DATA INDUK'!$H$28:$H$151,MATCH($A36,'DATA INDUK'!$AL$28:$AL$151,0))) -> 26-001-DS-017 | C36: {=IF($A36="","", _xlfn.LET( _xlpm.Grp,INDEX('DATA INDUK'!$L$28:$L$151, MATCH($A36,'DATA INDUK'!$AL$28:$AL$151,0)), _xlpm.SID,INDEX('DATA INDUK'!$C$28:$C$151, MATCH($A36,'DATA INDUK'!$AL$28:$AL$151,0)), IF( _xlpm.Grp="", _xlpm.SID, _xlfn.TEXTJOIN(CHAR(10),TRUE, _xlfn._xlws.FILTER('DATA INDUK'!$C$28:$C$151, 'DATA INDUK'!$L$28:$L$151=_xlpm.Grp)) ) ))} -> BH-03-R-DS 01 | E36: =IF($A36="","",INDEX('DATA INDUK'!$D$28:$D$151,MATCH($A36,'DATA INDUK'!$AL$28:$AL$151,0))) -> Disturbed Sample | F36: {=IF($A36="","", _xlfn.LET( _xlpm.Grp,INDEX('DATA INDUK'!$L$28:$L$151, MATCH($A36,'DATA INDUK'!$AL$28:$AL$151,0)), IF( _xlpm.Grp="", INDEX('DATA INDUK'!$I$28:$I$151, MATCH($A36,'DATA INDUK'!$AL$28:$AL$151,0)), _xlfn.TEXTJOIN(CHAR(10),TRUE, _xlfn._xlws.FILTER('DATA INDUK'!$I$28:$I$151, 'DATA INDUK'!$L$28:$L$151=_xlpm.Grp)) ) ))} -> 2.50 - 3.00 m | G36: - | H36: - | I36: - | J36: - | K36: - | L36: - | M36: - | N36: =IF($A36="","", IF(OR($K36="",$M36=""),"", IF($K36="-","-", IF($K36="NP","NP - Non Plastic", IF(AND($K36<50,$M36>=0.73*($K36-20)),"CL - Lean Clay", IF(AND($K36>=50,$M36>=0.73*($K36-20)),"CH - Fat Clay", IF(AND($K36<50,$M36<0.73*($K36-20)),"ML - Silt", IF(AND($K36>=50,$M36<0.73*($K36-20)),"MH - Elastic Silt","")))))))) -> - | O36: - | P36: - | Q36: - | R36: - | T36: -
A37: =IFERROR(SMALL('DATA INDUK'!$AL$28:$AL$1151,ROWS($A$20:A37)),"") -> 18 | B37: =IF($A37="","",INDEX('DATA INDUK'!$H$28:$H$151,MATCH($A37,'DATA INDUK'!$AL$28:$AL$151,0))) -> 26-001-DS-018 | C37: {=IF($A37="","", _xlfn.LET( _xlpm.Grp,INDEX('DATA INDUK'!$L$28:$L$151, MATCH($A37,'DATA INDUK'!$AL$28:$AL$151,0)), _xlpm.SID,INDEX('DATA INDUK'!$C$28:$C$151, MATCH($A37,'DATA INDUK'!$AL$28:$AL$151,0)), IF( _xlpm.Grp="", _xlpm.SID, _xlfn.TEXTJOIN(CHAR(10),TRUE, _xlfn._xlws.FILTER('DATA INDUK'!$C$28:$C$151, 'DATA INDUK'!$L$28:$L$151=_xlpm.Grp)) ) ))} -> BH-03-R-DS 02 | E37: =IF($A37="","",INDEX('DATA INDUK'!$D$28:$D$151,MATCH($A37,'DATA INDUK'!$AL$28:$AL$151,0))) -> Disturbed Sample | F37: {=IF($A37="","", _xlfn.LET( _xlpm.Grp,INDEX('DATA INDUK'!$L$28:$L$151, MATCH($A37,'DATA INDUK'!$AL$28:$AL$151,0)), IF( _xlpm.Grp="", INDEX('DATA INDUK'!$I$28:$I$151, MATCH($A37,'DATA INDUK'!$AL$28:$AL$151,0)), _xlfn.TEXTJOIN(CHAR(10),TRUE, _xlfn._xlws.FILTER('DATA INDUK'!$I$28:$I$151, 'DATA INDUK'!$L$28:$L$151=_xlpm.Grp)) ) ))} -> 6.45 - 6.96 m | G37: - | H37: - | I37: - | J37: - | K37: - | L37: - | M37: - | N37: =IF($A37="","", IF(OR($K37="",$M37=""),"", IF($K37="-","-", IF($K37="NP","NP - Non Plastic", IF(AND($K37<50,$M37>=0.73*($K37-20)),"CL - Lean Clay", IF(AND($K37>=50,$M37>=0.73*($K37-20)),"CH - Fat Clay", IF(AND($K37<50,$M37<0.73*($K37-20)),"ML - Silt", IF(AND($K37>=50,$M37<0.73*($K37-20)),"MH - Elastic Silt","")))))))) -> - | O37: - | P37: - | Q37: - | R37: - | T37: -
A38: =IFERROR(SMALL('DATA INDUK'!$AL$28:$AL$1151,ROWS($A$20:A38)),"") -> 19 | B38: =IF($A38="","",INDEX('DATA INDUK'!$H$28:$H$151,MATCH($A38,'DATA INDUK'!$AL$28:$AL$151,0))) -> 26-001-DS-019 | C38: {=IF($A38="","", _xlfn.LET( _xlpm.Grp,INDEX('DATA INDUK'!$L$28:$L$151, MATCH($A38,'DATA INDUK'!$AL$28:$AL$151,0)), _xlpm.SID,INDEX('DATA INDUK'!$C$28:$C$151, MATCH($A38,'DATA INDUK'!$AL$28:$AL$151,0)), IF( _xlpm.Grp="", _xlpm.SID, _xlfn.TEXTJOIN(CHAR(10),TRUE, _xlfn._xlws.FILTER('DATA INDUK'!$C$28:$C$151, 'DATA INDUK'!$L$28:$L$151=_xlpm.Grp)) ) ))} -> BH-07-R-DS 01 | E38: =IF($A38="","",INDEX('DATA INDUK'!$D$28:$D$151,MATCH($A38,'DATA INDUK'!$AL$28:$AL$151,0))) -> Disturbed Sample | F38: {=IF($A38="","", _xlfn.LET( _xlpm.Grp,INDEX('DATA INDUK'!$L$28:$L$151, MATCH($A38,'DATA INDUK'!$AL$28:$AL$151,0)), IF( _xlpm.Grp="", INDEX('DATA INDUK'!$I$28:$I$151, MATCH($A38,'DATA INDUK'!$AL$28:$AL$151,0)), _xlfn.TEXTJOIN(CHAR(10),TRUE, _xlfn._xlws.FILTER('DATA INDUK'!$I$28:$I$151, 'DATA INDUK'!$L$28:$L$151=_xlpm.Grp)) ) ))} -> 10.95 - 11.17 m | G38: - | H38: - | I38: - | J38: - | K38: - | L38: - | M38: - | N38: =IF($A38="","", IF(OR($K38="",$M38=""),"", IF($K38="-","-", IF($K38="NP","NP - Non Plastic", IF(AND($K38<50,$M38>=0.73*($K38-20)),"CL - Lean Clay", IF(AND($K38>=50,$M38>=0.73*($K38-20)),"CH - Fat Clay", IF(AND($K38<50,$M38<0.73*($K38-20)),"ML - Silt", IF(AND($K38>=50,$M38<0.73*($K38-20)),"MH - Elastic Silt","")))))))) -> - | O38: - | P38: - | Q38: - | R38: - | T38: -
A39: =IFERROR(SMALL('DATA INDUK'!$AL$28:$AL$1151,ROWS($A$20:A39)),"") -> 20 | B39: =IF($A39="","",INDEX('DATA INDUK'!$H$28:$H$151,MATCH($A39,'DATA INDUK'!$AL$28:$AL$151,0))) -> 26-001-DS-020 | C39: {=IF($A39="","", _xlfn.LET( _xlpm.Grp,INDEX('DATA INDUK'!$L$28:$L$151, MATCH($A39,'DATA INDUK'!$AL$28:$AL$151,0)), _xlpm.SID,INDEX('DATA INDUK'!$C$28:$C$151, MATCH($A39,'DATA INDUK'!$AL$28:$AL$151,0)), IF( _xlpm.Grp="", _xlpm.SID, _xlfn.TEXTJOIN(CHAR(10),TRUE, _xlfn._xlws.FILTER('DATA INDUK'!$C$28:$C$151, 'DATA INDUK'!$L$28:$L$151=_xlpm.Grp)) ) ))} -> BH-06-R2-DS 01 | E39: =IF($A39="","",INDEX('DATA INDUK'!$D$28:$D$151,MATCH($A39,'DATA INDUK'!$AL$28:$AL$151,0))) -> Disturbed Sample | F39: {=IF($A39="","", _xlfn.LET( _xlpm.Grp,INDEX('DATA INDUK'!$L$28:$L$151, MATCH($A39,'DATA INDUK'!$AL$28:$AL$151,0)), IF( _xlpm.Grp="", INDEX('DATA INDUK'!$I$28:$I$151, MATCH($A39,'DATA INDUK'!$AL$28:$AL$151,0)), _xlfn.TEXTJOIN(CHAR(10),TRUE, _xlfn._xlws.FILTER('DATA INDUK'!$I$28:$I$151, 'DATA INDUK'!$L$28:$L$151=_xlpm.Grp)) ) ))} -> 3.55 - 3.75 m | G39: - | H39: - | I39: - | J39: - | K39: - | L39: - | M39: - | N39: =IF($A39="","", IF(OR($K39="",$M39=""),"", IF($K39="-","-", IF($K39="NP","NP - Non Plastic", IF(AND($K39<50,$M39>=0.73*($K39-20)),"CL - Lean Clay", IF(AND($K39>=50,$M39>=0.73*($K39-20)),"CH - Fat Clay", IF(AND($K39<50,$M39<0.73*($K39-20)),"ML - Silt", IF(AND($K39>=50,$M39<0.73*($K39-20)),"MH - Elastic Silt","")))))))) -> - | O39: - | P39: - | Q39: - | R39: - | T39: -
A40: =IFERROR(SMALL('DATA INDUK'!$AL$28:$AL$1151,ROWS($A$20:A40)),"") -> 21 | B40: =IF($A40="","",INDEX('DATA INDUK'!$H$28:$H$151,MATCH($A40,'DATA INDUK'!$AL$28:$AL$151,0))) -> 26-001-BS-021 | C40: {=IF($A40="","", _xlfn.LET( _xlpm.Grp,INDEX('DATA INDUK'!$L$28:$L$151, MATCH($A40,'DATA INDUK'!$AL$28:$AL$151,0)), _xlpm.SID,INDEX('DATA INDUK'!$C$28:$C$151, MATCH($A40,'DATA INDUK'!$AL$28:$AL$151,0)), IF( _xlpm.Grp="", _xlpm.SID, _xlfn.TEXTJOIN(CHAR(10),TRUE, _xlfn._xlws.FILTER('DATA INDUK'!$C$28:$C$151, 'DATA INDUK'!$L$28:$L$151=_xlpm.Grp)) ) ))} -> SPOT 01-01 | E40: =IF($A40="","",INDEX('DATA INDUK'!$D$28:$D$151,MATCH($A40,'DATA INDUK'!$AL$28:$AL$151,0))) -> Bulk Sample | F40: {=IF($A40="","", _xlfn.LET( _xlpm.Grp,INDEX('DATA INDUK'!$L$28:$L$151, MATCH($A40,'DATA INDUK'!$AL$28:$AL$151,0)), IF( _xlpm.Grp="", INDEX('DATA INDUK'!$I$28:$I$151, MATCH($A40,'DATA INDUK'!$AL$28:$AL$151,0)), _xlfn.TEXTJOIN(CHAR(10),TRUE, _xlfn._xlws.FILTER('DATA INDUK'!$I$28:$I$151, 'DATA INDUK'!$L$28:$L$151=_xlpm.Grp)) ) ))} -> - | G40: - | H40: - | I40: - | J40: - | K40: - | L40: - | M40: - | N40: =IF($A40="","", IF(OR($K40="",$M40=""),"", IF($K40="-","-", IF($K40="NP","NP - Non Plastic", IF(AND($K40<50,$M40>=0.73*($K40-20)),"CL - Lean Clay", IF(AND($K40>=50,$M40>=0.73*($K40-20)),"CH - Fat Clay", IF(AND($K40<50,$M40<0.73*($K40-20)),"ML - Silt", IF(AND($K40>=50,$M40<0.73*($K40-20)),"MH - Elastic Silt","")))))))) -> - | O40: - | P40: - | Q40: - | R40: -
A41: =IFERROR(SMALL('DATA INDUK'!$AL$28:$AL$1151,ROWS($A$20:A41)),"") -> 22 | B41: =IF($A41="","",INDEX('DATA INDUK'!$H$28:$H$151,MATCH($A41,'DATA INDUK'!$AL$28:$AL$151,0))) -> 26-001-BS-022 | C41: {=IF($A41="","", _xlfn.LET( _xlpm.Grp,INDEX('DATA INDUK'!$L$28:$L$151, MATCH($A41,'DATA INDUK'!$AL$28:$AL$151,0)), _xlpm.SID,INDEX('DATA INDUK'!$C$28:$C$151, MATCH($A41,'DATA INDUK'!$AL$28:$AL$151,0)), IF( _xlpm.Grp="", _xlpm.SID, _xlfn.TEXTJOIN(CHAR(10),TRUE, _xlfn._xlws.FILTER('DATA INDUK'!$C$28:$C$151, 'DATA INDUK'!$L$28:$L$151=_xlpm.Grp)) ) ))} -> SPOT 02-01 | E41: =IF($A41="","",INDEX('DATA INDUK'!$D$28:$D$151,MATCH($A41,'DATA INDUK'!$AL$28:$AL$151,0))) -> Bulk Sample | F41: {=IF($A41="","", _xlfn.LET( _xlpm.Grp,INDEX('DATA INDUK'!$L$28:$L$151, MATCH($A41,'DATA INDUK'!$AL$28:$AL$151,0)), IF( _xlpm.Grp="", INDEX('DATA INDUK'!$I$28:$I$151, MATCH($A41,'DATA INDUK'!$AL$28:$AL$151,0)), _xlfn.TEXTJOIN(CHAR(10),TRUE, _xlfn._xlws.FILTER('DATA INDUK'!$I$28:$I$151, 'DATA INDUK'!$L$28:$L$151=_xlpm.Grp)) ) ))} -> - | G41: - | H41: - | I41: - | J41: - | K41: - | L41: - | M41: - | N41: =IF($A41="","", IF(OR($K41="",$M41=""),"", IF($K41="-","-", IF($K41="NP","NP - Non Plastic", IF(AND($K41<50,$M41>=0.73*($K41-20)),"CL - Lean Clay", IF(AND($K41>=50,$M41>=0.73*($K41-20)),"CH - Fat Clay", IF(AND($K41<50,$M41<0.73*($K41-20)),"ML - Silt", IF(AND($K41>=50,$M41<0.73*($K41-20)),"MH - Elastic Silt","")))))))) -> - | O41: - | P41: - | Q41: - | R41: -
A42: =IFERROR(SMALL('DATA INDUK'!$AL$28:$AL$1151,ROWS($A$20:A42)),"") -> 23 | B42: =IF($A42="","",INDEX('DATA INDUK'!$H$28:$H$151,MATCH($A42,'DATA INDUK'!$AL$28:$AL$151,0))) -> 26-001-BS-023 | C42: {=IF($A42="","", _xlfn.LET( _xlpm.Grp,INDEX('DATA INDUK'!$L$28:$L$151, MATCH($A42,'DATA INDUK'!$AL$28:$AL$151,0)), _xlpm.SID,INDEX('DATA INDUK'!$C$28:$C$151, MATCH($A42,'DATA INDUK'!$AL$28:$AL$151,0)), IF( _xlpm.Grp="", _xlpm.SID, _xlfn.TEXTJOIN(CHAR(10),TRUE, _xlfn._xlws.FILTER('DATA INDUK'!$C$28:$C$151, 'DATA INDUK'!$L$28:$L$151=_xlpm.Grp)) ) ))} -> SPOT 03-01 | E42: =IF($A42="","",INDEX('DATA INDUK'!$D$28:$D$151,MATCH($A42,'DATA INDUK'!$AL$28:$AL$151,0))) -> Bulk Sample | F42: {=IF($A42="","", _xlfn.LET( _xlpm.Grp,INDEX('DATA INDUK'!$L$28:$L$151, MATCH($A42,'DATA INDUK'!$AL$28:$AL$151,0)), IF( _xlpm.Grp="", INDEX('DATA INDUK'!$I$28:$I$151, MATCH($A42,'DATA INDUK'!$AL$28:$AL$151,0)), _xlfn.TEXTJOIN(CHAR(10),TRUE, _xlfn._xlws.FILTER('DATA INDUK'!$I$28:$I$151, 'DATA INDUK'!$L$28:$L$151=_xlpm.Grp)) ) ))} -> - | G42: - | H42: - | I42: - | J42: - | K42: - | L42: - | M42: - | N42: =IF($A42="","", IF(OR($K42="",$M42=""),"", IF($K42="-","-", IF($K42="NP","NP - Non Plastic", IF(AND($K42<50,$M42>=0.73*($K42-20)),"CL - Lean Clay", IF(AND($K42>=50,$M42>=0.73*($K42-20)),"CH - Fat Clay", IF(AND($K42<50,$M42<0.73*($K42-20)),"ML - Silt", IF(AND($K42>=50,$M42<0.73*($K42-20)),"MH - Elastic Silt","")))))))) -> - | O42: - | P42: - | Q42: - | R42: -
A43: =IFERROR(SMALL('DATA INDUK'!$AL$28:$AL$1151,ROWS($A$20:A43)),"") -> 24 | B43: =IF($A43="","",INDEX('DATA INDUK'!$H$28:$H$151,MATCH($A43,'DATA INDUK'!$AL$28:$AL$151,0))) -> 26-001-BS-024 | C43: =IF($A43="","",INDEX('DATA INDUK'!$C$28:$C$151,MATCH($A43,'DATA INDUK'!$AL$28:$AL$151,0))) -> SPOT 04-01 | E43: =IF($A43="","",INDEX('DATA INDUK'!$D$28:$D$151,MATCH($A43,'DATA INDUK'!$AL$28:$AL$151,0))) -> Bulk Sample | F43: =IF($A43="","",INDEX('DATA INDUK'!$I$28:$I$151,MATCH($A43,'DATA INDUK'!$AL$28:$AL$151,0))) -> - | G43: - | H43: - | I43: - | J43: - | K43: - | L43: - | M43: - | N43: =IF($A43="","", IF(OR($K43="",$M43=""),"", IF($K43="-","-", IF($K43="NP","NP - Non Plastic", IF(AND($K43<50,$M43>=0.73*($K43-20)),"CL - Lean Clay", IF(AND($K43>=50,$M43>=0.73*($K43-20)),"CH - Fat Clay", IF(AND($K43<50,$M43<0.73*($K43-20)),"ML - Silt", IF(AND($K43>=50,$M43<0.73*($K43-20)),"MH - Elastic Silt","")))))))) -> - | O43: - | P43: - | Q43: - | R43: -
A44: =IFERROR(SMALL('DATA INDUK'!$AL$28:$AL$1151,ROWS($A$20:A44)),"") -> 25 | B44: =IF($A44="","",INDEX('DATA INDUK'!$H$28:$H$151,MATCH($A44,'DATA INDUK'!$AL$28:$AL$151,0))) -> 26-001-BS-025 | C44: =IF($A44="","",INDEX('DATA INDUK'!$C$28:$C$151,MATCH($A44,'DATA INDUK'!$AL$28:$AL$151,0))) -> SPOT 05-01 | E44: =IF($A44="","",INDEX('DATA INDUK'!$D$28:$D$151,MATCH($A44,'DATA INDUK'!$AL$28:$AL$151,0))) -> Bulk Sample | F44: =IF($A44="","",INDEX('DATA INDUK'!$I$28:$I$151,MATCH($A44,'DATA INDUK'!$AL$28:$AL$151,0))) -> - | G44: - | H44: - | I44: - | J44: - | K44: - | L44: - | M44: - | N44: =IF($A44="","", IF(OR($K44="",$M44=""),"", IF($K44="-","-", IF($K44="NP","NP - Non Plastic", IF(AND($K44<50,$M44>=0.73*($K44-20)),"CL - Lean Clay", IF(AND($K44>=50,$M44>=0.73*($K44-20)),"CH - Fat Clay", IF(AND($K44<50,$M44<0.73*($K44-20)),"ML - Silt", IF(AND($K44>=50,$M44<0.73*($K44-20)),"MH - Elastic Silt","")))))))) -> - | O44: - | P44: - | Q44: - | R44: -
A45: =IFERROR(SMALL('DATA INDUK'!$AL$28:$AL$1151,ROWS($A$20:A45)),"") | B45: =IF($A45="","",INDEX('DATA INDUK'!$H$28:$H$151,MATCH($A45,'DATA INDUK'!$AL$28:$AL$151,0))) | C45: =IF($A45="","",INDEX('DATA INDUK'!$C$28:$C$151,MATCH($A45,'DATA INDUK'!$AL$28:$AL$151,0))) | E45: =IF($A45="","",INDEX('DATA INDUK'!$D$28:$D$151,MATCH($A45,'DATA INDUK'!$AL$28:$AL$151,0))) | F45: =IF($A45="","",INDEX('DATA INDUK'!$I$28:$I$151,MATCH($A45,'DATA INDUK'!$AL$28:$AL$151,0))) | N45: =IF($A45="","", IF(OR($K45="",$M45=""),"", IF($K45="-","-", IF($K45="NP","NP - Non Plastic", IF(AND($K45<50,$M45>=0.73*($K45-20)),"CL - Lean Clay", IF(AND($K45>=50,$M45>=0.73*($K45-20)),"CH - Fat Clay", IF(AND($K45<50,$M45<0.73*($K45-20)),"ML - Silt", IF(AND($K45>=50,$M45<0.73*($K45-20)),"MH - Elastic Silt",""))))))))
A46: =IFERROR(SMALL('DATA INDUK'!$AL$28:$AL$1151,ROWS($A$20:A46)),"") | B46: =IF($A46="","",INDEX('DATA INDUK'!$H$28:$H$151,MATCH($A46,'DATA INDUK'!$AL$28:$AL$151,0))) | C46: =IF($A46="","",INDEX('DATA INDUK'!$C$28:$C$151,MATCH($A46,'DATA INDUK'!$AL$28:$AL$151,0))) | E46: =IF($A46="","",INDEX('DATA INDUK'!$D$28:$D$151,MATCH($A46,'DATA INDUK'!$AL$28:$AL$151,0))) | F46: =IF($A46="","",INDEX('DATA INDUK'!$I$28:$I$151,MATCH($A46,'DATA INDUK'!$AL$28:$AL$151,0))) | N46: =IF($A46="","", IF(OR($K46="",$M46=""),"", IF($K46="-","-", IF($K46="NP","NP - Non Plastic", IF(AND($K46<50,$M46>=0.73*($K46-20)),"CL - Lean Clay", IF(AND($K46>=50,$M46>=0.73*($K46-20)),"CH - Fat Clay", IF(AND($K46<50,$M46<0.73*($K46-20)),"ML - Silt", IF(AND($K46>=50,$M46<0.73*($K46-20)),"MH - Elastic Silt",""))))))))
A47: =IFERROR(SMALL('DATA INDUK'!$AL$28:$AL$1151,ROWS($A$20:A47)),"") | B47: =IF($A47="","",INDEX('DATA INDUK'!$H$28:$H$151,MATCH($A47,'DATA INDUK'!$AL$28:$AL$151,0))) | C47: =IF($A47="","",INDEX('DATA INDUK'!$C$28:$C$151,MATCH($A47,'DATA INDUK'!$AL$28:$AL$151,0))) | E47: =IF($A47="","",INDEX('DATA INDUK'!$D$28:$D$151,MATCH($A47,'DATA INDUK'!$AL$28:$AL$151,0))) | F47: =IF($A47="","",INDEX('DATA INDUK'!$I$28:$I$151,MATCH($A47,'DATA INDUK'!$AL$28:$AL$151,0))) | N47: =IF($A47="","", IF(OR($K47="",$M47=""),"", IF($K47="-","-", IF($K47="NP","NP - Non Plastic", IF(AND($K47<50,$M47>=0.73*($K47-20)),"CL - Lean Clay", IF(AND($K47>=50,$M47>=0.73*($K47-20)),"CH - Fat Clay", IF(AND($K47<50,$M47<0.73*($K47-20)),"ML - Silt", IF(AND($K47>=50,$M47<0.73*($K47-20)),"MH - Elastic Silt",""))))))))
A48: =IFERROR(SMALL('DATA INDUK'!$AL$28:$AL$1151,ROWS($A$20:A48)),"") | B48: =IF($A48="","",INDEX('DATA INDUK'!$H$28:$H$151,MATCH($A48,'DATA INDUK'!$AL$28:$AL$151,0))) | C48: =IF($A48="","",INDEX('DATA INDUK'!$C$28:$C$151,MATCH($A48,'DATA INDUK'!$AL$28:$AL$151,0))) | E48: =IF($A48="","",INDEX('DATA INDUK'!$D$28:$D$151,MATCH($A48,'DATA INDUK'!$AL$28:$AL$151,0))) | F48: =IF($A48="","",INDEX('DATA INDUK'!$I$28:$I$151,MATCH($A48,'DATA INDUK'!$AL$28:$AL$151,0))) | N48: =IF($A48="","", IF(OR($K48="",$M48=""),"", IF($K48="-","-", IF($K48="NP","NP - Non Plastic", IF(AND($K48<50,$M48>=0.73*($K48-20)),"CL - Lean Clay", IF(AND($K48>=50,$M48>=0.73*($K48-20)),"CH - Fat Clay", IF(AND($K48<50,$M48<0.73*($K48-20)),"ML - Silt", IF(AND($K48>=50,$M48<0.73*($K48-20)),"MH - Elastic Silt",""))))))))
A49: =IFERROR(SMALL('DATA INDUK'!$AL$28:$AL$1151,ROWS($A$20:A49)),"") | B49: =IF($A49="","",INDEX('DATA INDUK'!$H$28:$H$151,MATCH($A49,'DATA INDUK'!$AL$28:$AL$151,0))) | C49: =IF($A49="","",INDEX('DATA INDUK'!$C$28:$C$151,MATCH($A49,'DATA INDUK'!$AL$28:$AL$151,0))) | E49: =IF($A49="","",INDEX('DATA INDUK'!$D$28:$D$151,MATCH($A49,'DATA INDUK'!$AL$28:$AL$151,0))) | F49: =IF($A49="","",INDEX('DATA INDUK'!$I$28:$I$151,MATCH($A49,'DATA INDUK'!$AL$28:$AL$151,0))) | N49: =IF($A49="","", IF(OR($K49="",$M49=""),"", IF($K49="-","-", IF($K49="NP","NP - Non Plastic", IF(AND($K49<50,$M49>=0.73*($K49-20)),"CL - Lean Clay", IF(AND($K49>=50,$M49>=0.73*($K49-20)),"CH - Fat Clay", IF(AND($K49<50,$M49<0.73*($K49-20)),"ML - Silt", IF(AND($K49>=50,$M49<0.73*($K49-20)),"MH - Elastic Silt",""))))))))
A50: =IFERROR(SMALL('DATA INDUK'!$AL$28:$AL$1151,ROWS($A$20:A50)),"") | B50: =IF($A50="","",INDEX('DATA INDUK'!$H$28:$H$151,MATCH($A50,'DATA INDUK'!$AL$28:$AL$151,0))) | C50: =IF($A50="","",INDEX('DATA INDUK'!$C$28:$C$151,MATCH($A50,'DATA INDUK'!$AL$28:$AL$151,0))) | E50: =IF($A50="","",INDEX('DATA INDUK'!$D$28:$D$151,MATCH($A50,'DATA INDUK'!$AL$28:$AL$151,0))) | F50: =IF($A50="","",INDEX('DATA INDUK'!$I$28:$I$151,MATCH($A50,'DATA INDUK'!$AL$28:$AL$151,0))) | N50: =IF($A50="","", IF(OR($K50="",$M50=""),"", IF($K50="-","-", IF($K50="NP","NP - Non Plastic", IF(AND($K50<50,$M50>=0.73*($K50-20)),"CL - Lean Clay", IF(AND($K50>=50,$M50>=0.73*($K50-20)),"CH - Fat Clay", IF(AND($K50<50,$M50<0.73*($K50-20)),"ML - Silt", IF(AND($K50>=50,$M50<0.73*($K50-20)),"MH - Elastic Silt",""))))))))
A51: =IFERROR(SMALL('DATA INDUK'!$AL$28:$AL$1151,ROWS($A$20:A51)),"") | B51: =IF($A51="","",INDEX('DATA INDUK'!$H$28:$H$151,MATCH($A51,'DATA INDUK'!$AL$28:$AL$151,0))) | C51: =IF($A51="","",INDEX('DATA INDUK'!$C$28:$C$151,MATCH($A51,'DATA INDUK'!$AL$28:$AL$151,0))) | E51: =IF($A51="","",INDEX('DATA INDUK'!$D$28:$D$151,MATCH($A51,'DATA INDUK'!$AL$28:$AL$151,0))) | F51: =IF($A51="","",INDEX('DATA INDUK'!$I$28:$I$151,MATCH($A51,'DATA INDUK'!$AL$28:$AL$151,0))) | N51: =IF($A51="","", IF(OR($K51="",$M51=""),"", IF($K51="-","-", IF($K51="NP","NP - Non Plastic", IF(AND($K51<50,$M51>=0.73*($K51-20)),"CL - Lean Clay", IF(AND($K51>=50,$M51>=0.73*($K51-20)),"CH - Fat Clay", IF(AND($K51<50,$M51<0.73*($K51-20)),"ML - Silt", IF(AND($K51>=50,$M51<0.73*($K51-20)),"MH - Elastic Silt",""))))))))
A52: =IFERROR(SMALL('DATA INDUK'!$AL$28:$AL$1151,ROWS($A$20:A52)),"") | B52: =IF($A52="","",INDEX('DATA INDUK'!$H$28:$H$151,MATCH($A52,'DATA INDUK'!$AL$28:$AL$151,0))) | C52: =IF($A52="","",INDEX('DATA INDUK'!$C$28:$C$151,MATCH($A52,'DATA INDUK'!$AL$28:$AL$151,0))) | E52: =IF($A52="","",INDEX('DATA INDUK'!$D$28:$D$151,MATCH($A52,'DATA INDUK'!$AL$28:$AL$151,0))) | F52: =IF($A52="","",INDEX('DATA INDUK'!$I$28:$I$151,MATCH($A52,'DATA INDUK'!$AL$28:$AL$151,0))) | N52: =IF($A52="","", IF(OR($K52="",$M52=""),"", IF($K52="-","-", IF($K52="NP","NP - Non Plastic", IF(AND($K52<50,$M52>=0.73*($K52-20)),"CL - Lean Clay", IF(AND($K52>=50,$M52>=0.73*($K52-20)),"CH - Fat Clay", IF(AND($K52<50,$M52<0.73*($K52-20)),"ML - Silt", IF(AND($K52>=50,$M52<0.73*($K52-20)),"MH - Elastic Silt",""))))))))
A53: =IFERROR(SMALL('DATA INDUK'!$AL$28:$AL$1151,ROWS($A$20:A53)),"") | B53: =IF($A53="","",INDEX('DATA INDUK'!$H$28:$H$151,MATCH($A53,'DATA INDUK'!$AL$28:$AL$151,0))) | C53: =IF($A53="","",INDEX('DATA INDUK'!$C$28:$C$151,MATCH($A53,'DATA INDUK'!$AL$28:$AL$151,0))) | E53: =IF($A53="","",INDEX('DATA INDUK'!$D$28:$D$151,MATCH($A53,'DATA INDUK'!$AL$28:$AL$151,0))) | F53: =IF($A53="","",INDEX('DATA INDUK'!$I$28:$I$151,MATCH($A53,'DATA INDUK'!$AL$28:$AL$151,0))) | N53: =IF($A53="","", IF(OR($K53="",$M53=""),"", IF($K53="-","-", IF($K53="NP","NP - Non Plastic", IF(AND($K53<50,$M53>=0.73*($K53-20)),"CL - Lean Clay", IF(AND($K53>=50,$M53>=0.73*($K53-20)),"CH - Fat Clay", IF(AND($K53<50,$M53<0.73*($K53-20)),"ML - Silt", IF(AND($K53>=50,$M53<0.73*($K53-20)),"MH - Elastic Silt",""))))))))
A54: =IFERROR(SMALL('DATA INDUK'!$AL$28:$AL$1151,ROWS($A$20:A54)),"") | B54: =IF($A54="","",INDEX('DATA INDUK'!$H$28:$H$151,MATCH($A54,'DATA INDUK'!$AL$28:$AL$151,0))) | C54: =IF($A54="","",INDEX('DATA INDUK'!$C$28:$C$151,MATCH($A54,'DATA INDUK'!$AL$28:$AL$151,0))) | E54: =IF($A54="","",INDEX('DATA INDUK'!$D$28:$D$151,MATCH($A54,'DATA INDUK'!$AL$28:$AL$151,0))) | F54: =IF($A54="","",INDEX('DATA INDUK'!$I$28:$I$151,MATCH($A54,'DATA INDUK'!$AL$28:$AL$151,0))) | N54: =IF($A54="","", IF(OR($K54="",$M54=""),"", IF($K54="-","-", IF($K54="NP","NP - Non Plastic", IF(AND($K54<50,$M54>=0.73*($K54-20)),"CL - Lean Clay", IF(AND($K54>=50,$M54>=0.73*($K54-20)),"CH - Fat Clay", IF(AND($K54<50,$M54<0.73*($K54-20)),"ML - Silt", IF(AND($K54>=50,$M54<0.73*($K54-20)),"MH - Elastic Silt",""))))))))
A55: =IFERROR(SMALL('DATA INDUK'!$AL$28:$AL$1151,ROWS($A$20:A55)),"") | B55: =IF($A55="","",INDEX('DATA INDUK'!$H$28:$H$151,MATCH($A55,'DATA INDUK'!$AL$28:$AL$151,0))) | C55: =IF($A55="","",INDEX('DATA INDUK'!$C$28:$C$151,MATCH($A55,'DATA INDUK'!$AL$28:$AL$151,0))) | E55: =IF($A55="","",INDEX('DATA INDUK'!$D$28:$D$151,MATCH($A55,'DATA INDUK'!$AL$28:$AL$151,0))) | F55: =IF($A55="","",INDEX('DATA INDUK'!$I$28:$I$151,MATCH($A55,'DATA INDUK'!$AL$28:$AL$151,0))) | N55: =IF($A55="","", IF(OR($K55="",$M55=""),"", IF($K55="-","-", IF($K55="NP","NP - Non Plastic", IF(AND($K55<50,$M55>=0.73*($K55-20)),"CL - Lean Clay", IF(AND($K55>=50,$M55>=0.73*($K55-20)),"CH - Fat Clay", IF(AND($K55<50,$M55<0.73*($K55-20)),"ML - Silt", IF(AND($K55>=50,$M55<0.73*($K55-20)),"MH - Elastic Silt",""))))))))
A56: =IFERROR(SMALL('DATA INDUK'!$AL$28:$AL$1151,ROWS($A$20:A56)),"") | B56: =IF($A56="","",INDEX('DATA INDUK'!$H$28:$H$151,MATCH($A56,'DATA INDUK'!$AL$28:$AL$151,0))) | C56: =IF($A56="","",INDEX('DATA INDUK'!$C$28:$C$151,MATCH($A56,'DATA INDUK'!$AL$28:$AL$151,0))) | E56: =IF($A56="","",INDEX('DATA INDUK'!$D$28:$D$151,MATCH($A56,'DATA INDUK'!$AL$28:$AL$151,0))) | F56: =IF($A56="","",INDEX('DATA INDUK'!$I$28:$I$151,MATCH($A56,'DATA INDUK'!$AL$28:$AL$151,0))) | N56: =IF($A56="","", IF(OR($K56="",$M56=""),"", IF($K56="-","-", IF($K56="NP","NP - Non Plastic", IF(AND($K56<50,$M56>=0.73*($K56-20)),"CL - Lean Clay", IF(AND($K56>=50,$M56>=0.73*($K56-20)),"CH - Fat Clay", IF(AND($K56<50,$M56<0.73*($K56-20)),"ML - Silt", IF(AND($K56>=50,$M56<0.73*($K56-20)),"MH - Elastic Silt",""))))))))
... A70: =IFERROR(SMALL('DATA INDUK'!$AL$28:$AL$1151,ROWS($A$20:A70)),"") | B70: =IF($A70="","",INDEX('DATA INDUK'!$H$28:$H$151,MATCH($A70,'DATA INDUK'!$AL$28:$AL$151,0))) | C70: =IF($A70="","",INDEX('DATA INDUK'!$C$28:$C$151,MATCH($A70,'DATA INDUK'!$AL$28:$AL$151,0))) | E70: =IF($A70="","",INDEX('DATA INDUK'!$D$28:$D$151,MATCH($A70,'DATA INDUK'!$AL$28:$AL$151,0))) | F70: =IF($A70="","",INDEX('DATA INDUK'!$I$28:$I$151,MATCH($A70,'DATA INDUK'!$AL$28:$AL$151,0))) | N70: =IF($A70="","", IF(OR($K70="",$M70=""),"", IF($K70="-","-", IF($K70="NP","NP - Non Plastic", IF(AND($K70<50,$M70>=0.73*($K70-20)),"CL - Lean Clay", IF(AND($K70>=50,$M70>=0.73*($K70-20)),"CH - Fat Clay", IF(AND($K70<50,$M70<0.73*($K70-20)),"ML - Silt", IF(AND($K70>=50,$M70<0.73*($K70-20)),"MH - Elastic Silt",""))))))))
A71: =IFERROR(SMALL('DATA INDUK'!$AL$28:$AL$1151,ROWS($A$20:A71)),"") | B71: =IF($A71="","",INDEX('DATA INDUK'!$H$28:$H$151,MATCH($A71,'DATA INDUK'!$AL$28:$AL$151,0))) | C71: =IF($A71="","",INDEX('DATA INDUK'!$C$28:$C$151,MATCH($A71,'DATA INDUK'!$AL$28:$AL$151,0))) | E71: =IF($A71="","",INDEX('DATA INDUK'!$D$28:$D$151,MATCH($A71,'DATA INDUK'!$AL$28:$AL$151,0))) | F71: =IF($A71="","",INDEX('DATA INDUK'!$I$28:$I$151,MATCH($A71,'DATA INDUK'!$AL$28:$AL$151,0))) | N71: =IF($A71="","", IF(OR($K71="",$M71=""),"", IF($K71="-","-", IF($K71="NP","NP - Non Plastic", IF(AND($K71<50,$M71>=0.73*($K71-20)),"CL - Lean Clay", IF(AND($K71>=50,$M71>=0.73*($K71-20)),"CH - Fat Clay", IF(AND($K71<50,$M71<0.73*($K71-20)),"ML - Silt", IF(AND($K71>=50,$M71<0.73*($K71-20)),"MH - Elastic Silt","")))))))) | V71: ='DATA INDUK'!$H$9 -> PO-GQT-001
A72: =IFERROR(SMALL('DATA INDUK'!$AL$28:$AL$1151,ROWS($A$20:A72)),"") | B72: =IF($A72="","",INDEX('DATA INDUK'!$H$28:$H$151,MATCH($A72,'DATA INDUK'!$AL$28:$AL$151,0))) | C72: =IF($A72="","",INDEX('DATA INDUK'!$C$28:$C$151,MATCH($A72,'DATA INDUK'!$AL$28:$AL$151,0))) | E72: =IF($A72="","",INDEX('DATA INDUK'!$D$28:$D$151,MATCH($A72,'DATA INDUK'!$AL$28:$AL$151,0))) | F72: =IF($A72="","",INDEX('DATA INDUK'!$I$28:$I$151,MATCH($A72,'DATA INDUK'!$AL$28:$AL$151,0))) | N72: =IF($A72="","", IF(OR($K72="",$M72=""),"", IF($K72="-","-", IF($K72="NP","NP - Non Plastic", IF(AND($K72<50,$M72>=0.73*($K72-20)),"CL - Lean Clay", IF(AND($K72>=50,$M72>=0.73*($K72-20)),"CH - Fat Clay", IF(AND($K72<50,$M72<0.73*($K72-20)),"ML - Silt", IF(AND($K72>=50,$M72<0.73*($K72-20)),"MH - Elastic Silt","")))))))) | V72: ='DATA INDUK'!$P$17 -> QMS/SUM-001/VI/2026
A73: =IFERROR(SMALL('DATA INDUK'!$AL$28:$AL$1151,ROWS($A$20:A73)),"") | B73: =IF($A73="","",INDEX('DATA INDUK'!$H$28:$H$151,MATCH($A73,'DATA INDUK'!$AL$28:$AL$151,0))) | C73: =IF($A73="","",INDEX('DATA INDUK'!$C$28:$C$151,MATCH($A73,'DATA INDUK'!$AL$28:$AL$151,0))) | E73: =IF($A73="","",INDEX('DATA INDUK'!$D$28:$D$151,MATCH($A73,'DATA INDUK'!$AL$28:$AL$151,0))) | F73: =IF($A73="","",INDEX('DATA INDUK'!$I$28:$I$151,MATCH($A73,'DATA INDUK'!$AL$28:$AL$151,0))) | N73: =IF($A73="","", IF(OR($K73="",$M73=""),"", IF($K73="-","-", IF($K73="NP","NP - Non Plastic", IF(AND($K73<50,$M73>=0.73*($K73-20)),"CL - Lean Clay", IF(AND($K73>=50,$M73>=0.73*($K73-20)),"CH - Fat Clay", IF(AND($K73<50,$M73<0.73*($K73-20)),"ML - Silt", IF(AND($K73>=50,$M73<0.73*($K73-20)),"MH - Elastic Silt","")))))))) | V73: PHYS TEST SUMMARY
A74: =IFERROR(SMALL('DATA INDUK'!$AL$28:$AL$1151,ROWS($A$20:A74)),"") | B74: =IF($A74="","",INDEX('DATA INDUK'!$H$28:$H$151,MATCH($A74,'DATA INDUK'!$AL$28:$AL$151,0))) | C74: =IF($A74="","",INDEX('DATA INDUK'!$C$28:$C$151,MATCH($A74,'DATA INDUK'!$AL$28:$AL$151,0))) | E74: =IF($A74="","",INDEX('DATA INDUK'!$D$28:$D$151,MATCH($A74,'DATA INDUK'!$AL$28:$AL$151,0))) | F74: =IF($A74="","",INDEX('DATA INDUK'!$I$28:$I$151,MATCH($A74,'DATA INDUK'!$AL$28:$AL$151,0))) | N74: =IF($A74="","", IF(OR($K74="",$M74=""),"", IF($K74="-","-", IF($K74="NP","NP - Non Plastic", IF(AND($K74<50,$M74>=0.73*($K74-20)),"CL - Lean Clay", IF(AND($K74>=50,$M74>=0.73*($K74-20)),"CH - Fat Clay", IF(AND($K74<50,$M74<0.73*($K74-20)),"ML - Silt", IF(AND($K74>=50,$M74<0.73*($K74-20)),"MH - Elastic Silt",""))))))))
A75: =IFERROR(SMALL('DATA INDUK'!$AL$28:$AL$1151,ROWS($A$20:A75)),"") | B75: =IF($A75="","",INDEX('DATA INDUK'!$H$28:$H$151,MATCH($A75,'DATA INDUK'!$AL$28:$AL$151,0))) | C75: =IF($A75="","",INDEX('DATA INDUK'!$C$28:$C$151,MATCH($A75,'DATA INDUK'!$AL$28:$AL$151,0))) | E75: =IF($A75="","",INDEX('DATA INDUK'!$D$28:$D$151,MATCH($A75,'DATA INDUK'!$AL$28:$AL$151,0))) | F75: =IF($A75="","",INDEX('DATA INDUK'!$I$28:$I$151,MATCH($A75,'DATA INDUK'!$AL$28:$AL$151,0))) | N75: =IF($A75="","", IF(OR($K75="",$M75=""),"", IF($K75="-","-", IF($K75="NP","NP - Non Plastic", IF(AND($K75<50,$M75>=0.73*($K75-20)),"CL - Lean Clay", IF(AND($K75>=50,$M75>=0.73*($K75-20)),"CH - Fat Clay", IF(AND($K75<50,$M75<0.73*($K75-20)),"ML - Silt", IF(AND($K75>=50,$M75<0.73*($K75-20)),"MH - Elastic Silt",""))))))))
A76: =IFERROR(SMALL('DATA INDUK'!$AL$28:$AL$1151,ROWS($A$20:A76)),"") | B76: =IF($A76="","",INDEX('DATA INDUK'!$H$28:$H$151,MATCH($A76,'DATA INDUK'!$AL$28:$AL$151,0))) | C76: =IF($A76="","",INDEX('DATA INDUK'!$C$28:$C$151,MATCH($A76,'DATA INDUK'!$AL$28:$AL$151,0))) | E76: =IF($A76="","",INDEX('DATA INDUK'!$D$28:$D$151,MATCH($A76,'DATA INDUK'!$AL$28:$AL$151,0))) | F76: =IF($A76="","",INDEX('DATA INDUK'!$I$28:$I$151,MATCH($A76,'DATA INDUK'!$AL$28:$AL$151,0))) | N76: =IF($A76="","", IF(OR($K76="",$M76=""),"", IF($K76="-","-", IF($K76="NP","NP - Non Plastic", IF(AND($K76<50,$M76>=0.73*($K76-20)),"CL - Lean Clay", IF(AND($K76>=50,$M76>=0.73*($K76-20)),"CH - Fat Clay", IF(AND($K76<50,$M76<0.73*($K76-20)),"ML - Silt", IF(AND($K76>=50,$M76<0.73*($K76-20)),"MH - Elastic Silt",""))))))))
A77: =IFERROR(SMALL('DATA INDUK'!$AL$28:$AL$1151,ROWS($A$20:A77)),"") | B77: =IF($A77="","",INDEX('DATA INDUK'!$H$28:$H$151,MATCH($A77,'DATA INDUK'!$AL$28:$AL$151,0))) | C77: =IF($A77="","",INDEX('DATA INDUK'!$C$28:$C$151,MATCH($A77,'DATA INDUK'!$AL$28:$AL$151,0))) | E77: =IF($A77="","",INDEX('DATA INDUK'!$D$28:$D$151,MATCH($A77,'DATA INDUK'!$AL$28:$AL$151,0))) | F77: =IF($A77="","",INDEX('DATA INDUK'!$I$28:$I$151,MATCH($A77,'DATA INDUK'!$AL$28:$AL$151,0))) | N77: =IF($A77="","", IF(OR($K77="",$M77=""),"", IF($K77="-","-", IF($K77="NP","NP - Non Plastic", IF(AND($K77<50,$M77>=0.73*($K77-20)),"CL - Lean Clay", IF(AND($K77>=50,$M77>=0.73*($K77-20)),"CH - Fat Clay", IF(AND($K77<50,$M77<0.73*($K77-20)),"ML - Silt", IF(AND($K77>=50,$M77<0.73*($K77-20)),"MH - Elastic Silt",""))))))))
A78: =IFERROR(SMALL('DATA INDUK'!$AL$28:$AL$1151,ROWS($A$20:A78)),"") | B78: =IF($A78="","",INDEX('DATA INDUK'!$H$28:$H$151,MATCH($A78,'DATA INDUK'!$AL$28:$AL$151,0))) | C78: =IF($A78="","",INDEX('DATA INDUK'!$C$28:$C$151,MATCH($A78,'DATA INDUK'!$AL$28:$AL$151,0))) | E78: =IF($A78="","",INDEX('DATA INDUK'!$D$28:$D$151,MATCH($A78,'DATA INDUK'!$AL$28:$AL$151,0))) | F78: =IF($A78="","",INDEX('DATA INDUK'!$I$28:$I$151,MATCH($A78,'DATA INDUK'!$AL$28:$AL$151,0))) | N78: =IF($A78="","", IF(OR($K78="",$M78=""),"", IF($K78="-","-", IF($K78="NP","NP - Non Plastic", IF(AND($K78<50,$M78>=0.73*($K78-20)),"CL - Lean Clay", IF(AND($K78>=50,$M78>=0.73*($K78-20)),"CH - Fat Clay", IF(AND($K78<50,$M78<0.73*($K78-20)),"ML - Silt", IF(AND($K78>=50,$M78<0.73*($K78-20)),"MH - Elastic Silt",""))))))))
A79: =IFERROR(SMALL('DATA INDUK'!$AL$28:$AL$1151,ROWS($A$20:A79)),"") | B79: =IF($A79="","",INDEX('DATA INDUK'!$H$28:$H$151,MATCH($A79,'DATA INDUK'!$AL$28:$AL$151,0))) | C79: =IF($A79="","",INDEX('DATA INDUK'!$C$28:$C$151,MATCH($A79,'DATA INDUK'!$AL$28:$AL$151,0))) | E79: =IF($A79="","",INDEX('DATA INDUK'!$D$28:$D$151,MATCH($A79,'DATA INDUK'!$AL$28:$AL$151,0))) | F79: =IF($A79="","",INDEX('DATA INDUK'!$I$28:$I$151,MATCH($A79,'DATA INDUK'!$AL$28:$AL$151,0))) | N79: =IF($A79="","", IF(OR($K79="",$M79=""),"", IF($K79="-","-", IF($K79="NP","NP - Non Plastic", IF(AND($K79<50,$M79>=0.73*($K79-20)),"CL - Lean Clay", IF(AND($K79>=50,$M79>=0.73*($K79-20)),"CH - Fat Clay", IF(AND($K79<50,$M79<0.73*($K79-20)),"ML - Silt", IF(AND($K79>=50,$M79<0.73*($K79-20)),"MH - Elastic Silt",""))))))))
A80: =IFERROR(SMALL('DATA INDUK'!$AL$28:$AL$1151,ROWS($A$20:A80)),"") | B80: =IF($A80="","",INDEX('DATA INDUK'!$H$28:$H$151,MATCH($A80,'DATA INDUK'!$AL$28:$AL$151,0))) | C80: =IF($A80="","",INDEX('DATA INDUK'!$C$28:$C$151,MATCH($A80,'DATA INDUK'!$AL$28:$AL$151,0))) | E80: =IF($A80="","",INDEX('DATA INDUK'!$D$28:$D$151,MATCH($A80,'DATA INDUK'!$AL$28:$AL$151,0))) | F80: =IF($A80="","",INDEX('DATA INDUK'!$I$28:$I$151,MATCH($A80,'DATA INDUK'!$AL$28:$AL$151,0))) | N80: =IF($A80="","", IF(OR($K80="",$M80=""),"", IF($K80="-","-", IF($K80="NP","NP - Non Plastic", IF(AND($K80<50,$M80>=0.73*($K80-20)),"CL - Lean Clay", IF(AND($K80>=50,$M80>=0.73*($K80-20)),"CH - Fat Clay", IF(AND($K80<50,$M80<0.73*($K80-20)),"ML - Silt", IF(AND($K80>=50,$M80<0.73*($K80-20)),"MH - Elastic Silt",""))))))))
A81: =IFERROR(SMALL('DATA INDUK'!$AL$28:$AL$1151,ROWS($A$20:A81)),"") | B81: =IF($A81="","",INDEX('DATA INDUK'!$H$28:$H$151,MATCH($A81,'DATA INDUK'!$AL$28:$AL$151,0))) | C81: =IF($A81="","",INDEX('DATA INDUK'!$C$28:$C$151,MATCH($A81,'DATA INDUK'!$AL$28:$AL$151,0))) | E81: =IF($A81="","",INDEX('DATA INDUK'!$D$28:$D$151,MATCH($A81,'DATA INDUK'!$AL$28:$AL$151,0))) | F81: =IF($A81="","",INDEX('DATA INDUK'!$I$28:$I$151,MATCH($A81,'DATA INDUK'!$AL$28:$AL$151,0))) | N81: =IF($A81="","", IF(OR($K81="",$M81=""),"", IF($K81="-","-", IF($K81="NP","NP - Non Plastic", IF(AND($K81<50,$M81>=0.73*($K81-20)),"CL - Lean Clay", IF(AND($K81>=50,$M81>=0.73*($K81-20)),"CH - Fat Clay", IF(AND($K81<50,$M81<0.73*($K81-20)),"ML - Silt", IF(AND($K81>=50,$M81<0.73*($K81-20)),"MH - Elastic Silt",""))))))))
A82: =IFERROR(SMALL('DATA INDUK'!$AL$28:$AL$1151,ROWS($A$20:A82)),"") | B82: =IF($A82="","",INDEX('DATA INDUK'!$H$28:$H$151,MATCH($A82,'DATA INDUK'!$AL$28:$AL$151,0))) | C82: =IF($A82="","",INDEX('DATA INDUK'!$C$28:$C$151,MATCH($A82,'DATA INDUK'!$AL$28:$AL$151,0))) | E82: =IF($A82="","",INDEX('DATA INDUK'!$D$28:$D$151,MATCH($A82,'DATA INDUK'!$AL$28:$AL$151,0))) | F82: =IF($A82="","",INDEX('DATA INDUK'!$I$28:$I$151,MATCH($A82,'DATA INDUK'!$AL$28:$AL$151,0))) | N82: =IF($A82="","", IF(OR($K82="",$M82=""),"", IF($K82="-","-", IF($K82="NP","NP - Non Plastic", IF(AND($K82<50,$M82>=0.73*($K82-20)),"CL - Lean Clay", IF(AND($K82>=50,$M82>=0.73*($K82-20)),"CH - Fat Clay", IF(AND($K82<50,$M82<0.73*($K82-20)),"ML - Silt", IF(AND($K82>=50,$M82<0.73*($K82-20)),"MH - Elastic Silt",""))))))))
A83: =IFERROR(SMALL('DATA INDUK'!$AL$28:$AL$1151,ROWS($A$20:A83)),"") | B83: =IF($A83="","",INDEX('DATA INDUK'!$H$28:$H$151,MATCH($A83,'DATA INDUK'!$AL$28:$AL$151,0))) | C83: =IF($A83="","",INDEX('DATA INDUK'!$C$28:$C$151,MATCH($A83,'DATA INDUK'!$AL$28:$AL$151,0))) | E83: =IF($A83="","",INDEX('DATA INDUK'!$D$28:$D$151,MATCH($A83,'DATA INDUK'!$AL$28:$AL$151,0))) | F83: =IF($A83="","",INDEX('DATA INDUK'!$I$28:$I$151,MATCH($A83,'DATA INDUK'!$AL$28:$AL$151,0))) | N83: =IF($A83="","", IF(OR($K83="",$M83=""),"", IF($K83="-","-", IF($K83="NP","NP - Non Plastic", IF(AND($K83<50,$M83>=0.73*($K83-20)),"CL - Lean Clay", IF(AND($K83>=50,$M83>=0.73*($K83-20)),"CH - Fat Clay", IF(AND($K83<50,$M83<0.73*($K83-20)),"ML - Silt", IF(AND($K83>=50,$M83<0.73*($K83-20)),"MH - Elastic Silt",""))))))))
A84: =IFERROR(SMALL('DATA INDUK'!$AL$28:$AL$1151,ROWS($A$20:A84)),"") | B84: =IF($A84="","",INDEX('DATA INDUK'!$H$28:$H$151,MATCH($A84,'DATA INDUK'!$AL$28:$AL$151,0))) | C84: =IF($A84="","",INDEX('DATA INDUK'!$C$28:$C$151,MATCH($A84,'DATA INDUK'!$AL$28:$AL$151,0))) | E84: =IF($A84="","",INDEX('DATA INDUK'!$D$28:$D$151,MATCH($A84,'DATA INDUK'!$AL$28:$AL$151,0))) | F84: =IF($A84="","",INDEX('DATA INDUK'!$I$28:$I$151,MATCH($A84,'DATA INDUK'!$AL$28:$AL$151,0))) | N84: =IF($A84="","", IF(OR($K84="",$M84=""),"", IF($K84="-","-", IF($K84="NP","NP - Non Plastic", IF(AND($K84<50,$M84>=0.73*($K84-20)),"CL - Lean Clay", IF(AND($K84>=50,$M84>=0.73*($K84-20)),"CH - Fat Clay", IF(AND($K84<50,$M84<0.73*($K84-20)),"ML - Silt", IF(AND($K84>=50,$M84<0.73*($K84-20)),"MH - Elastic Silt",""))))))))
A85: =IFERROR(SMALL('DATA INDUK'!$AL$28:$AL$1151,ROWS($A$20:A85)),"") | B85: =IF($A85="","",INDEX('DATA INDUK'!$H$28:$H$151,MATCH($A85,'DATA INDUK'!$AL$28:$AL$151,0))) | C85: =IF($A85="","",INDEX('DATA INDUK'!$C$28:$C$151,MATCH($A85,'DATA INDUK'!$AL$28:$AL$151,0))) | E85: =IF($A85="","",INDEX('DATA INDUK'!$D$28:$D$151,MATCH($A85,'DATA INDUK'!$AL$28:$AL$151,0))) | F85: =IF($A85="","",INDEX('DATA INDUK'!$I$28:$I$151,MATCH($A85,'DATA INDUK'!$AL$28:$AL$151,0))) | N85: =IF($A85="","", IF(OR($K85="",$M85=""),"", IF($K85="-","-", IF($K85="NP","NP - Non Plastic", IF(AND($K85<50,$M85>=0.73*($K85-20)),"CL - Lean Clay", IF(AND($K85>=50,$M85>=0.73*($K85-20)),"CH - Fat Clay", IF(AND($K85<50,$M85<0.73*($K85-20)),"ML - Silt", IF(AND($K85>=50,$M85<0.73*($K85-20)),"MH - Elastic Silt",""))))))))
... A99: =IFERROR(SMALL('DATA INDUK'!$AL$28:$AL$1151,ROWS($A$20:A99)),"") | B99: =IF($A99="","",INDEX('DATA INDUK'!$H$28:$H$151,MATCH($A99,'DATA INDUK'!$AL$28:$AL$151,0))) | C99: =IF($A99="","",INDEX('DATA INDUK'!$C$28:$C$151,MATCH($A99,'DATA INDUK'!$AL$28:$AL$151,0))) | E99: =IF($A99="","",INDEX('DATA INDUK'!$D$28:$D$151,MATCH($A99,'DATA INDUK'!$AL$28:$AL$151,0))) | F99: =IF($A99="","",INDEX('DATA INDUK'!$I$28:$I$151,MATCH($A99,'DATA INDUK'!$AL$28:$AL$151,0))) | N99: =IF($A99="","", IF(OR($K99="",$M99=""),"", IF($K99="-","-", IF($K99="NP","NP - Non Plastic", IF(AND($K99<50,$M99>=0.73*($K99-20)),"CL - Lean Clay", IF(AND($K99>=50,$M99>=0.73*($K99-20)),"CH - Fat Clay", IF(AND($K99<50,$M99<0.73*($K99-20)),"ML - Silt", IF(AND($K99>=50,$M99<0.73*($K99-20)),"MH - Elastic Silt",""))))))))
B102: =IF( OR( COUNTIF($A$20:$T$79,"-")>0, COUNTIF($A$20:$T$79,"NP")>0, COUNTIF($A$20:$T$79,"ND")>0, COUNTIFS($S$20:$S$79,"<>",$S$20:$S$79,"<>-")>0 ), "Catatan / Notes:"&CHAR(10), "" ) &IF( COUNTIF($A$20:$T$79,"-")>0, "- : Pengujian tidak dilakukan / Test not performed", "" ) &IF( COUNTIF($A$20:$T$79,"NP")>0, IF(COUNTIF($A$20:$T$79,"-")>0,CHAR(10),"") &"NP : Tidak plastis / Non Plastic", "" ) &IF( COUNTIF($A$20:$T$79,"ND")>0, IF( OR( COUNTIF($A$20:$T$79,"-")>0, COUNTIF($A$20:$T$79,"NP")>0 ), CHAR(10), "" ) &"ND : Tidak dapat ditentukan / Non Determined", "" ) &IF( COUNTIFS($S$20:$S$79,"<>",$S$20:$S$79,"<>-")>0, IF( OR( COUNTIF($A$20:$T$79,"-")>0, COUNTIF($A$20:$T$79,"NP")>0, COUNTIF($A$20:$T$79,"ND")>0 ), CHAR(10), "" ) &"Deskripsi material yang disajikan bukan merupakan klasifikasi USCS maupun AASHTO / Material description presented herein is not equivalent to USCS or AASHTO classification.", "" ) -> Catatan / Notes: - : Pengujian tidak dilakukan / Test not performed
B104: =IF($X$16=1, "Parameter atau hasil tambahan yang diminta secara khusus oleh pelanggan dapat dilihat pada Laporan Hasil Uji (LHU) terkait. / Additional client-specific parameters or results shall refer to the corresponding Test Report.", "") -> Parameter atau hasil tambahan yang diminta secara khusus oleh pelanggan dapat dilihat pada Laporan Hasil Uji (LHU) terkait. / Additional client-specific parameters or results shall refer to the corresponding Test Report.
S105: SCAN FOR VERIFICATION
A107: KETERANGAN /REMARK | C107: Summary ini merupakan ringkasan hasil pengujian yang disusun berdasarkan Laporan Hasil Uji (LHU) terkait. Metode dan standar pengujian yang digunakan mengacu pada SNI atau standar lain yang tercantum dalam LHU masing-masing. Untuk informasi lengkap mengenai metode, standar, data, dan hasil pengujian, mengacu pada LHU yang bersangkutan. Apabila terdapat perbedaan data atau interpretasi, maka informasi yang tercantum dalam LHU yang bersangkutan menjadi acuan utama. | J107: This summary presents a compilation of test results derived from the corresponding Test Reports (LHU). The test methods and standards applied refer to the SNI or other standards specified in each respective Test Report. For complete information regarding test methods, standards, data, and test results, refer to the corresponding Test Report. In the event of any discrepancy in data or interpretation, the information stated in the respective Test Report shall prevail.

Sheet summary Strength
C2: PT. TERRAFORMA GEOTEKNIK INDONESIA | U2: RINGKASAN LAPORAN HASIL UJI
C3: " GROUND TRUTH THROUGH TESTING" | U3: TEST REPORT SUMMARY
A7: Nomor Laporan / Report Number | C7: =": "& IF('DATA INDUK'!$P$17="","",'DATA INDUK'!$P$17) -> : QMS/SUM-001/VI/2026
A8: Revisi / Revision | C8: =": "& IF('DATA INDUK'!$P$18="","",'DATA INDUK'!$P$18) -> : R0
A9: Tgl Revisi / Revision date | C9: =": "& IF('DATA INDUK'!$P$19="","",'DATA INDUK'!$P$19) -> : - | J9: Tgl Laporan / Report Date | M9: =": "& IF('DATA INDUK'!$P$20="","",TEXT('DATA INDUK'!$P$20,"dd mmmm yyyy")) -> : 20 June 2026 | U9: Halaman /Pages | W9: =": 1 dari X" -> : 1 dari X
A12: PARAMETER KUAT GESER
A13: SHEAR STRENGTH PARAMETERS | R13: Jumlah Sampel Diuji / Number of Samples Tested | W13: ='Excecutive Summary'!W49 -> 24
A16: No. | B16: LAB. ID | C16: SAMPLE ID. | D16: SAMPLE TYPE | E16: INTERVAL DEPTH | G16: UCT | I16: DIRECT SHEAR | S16: TRIAXIAL
I17: DS-UU | K17: DS-CU | M17: DS-CD | O17: DS Residual | Q17: DS-CD Residual | S17: TRX-UU | U17: TRX-CU | W17: TRX-CD | Z17: SPECIIAL REQUEST
G18: qu | H18: Cu | I18: φuu | J18: cuu | K18: φcu | L18: ccu | M18: φ'cd | N18: c'cd | O18: φr | P18: cr | Q18: φ'r | R18: c'r | S18: c uu | T18: φ uu | U18: c'cu | V18: φ'cu | W18: c'cd | X18: φ'cd | Z18: 1
G19: kPa | H19: kPa | I19: ° | J19: kPa | K19: ° | L19: kPa | M19: ° | N19: kPa | O19: ° | P19: kPa | Q19: ° | R19: kPa | S19: kPa | T19: ° | U19: kPa | V19: ° | W19: kPa | X19: °
A21: =IFERROR(SMALL('DATA INDUK'!$AM$27:AM201,ROWS($A$21:A21)),"") -> 1 | B21: =IF($A21="","",INDEX('DATA INDUK'!$H$28:$H$151,MATCH($A21,'DATA INDUK'!$AM$28:$AM$151,0))) -> 26-001-DS-001 | C21: {=IF($A21="","", _xlfn.LET( _xlpm.Grp,INDEX('DATA INDUK'!$L$28:$L$228, MATCH($A21,'DATA INDUK'!$AM$28:$AM$228,0)), _xlpm.SID,INDEX('DATA INDUK'!$C$28:$C$228, MATCH($A21,'DATA INDUK'!$AM$28:$AM$228,0)), IF( _xlpm.Grp="", _xlpm.SID, _xlfn.TEXTJOIN(CHAR(10),TRUE, _xlfn._xlws.FILTER('DATA INDUK'!$C$28:$C$228, 'DATA INDUK'!$L$28:$L$228=_xlpm.Grp)) ) ))} -> BH-04R1-SPT 15 | D21: =IF($A21="","",INDEX('DATA INDUK'!$D$28:$D$151,MATCH($A21,'DATA INDUK'!$AM$28:$AM$151,0))) -> Disturbed Sample | E21: {=IF($A21="","", _xlfn.LET( _xlpm.Grp,INDEX('DATA INDUK'!$L$28:$L$228, MATCH($A21,'DATA INDUK'!$AM$28:$AM$228,0)), IF( _xlpm.Grp="", INDEX('DATA INDUK'!$I$28:$I$228, MATCH($A21,'DATA INDUK'!$AM$28:$AM$228,0)), _xlfn.TEXTJOIN(CHAR(10),TRUE, _xlfn._xlws.FILTER('DATA INDUK'!$I$28:$I$228, 'DATA INDUK'!$L$28:$L$228=_xlpm.Grp)) ) ))} -> 22.50 - 22.95 m | G21: - | H21: - | I21: - | J21: - | K21: - | L21: - | M21: - | N21: - | O21: - | P21: - | Q21: - | R21: - | S21: - | T21: - | U21: ='[3]WS-TRX-CU Multi'!$E$346 -> 13.170269 | V21: ='[3]WS-TRX-CU Multi'!$E$347 -> 20.076837 | W21: - | X21: - | Y21: 1
A22: =IFERROR(SMALL('DATA INDUK'!$AM$27:AM202,ROWS($A$21:A22)),"") -> 2 | B22: =IF($A22="","",INDEX('DATA INDUK'!$H$28:$H$151,MATCH($A22,'DATA INDUK'!$AM$28:$AM$151,0))) -> 26-001-DS-002 | C22: {=IF($A22="","", _xlfn.LET( _xlpm.Grp,INDEX('DATA INDUK'!$L$28:$L$228, MATCH($A22,'DATA INDUK'!$AM$28:$AM$228,0)), _xlpm.SID,INDEX('DATA INDUK'!$C$28:$C$228, MATCH($A22,'DATA INDUK'!$AM$28:$AM$228,0)), IF( _xlpm.Grp="", _xlpm.SID, _xlfn.TEXTJOIN(CHAR(10),TRUE, _xlfn._xlws.FILTER('DATA INDUK'!$C$28:$C$228, 'DATA INDUK'!$L$28:$L$228=_xlpm.Grp)) ) ))} -> BH-03-R-SPT 01 | D22: =IF($A22="","",INDEX('DATA INDUK'!$D$28:$D$151,MATCH($A22,'DATA INDUK'!$AM$28:$AM$151,0))) -> Disturbed Sample | E22: {=IF($A22="","", _xlfn.LET( _xlpm.Grp,INDEX('DATA INDUK'!$L$28:$L$228, MATCH($A22,'DATA INDUK'!$AM$28:$AM$228,0)), IF( _xlpm.Grp="", INDEX('DATA INDUK'!$I$28:$I$228, MATCH($A22,'DATA INDUK'!$AM$28:$AM$228,0)), _xlfn.TEXTJOIN(CHAR(10),TRUE, _xlfn._xlws.FILTER('DATA INDUK'!$I$28:$I$228, 'DATA INDUK'!$L$28:$L$228=_xlpm.Grp)) ) ))} -> 1.50 - 1.95 m | G22: - | H22: - | I22: - | J22: - | K22: - | L22: - | M22: - | N22: - | O22: - | P22: - | Q22: - | R22: - | S22: - | T22: - | U22: ='[4]LHU_TRX-CU-Multi'!$I$128 -> 2.2848035 | V22: ='[4]LHU_TRX-CU-Multi'!$I$129 -> 18.744016 | W22: - | X22: - | Y22: =Y21+1 -> 2
A23: =IFERROR(SMALL('DATA INDUK'!$AM$27:AM203,ROWS($A$21:A23)),"") -> 3 | B23: =IF($A23="","",INDEX('DATA INDUK'!$H$28:$H$151,MATCH($A23,'DATA INDUK'!$AM$28:$AM$151,0))) -> 26-001-DS-003 | C23: {=IF($A23="","", _xlfn.LET( _xlpm.Grp,INDEX('DATA INDUK'!$L$28:$L$228, MATCH($A23,'DATA INDUK'!$AM$28:$AM$228,0)), _xlpm.SID,INDEX('DATA INDUK'!$C$28:$C$228, MATCH($A23,'DATA INDUK'!$AM$28:$AM$228,0)), IF( _xlpm.Grp="", _xlpm.SID, _xlfn.TEXTJOIN(CHAR(10),TRUE, _xlfn._xlws.FILTER('DATA INDUK'!$C$28:$C$228, 'DATA INDUK'!$L$28:$L$228=_xlpm.Grp)) ) ))} -> BH-07-R-SPT-01 | D23: =IF($A23="","",INDEX('DATA INDUK'!$D$28:$D$151,MATCH($A23,'DATA INDUK'!$AM$28:$AM$151,0))) -> Disturbed Sample | E23: {=IF($A23="","", _xlfn.LET( _xlpm.Grp,INDEX('DATA INDUK'!$L$28:$L$228, MATCH($A23,'DATA INDUK'!$AM$28:$AM$228,0)), IF( _xlpm.Grp="", INDEX('DATA INDUK'!$I$28:$I$228, MATCH($A23,'DATA INDUK'!$AM$28:$AM$228,0)), _xlfn.TEXTJOIN(CHAR(10),TRUE, _xlfn._xlws.FILTER('DATA INDUK'!$I$28:$I$228, 'DATA INDUK'!$L$28:$L$228=_xlpm.Grp)) ) ))} -> 1.50 - 1.95 m | G23: - | H23: - | I23: - | J23: - | K23: - | L23: - | M23: - | N23: - | O23: - | P23: - | Q23: - | R23: - | S23: - | T23: - | U23: ='[5]WS-TRX-CU Multi'!$E$346 -> 6.9036415 | V23: ='[5]WS-TRX-CU Multi'!$E$347 -> 21.21496 | W23: - | X23: - | Y23: =Y22+1 -> 3
A24: =IFERROR(SMALL('DATA INDUK'!$AM$27:AM204,ROWS($A$21:A24)),"") -> 4 | B24: =IF($A24="","",INDEX('DATA INDUK'!$H$28:$H$151,MATCH($A24,'DATA INDUK'!$AM$28:$AM$151,0))) -> 26-001-DS-004 | C24: {=IF($A24="","", _xlfn.LET( _xlpm.Grp,INDEX('DATA INDUK'!$L$28:$L$228, MATCH($A24,'DATA INDUK'!$AM$28:$AM$228,0)), _xlpm.SID,INDEX('DATA INDUK'!$C$28:$C$228, MATCH($A24,'DATA INDUK'!$AM$28:$AM$228,0)), IF( _xlpm.Grp="", _xlpm.SID, _xlfn.TEXTJOIN(CHAR(10),TRUE, _xlfn._xlws.FILTER('DATA INDUK'!$C$28:$C$228, 'DATA INDUK'!$L$28:$L$228=_xlpm.Grp)) ) ))} -> BH-07-R-SPT 03 | D24: =IF($A24="","",INDEX('DATA INDUK'!$D$28:$D$151,MATCH($A24,'DATA INDUK'!$AM$28:$AM$151,0))) -> Disturbed Sample | E24: {=IF($A24="","", _xlfn.LET( _xlpm.Grp,INDEX('DATA INDUK'!$L$28:$L$228, MATCH($A24,'DATA INDUK'!$AM$28:$AM$228,0)), IF( _xlpm.Grp="", INDEX('DATA INDUK'!$I$28:$I$228, MATCH($A24,'DATA INDUK'!$AM$28:$AM$228,0)), _xlfn.TEXTJOIN(CHAR(10),TRUE, _xlfn._xlws.FILTER('DATA INDUK'!$I$28:$I$228, 'DATA INDUK'!$L$28:$L$228=_xlpm.Grp)) ) ))} -> 4.50 - 4.95 m | G24: - | H24: - | I24: - | J24: - | K24: - | L24: - | M24: - | N24: - | O24: - | P24: - | Q24: - | R24: - | S24: - | T24: - | U24: ='[2]WS-TRX-CU Multi'!$E$346 -> 9.844953 | V24: ='[2]WS-TRX-CU Multi'!$E$347 -> 21.615737 | W24: - | X24: - | Y24: =Y23+1 -> 4
A25: =IFERROR(SMALL('DATA INDUK'!$AM$27:AM205,ROWS($A$21:A25)),"") -> 5 | B25: =IF($A25="","",INDEX('DATA INDUK'!$H$28:$H$151,MATCH($A25,'DATA INDUK'!$AM$28:$AM$151,0))) -> 26-001-DS-005 | C25: {=IF($A25="","", _xlfn.LET( _xlpm.Grp,INDEX('DATA INDUK'!$L$28:$L$228, MATCH($A25,'DATA INDUK'!$AM$28:$AM$228,0)), _xlpm.SID,INDEX('DATA INDUK'!$C$28:$C$228, MATCH($A25,'DATA INDUK'!$AM$28:$AM$228,0)), IF( _xlpm.Grp="", _xlpm.SID, _xlfn.TEXTJOIN(CHAR(10),TRUE, _xlfn._xlws.FILTER('DATA INDUK'!$C$28:$C$228, 'DATA INDUK'!$L$28:$L$228=_xlpm.Grp)) ) ))} -> BH-06-R2-SPT 01 | D25: =IF($A25="","",INDEX('DATA INDUK'!$D$28:$D$151,MATCH($A25,'DATA INDUK'!$AM$28:$AM$151,0))) -> Disturbed Sample | E25: {=IF($A25="","", _xlfn.LET( _xlpm.Grp,INDEX('DATA INDUK'!$L$28:$L$228, MATCH($A25,'DATA INDUK'!$AM$28:$AM$228,0)), IF( _xlpm.Grp="", INDEX('DATA INDUK'!$I$28:$I$228, MATCH($A25,'DATA INDUK'!$AM$28:$AM$228,0)), _xlfn.TEXTJOIN(CHAR(10),TRUE, _xlfn._xlws.FILTER('DATA INDUK'!$I$28:$I$228, 'DATA INDUK'!$L$28:$L$228=_xlpm.Grp)) ) ))} -> 1.50 - 1.95 m | G25: - | H25: - | I25: - | J25: - | K25: - | L25: - | M25: - | N25: - | O25: - | P25: - | Q25: - | R25: - | S25: - | T25: - | U25: ='[6]WS-TRX-CU Multi'!$E$350 -> 2.0065383 | V25: ='[6]WS-TRX-CU Multi'!$E$351 -> 25.47817 | W25: - | X25: - | Y25: =Y24+1 -> 5
A26: =IFERROR(SMALL('DATA INDUK'!$AM$27:AM206,ROWS($A$21:A26)),"") -> 6 | B26: =IF($A26="","",INDEX('DATA INDUK'!$H$28:$H$151,MATCH($A26,'DATA INDUK'!$AM$28:$AM$151,0))) -> 26-001-DS-006 | C26: {=IF($A26="","", _xlfn.LET( _xlpm.Grp,INDEX('DATA INDUK'!$L$28:$L$228, MATCH($A26,'DATA INDUK'!$AM$28:$AM$228,0)), _xlpm.SID,INDEX('DATA INDUK'!$C$28:$C$228, MATCH($A26,'DATA INDUK'!$AM$28:$AM$228,0)), IF( _xlpm.Grp="", _xlpm.SID, _xlfn.TEXTJOIN(CHAR(10),TRUE, _xlfn._xlws.FILTER('DATA INDUK'!$C$28:$C$228, 'DATA INDUK'!$L$28:$L$228=_xlpm.Grp)) ) ))} -> BH-06-R2-SPT 03 | D26: =IF($A26="","",INDEX('DATA INDUK'!$D$28:$D$151,MATCH($A26,'DATA INDUK'!$AM$28:$AM$151,0))) -> Disturbed Sample | E26: {=IF($A26="","", _xlfn.LET( _xlpm.Grp,INDEX('DATA INDUK'!$L$28:$L$228, MATCH($A26,'DATA INDUK'!$AM$28:$AM$228,0)), IF( _xlpm.Grp="", INDEX('DATA INDUK'!$I$28:$I$228, MATCH($A26,'DATA INDUK'!$AM$28:$AM$228,0)), _xlfn.TEXTJOIN(CHAR(10),TRUE, _xlfn._xlws.FILTER('DATA INDUK'!$I$28:$I$228, 'DATA INDUK'!$L$28:$L$228=_xlpm.Grp)) ) ))} -> 4.50 - 4.95 m | G26: - | H26: - | I26: - | J26: - | K26: - | L26: - | M26: - | N26: - | O26: - | P26: - | Q26: - | R26: - | S26: - | T26: - | U26: ='[7]WS-TRX-CU Multi'!$E$350 -> 13.448085 | V26: ='[7]WS-TRX-CU Multi'!$E$351 -> 29.565485 | W26: - | X26: - | Y26: =Y25+1 -> 6
A27: =IFERROR(SMALL('DATA INDUK'!$AM$27:AM207,ROWS($A$21:A27)),"") -> 7 | B27: =IF($A27="","",INDEX('DATA INDUK'!$H$28:$H$151,MATCH($A27,'DATA INDUK'!$AM$28:$AM$151,0))) -> 26-001-UDS-007 | C27: {=IF($A27="","", _xlfn.LET( _xlpm.Grp,INDEX('DATA INDUK'!$L$28:$L$228, MATCH($A27,'DATA INDUK'!$AM$28:$AM$228,0)), _xlpm.SID,INDEX('DATA INDUK'!$C$28:$C$228, MATCH($A27,'DATA INDUK'!$AM$28:$AM$228,0)), IF( _xlpm.Grp="", _xlpm.SID, _xlfn.TEXTJOIN(CHAR(10),TRUE, _xlfn._xlws.FILTER('DATA INDUK'!$C$28:$C$228, 'DATA INDUK'!$L$28:$L$228=_xlpm.Grp)) ) ))} -> BH-04R1-UDS 01 | D27: =IF($A27="","",INDEX('DATA INDUK'!$D$28:$D$151,MATCH($A27,'DATA INDUK'!$AM$28:$AM$151,0))) -> Undisturbed Sample | E27: {=IF($A27="","", _xlfn.LET( _xlpm.Grp,INDEX('DATA INDUK'!$L$28:$L$228, MATCH($A27,'DATA INDUK'!$AM$28:$AM$228,0)), IF( _xlpm.Grp="", INDEX('DATA INDUK'!$I$28:$I$228, MATCH($A27,'DATA INDUK'!$AM$28:$AM$228,0)), _xlfn.TEXTJOIN(CHAR(10),TRUE, _xlfn._xlws.FILTER('DATA INDUK'!$I$28:$I$228, 'DATA INDUK'!$L$28:$L$228=_xlpm.Grp)) ) ))} -> 10.00 - 10.15 m | G27: - | H27: - | I27: - | J27: - | K27: - | L27: - | M27: - | N27: - | O27: - | P27: - | Q27: - | R27: - | S27: - | T27: - | U27: ='[8]LHU_TRX-CU-Multi'!$I$128 -> 6.8995838 | V27: ='[8]LHU_TRX-CU-Multi'!$I$129 -> 18.534541 | W27: - | X27: - | Y27: =Y26+1 -> 7
A28: =IFERROR(SMALL('DATA INDUK'!$AM$27:AM208,ROWS($A$21:A28)),"") -> 8 | B28: =IF($A28="","",INDEX('DATA INDUK'!$H$28:$H$151,MATCH($A28,'DATA INDUK'!$AM$28:$AM$151,0))) -> 26-001-UDS-008 | C28: {=IF($A28="","", _xlfn.LET( _xlpm.Grp,INDEX('DATA INDUK'!$L$28:$L$228, MATCH($A28,'DATA INDUK'!$AM$28:$AM$228,0)), _xlpm.SID,INDEX('DATA INDUK'!$C$28:$C$228, MATCH($A28,'DATA INDUK'!$AM$28:$AM$228,0)), IF( _xlpm.Grp="", _xlpm.SID, _xlfn.TEXTJOIN(CHAR(10),TRUE, _xlfn._xlws.FILTER('DATA INDUK'!$C$28:$C$228, 'DATA INDUK'!$L$28:$L$228=_xlpm.Grp)) ) ))} -> BH-05-R-UDS 01 | D28: =IF($A28="","",INDEX('DATA INDUK'!$D$28:$D$151,MATCH($A28,'DATA INDUK'!$AM$28:$AM$151,0))) -> Undisturbed Sample | E28: {=IF($A28="","", _xlfn.LET( _xlpm.Grp,INDEX('DATA INDUK'!$L$28:$L$228, MATCH($A28,'DATA INDUK'!$AM$28:$AM$228,0)), IF( _xlpm.Grp="", INDEX('DATA INDUK'!$I$28:$I$228, MATCH($A28,'DATA INDUK'!$AM$28:$AM$228,0)), _xlfn.TEXTJOIN(CHAR(10),TRUE, _xlfn._xlws.FILTER('DATA INDUK'!$I$28:$I$228, 'DATA INDUK'!$L$28:$L$228=_xlpm.Grp)) ) ))} -> 0.50 - 0.75 m | G28: - | H28: - | I28: - | J28: - | K28: - | L28: - | M28: - | N28: - | O28: - | P28: - | Q28: - | R28: - | S28: - | T28: - | U28: - | V28: - | W28: - | X28: - | Y28: =Y27+1 -> 8
A29: =IFERROR(SMALL('DATA INDUK'!$AM$27:AM209,ROWS($A$21:A29)),"") -> 9 | B29: =IF($A29="","",INDEX('DATA INDUK'!$H$28:$H$151,MATCH($A29,'DATA INDUK'!$AM$28:$AM$151,0))) -> 26-001-UDS-009 | C29: {=IF($A29="","", _xlfn.LET( _xlpm.Grp,INDEX('DATA INDUK'!$L$28:$L$228, MATCH($A29,'DATA INDUK'!$AM$28:$AM$228,0)), _xlpm.SID,INDEX('DATA INDUK'!$C$28:$C$228, MATCH($A29,'DATA INDUK'!$AM$28:$AM$228,0)), IF( _xlpm.Grp="", _xlpm.SID, _xlfn.TEXTJOIN(CHAR(10),TRUE, _xlfn._xlws.FILTER('DATA INDUK'!$C$28:$C$228, 'DATA INDUK'!$L$28:$L$228=_xlpm.Grp)) ) ))} -> BH-03-R-UDS 01 | D29: =IF($A29="","",INDEX('DATA INDUK'!$D$28:$D$151,MATCH($A29,'DATA INDUK'!$AM$28:$AM$151,0))) -> Undisturbed Sample | E29: {=IF($A29="","", _xlfn.LET( _xlpm.Grp,INDEX('DATA INDUK'!$L$28:$L$228, MATCH($A29,'DATA INDUK'!$AM$28:$AM$228,0)), IF( _xlpm.Grp="", INDEX('DATA INDUK'!$I$28:$I$228, MATCH($A29,'DATA INDUK'!$AM$28:$AM$228,0)), _xlfn.TEXTJOIN(CHAR(10),TRUE, _xlfn._xlws.FILTER('DATA INDUK'!$I$28:$I$228, 'DATA INDUK'!$L$28:$L$228=_xlpm.Grp)) ) ))} -> 4.00 - 4.34 m | G29: - | H29: - | I29: - | J29: - | K29: - | L29: - | M29: - | N29: - | O29: - | P29: - | Q29: - | R29: - | S29: - | T29: - | U29: - | V29: - | W29: - | X29: - | Y29: =Y28+1 -> 9
A30: =IFERROR(SMALL('DATA INDUK'!$AM$27:AM210,ROWS($A$21:A30)),"") -> 10 | B30: =IF($A30="","",INDEX('DATA INDUK'!$H$28:$H$151,MATCH($A30,'DATA INDUK'!$AM$28:$AM$151,0))) -> 26-001-UDS-010 | C30: {=IF($A30="","", _xlfn.LET( _xlpm.Grp,INDEX('DATA INDUK'!$L$28:$L$228, MATCH($A30,'DATA INDUK'!$AM$28:$AM$228,0)), _xlpm.SID,INDEX('DATA INDUK'!$C$28:$C$228, MATCH($A30,'DATA INDUK'!$AM$28:$AM$228,0)), IF( _xlpm.Grp="", _xlpm.SID, _xlfn.TEXTJOIN(CHAR(10),TRUE, _xlfn._xlws.FILTER('DATA INDUK'!$C$28:$C$228, 'DATA INDUK'!$L$28:$L$228=_xlpm.Grp)) ) ))} -> BH-03-R-UDS 04 | D30: =IF($A30="","",INDEX('DATA INDUK'!$D$28:$D$151,MATCH($A30,'DATA INDUK'!$AM$28:$AM$151,0))) -> Undisturbed Sample | E30: {=IF($A30="","", _xlfn.LET( _xlpm.Grp,INDEX('DATA INDUK'!$L$28:$L$228, MATCH($A30,'DATA INDUK'!$AM$28:$AM$228,0)), IF( _xlpm.Grp="", INDEX('DATA INDUK'!$I$28:$I$228, MATCH($A30,'DATA INDUK'!$AM$28:$AM$228,0)), _xlfn.TEXTJOIN(CHAR(10),TRUE, _xlfn._xlws.FILTER('DATA INDUK'!$I$28:$I$228, 'DATA INDUK'!$L$28:$L$228=_xlpm.Grp)) ) ))} -> 8.50 - 9.00 m | G30: - | H30: - | I30: - | J30: - | K30: - | L30: - | M30: - | N30: - | O30: - | P30: - | Q30: - | R30: - | S30: - | T30: - | U30: - | V30: - | W30: - | X30: - | Y30: =Y29+1 -> 10
A31: =IFERROR(SMALL('DATA INDUK'!$AM$27:AM211,ROWS($A$21:A31)),"") -> 11 | B31: =IF($A31="","",INDEX('DATA INDUK'!$H$28:$H$151,MATCH($A31,'DATA INDUK'!$AM$28:$AM$151,0))) -> 26-001-UDS-011 | C31: {=IF($A31="","", _xlfn.LET( _xlpm.Grp,INDEX('DATA INDUK'!$L$28:$L$228, MATCH($A31,'DATA INDUK'!$AM$28:$AM$228,0)), _xlpm.SID,INDEX('DATA INDUK'!$C$28:$C$228, MATCH($A31,'DATA INDUK'!$AM$28:$AM$228,0)), IF( _xlpm.Grp="", _xlpm.SID, _xlfn.TEXTJOIN(CHAR(10),TRUE, _xlfn._xlws.FILTER('DATA INDUK'!$C$28:$C$228, 'DATA INDUK'!$L$28:$L$228=_xlpm.Grp)) ) ))} -> BH-07-R-UDS 01 | D31: =IF($A31="","",INDEX('DATA INDUK'!$D$28:$D$151,MATCH($A31,'DATA INDUK'!$AM$28:$AM$151,0))) -> Undisturbed Sample | E31: {=IF($A31="","", _xlfn.LET( _xlpm.Grp,INDEX('DATA INDUK'!$L$28:$L$228, MATCH($A31,'DATA INDUK'!$AM$28:$AM$228,0)), IF( _xlpm.Grp="", INDEX('DATA INDUK'!$I$28:$I$228, MATCH($A31,'DATA INDUK'!$AM$28:$AM$228,0)), _xlfn.TEXTJOIN(CHAR(10),TRUE, _xlfn._xlws.FILTER('DATA INDUK'!$I$28:$I$228, 'DATA INDUK'!$L$28:$L$228=_xlpm.Grp)) ) ))} -> 1.00 - 1.50 m | G31: - | H31: - | I31: - | J31: - | K31: - | L31: - | M31: - | N31: - | O31: - | P31: - | Q31: - | R31: - | S31: - | T31: - | U31: - | V31: - | W31: - | X31: - | Y31: =Y30+1 -> 11
A32: =IFERROR(SMALL('DATA INDUK'!$AM$27:AM212,ROWS($A$21:A32)),"") -> 12 | B32: =IF($A32="","",INDEX('DATA INDUK'!$H$28:$H$151,MATCH($A32,'DATA INDUK'!$AM$28:$AM$151,0))) -> 26-001-UDS-012 | C32: {=IF($A32="","", _xlfn.LET( _xlpm.Grp,INDEX('DATA INDUK'!$L$28:$L$228, MATCH($A32,'DATA INDUK'!$AM$28:$AM$228,0)), _xlpm.SID,INDEX('DATA INDUK'!$C$28:$C$228, MATCH($A32,'DATA INDUK'!$AM$28:$AM$228,0)), IF( _xlpm.Grp="", _xlpm.SID, _xlfn.TEXTJOIN(CHAR(10),TRUE, _xlfn._xlws.FILTER('DATA INDUK'!$C$28:$C$228, 'DATA INDUK'!$L$28:$L$228=_xlpm.Grp)) ) ))} -> BH-06-R2-UDS 01 | D32: =IF($A32="","",INDEX('DATA INDUK'!$D$28:$D$151,MATCH($A32,'DATA INDUK'!$AM$28:$AM$151,0))) -> Undisturbed Sample | E32: {=IF($A32="","", _xlfn.LET( _xlpm.Grp,INDEX('DATA INDUK'!$L$28:$L$228, MATCH($A32,'DATA INDUK'!$AM$28:$AM$228,0)), IF( _xlpm.Grp="", INDEX('DATA INDUK'!$I$28:$I$228, MATCH($A32,'DATA INDUK'!$AM$28:$AM$228,0)), _xlfn.TEXTJOIN(CHAR(10),TRUE, _xlfn._xlws.FILTER('DATA INDUK'!$I$28:$I$228, 'DATA INDUK'!$L$28:$L$228=_xlpm.Grp)) ) ))} -> 2.50 - 3.00 m | G32: - | H32: - | I32: - | J32: - | K32: - | L32: - | M32: - | N32: - | O32: - | P32: - | Q32: - | R32: - | S32: - | T32: - | U32: - | V32: - | W32: - | X32: - | Y32: =Y31+1 -> 12
A33: =IFERROR(SMALL('DATA INDUK'!$AM$27:AM213,ROWS($A$21:A33)),"") -> 13 | B33: =IF($A33="","",INDEX('DATA INDUK'!$H$28:$H$151,MATCH($A33,'DATA INDUK'!$AM$28:$AM$151,0))) -> 26-001-UDS-013 | C33: {=IF($A33="","", _xlfn.LET( _xlpm.Grp,INDEX('DATA INDUK'!$L$28:$L$228, MATCH($A33,'DATA INDUK'!$AM$28:$AM$228,0)), _xlpm.SID,INDEX('DATA INDUK'!$C$28:$C$228, MATCH($A33,'DATA INDUK'!$AM$28:$AM$228,0)), IF( _xlpm.Grp="", _xlpm.SID, _xlfn.TEXTJOIN(CHAR(10),TRUE, _xlfn._xlws.FILTER('DATA INDUK'!$C$28:$C$228, 'DATA INDUK'!$L$28:$L$228=_xlpm.Grp)) ) ))} -> BH-06-R2-UDS 02 | D33: =IF($A33="","",INDEX('DATA INDUK'!$D$28:$D$151,MATCH($A33,'DATA INDUK'!$AM$28:$AM$151,0))) -> Undisturbed Sample | E33: {=IF($A33="","", _xlfn.LET( _xlpm.Grp,INDEX('DATA INDUK'!$L$28:$L$228, MATCH($A33,'DATA INDUK'!$AM$28:$AM$228,0)), IF( _xlpm.Grp="", INDEX('DATA INDUK'!$I$28:$I$228, MATCH($A33,'DATA INDUK'!$AM$28:$AM$228,0)), _xlfn.TEXTJOIN(CHAR(10),TRUE, _xlfn._xlws.FILTER('DATA INDUK'!$I$28:$I$228, 'DATA INDUK'!$L$28:$L$228=_xlpm.Grp)) ) ))} -> 4.00 - 4.50 m | G33: - | H33: - | I33: - | J33: - | K33: - | L33: - | M33: - | N33: - | O33: - | P33: - | Q33: - | R33: - | S33: - | T33: - | U33: - | V33: - | W33: - | X33: - | Y33: =Y32+1 -> 13
A34: =IFERROR(SMALL('DATA INDUK'!$AM$27:AM214,ROWS($A$21:A34)),"") -> 14 | B34: =IF($A34="","",INDEX('DATA INDUK'!$H$28:$H$151,MATCH($A34,'DATA INDUK'!$AM$28:$AM$151,0))) -> 26-001-DS-014 | C34: {=IF($A34="","", _xlfn.LET( _xlpm.Grp,INDEX('DATA INDUK'!$L$28:$L$228, MATCH($A34,'DATA INDUK'!$AM$28:$AM$228,0)), _xlpm.SID,INDEX('DATA INDUK'!$C$28:$C$228, MATCH($A34,'DATA INDUK'!$AM$28:$AM$228,0)), IF( _xlpm.Grp="", _xlpm.SID, _xlfn.TEXTJOIN(CHAR(10),TRUE, _xlfn._xlws.FILTER('DATA INDUK'!$C$28:$C$228, 'DATA INDUK'!$L$28:$L$228=_xlpm.Grp)) ) ))} -> BH-04R1-DS 01 | D34: =IF($A34="","",INDEX('DATA INDUK'!$D$28:$D$151,MATCH($A34,'DATA INDUK'!$AM$28:$AM$151,0))) -> Disturbed Sample | E34: {=IF($A34="","", _xlfn.LET( _xlpm.Grp,INDEX('DATA INDUK'!$L$28:$L$228, MATCH($A34,'DATA INDUK'!$AM$28:$AM$228,0)), IF( _xlpm.Grp="", INDEX('DATA INDUK'!$I$28:$I$228, MATCH($A34,'DATA INDUK'!$AM$28:$AM$228,0)), _xlfn.TEXTJOIN(CHAR(10),TRUE, _xlfn._xlws.FILTER('DATA INDUK'!$I$28:$I$228, 'DATA INDUK'!$L$28:$L$228=_xlpm.Grp)) ) ))} -> 19.95 - 20.30 m | G34: - | H34: - | I34: - | J34: - | K34: - | L34: - | M34: - | N34: - | O34: - | P34: - | Q34: - | R34: - | S34: - | T34: - | U34: - | V34: - | W34: - | X34: - | Y34: =Y33+1 -> 14
A35: =IFERROR(SMALL('DATA INDUK'!$AM$27:AM215,ROWS($A$21:A35)),"") -> 15 | B35: =IF($A35="","",INDEX('DATA INDUK'!$H$28:$H$151,MATCH($A35,'DATA INDUK'!$AM$28:$AM$151,0))) -> 26-001-DS-015 | C35: {=IF($A35="","", _xlfn.LET( _xlpm.Grp,INDEX('DATA INDUK'!$L$28:$L$228, MATCH($A35,'DATA INDUK'!$AM$28:$AM$228,0)), _xlpm.SID,INDEX('DATA INDUK'!$C$28:$C$228, MATCH($A35,'DATA INDUK'!$AM$28:$AM$228,0)), IF( _xlpm.Grp="", _xlpm.SID, _xlfn.TEXTJOIN(CHAR(10),TRUE, _xlfn._xlws.FILTER('DATA INDUK'!$C$28:$C$228, 'DATA INDUK'!$L$28:$L$228=_xlpm.Grp)) ) ))} -> BH-04R1-DS 04 | D35: =IF($A35="","",INDEX('DATA INDUK'!$D$28:$D$151,MATCH($A35,'DATA INDUK'!$AM$28:$AM$151,0))) -> Disturbed Sample | E35: {=IF($A35="","", _xlfn.LET( _xlpm.Grp,INDEX('DATA INDUK'!$L$28:$L$228, MATCH($A35,'DATA INDUK'!$AM$28:$AM$228,0)), IF( _xlpm.Grp="", INDEX('DATA INDUK'!$I$28:$I$228, MATCH($A35,'DATA INDUK'!$AM$28:$AM$228,0)), _xlfn.TEXTJOIN(CHAR(10),TRUE, _xlfn._xlws.FILTER('DATA INDUK'!$I$28:$I$228, 'DATA INDUK'!$L$28:$L$228=_xlpm.Grp)) ) ))} -> 25.23 - 25.43 m | G35: - | H35: - | I35: - | J35: - | K35: - | L35: - | M35: - | N35: - | O35: - | P35: - | Q35: - | R35: - | S35: - | T35: - | U35: - | V35: - | W35: - | X35: - | Y35: =Y34+1 -> 15 | Z35: ='DATA INDUK'!$H$9 -> PO-GQT-001
A36: =IFERROR(SMALL('DATA INDUK'!$AM$27:AM216,ROWS($A$21:A36)),"") -> 16 | B36: =IF($A36="","",INDEX('DATA INDUK'!$H$28:$H$151,MATCH($A36,'DATA INDUK'!$AM$28:$AM$151,0))) -> 26-001-DS-016 | C36: {=IF($A36="","", _xlfn.LET( _xlpm.Grp,INDEX('DATA INDUK'!$L$28:$L$228, MATCH($A36,'DATA INDUK'!$AM$28:$AM$228,0)), _xlpm.SID,INDEX('DATA INDUK'!$C$28:$C$228, MATCH($A36,'DATA INDUK'!$AM$28:$AM$228,0)), IF( _xlpm.Grp="", _xlpm.SID, _xlfn.TEXTJOIN(CHAR(10),TRUE, _xlfn._xlws.FILTER('DATA INDUK'!$C$28:$C$228, 'DATA INDUK'!$L$28:$L$228=_xlpm.Grp)) ) ))} -> BH-05-R-DS 01 | D36: =IF($A36="","",INDEX('DATA INDUK'!$D$28:$D$151,MATCH($A36,'DATA INDUK'!$AM$28:$AM$151,0))) -> Disturbed Sample | E36: {=IF($A36="","", _xlfn.LET( _xlpm.Grp,INDEX('DATA INDUK'!$L$28:$L$228, MATCH($A36,'DATA INDUK'!$AM$28:$AM$228,0)), IF( _xlpm.Grp="", INDEX('DATA INDUK'!$I$28:$I$228, MATCH($A36,'DATA INDUK'!$AM$28:$AM$228,0)), _xlfn.TEXTJOIN(CHAR(10),TRUE, _xlfn._xlws.FILTER('DATA INDUK'!$I$28:$I$228, 'DATA INDUK'!$L$28:$L$228=_xlpm.Grp)) ) ))} -> 3.92 - 4.15 m | G36: - | H36: - | I36: - | J36: - | K36: - | L36: - | M36: - | N36: - | O36: - | P36: - | Q36: - | R36: - | S36: - | T36: - | U36: - | V36: - | W36: - | X36: - | Y36: =Y35+1 -> 16 | Z36: ='DATA INDUK'!$P$17 -> QMS/SUM-001/VI/2026
A37: =IFERROR(SMALL('DATA INDUK'!$AM$27:AM217,ROWS($A$21:A37)),"") -> 17 | B37: =IF($A37="","",INDEX('DATA INDUK'!$H$28:$H$151,MATCH($A37,'DATA INDUK'!$AM$28:$AM$151,0))) -> 26-001-DS-017 | C37: {=IF($A37="","", _xlfn.LET( _xlpm.Grp,INDEX('DATA INDUK'!$L$28:$L$228, MATCH($A37,'DATA INDUK'!$AM$28:$AM$228,0)), _xlpm.SID,INDEX('DATA INDUK'!$C$28:$C$228, MATCH($A37,'DATA INDUK'!$AM$28:$AM$228,0)), IF( _xlpm.Grp="", _xlpm.SID, _xlfn.TEXTJOIN(CHAR(10),TRUE, _xlfn._xlws.FILTER('DATA INDUK'!$C$28:$C$228, 'DATA INDUK'!$L$28:$L$228=_xlpm.Grp)) ) ))} -> BH-03-R-DS 01 | D37: =IF($A37="","",INDEX('DATA INDUK'!$D$28:$D$151,MATCH($A37,'DATA INDUK'!$AM$28:$AM$151,0))) -> Disturbed Sample | E37: {=IF($A37="","", _xlfn.LET( _xlpm.Grp,INDEX('DATA INDUK'!$L$28:$L$228, MATCH($A37,'DATA INDUK'!$AM$28:$AM$228,0)), IF( _xlpm.Grp="", INDEX('DATA INDUK'!$I$28:$I$228, MATCH($A37,'DATA INDUK'!$AM$28:$AM$228,0)), _xlfn.TEXTJOIN(CHAR(10),TRUE, _xlfn._xlws.FILTER('DATA INDUK'!$I$28:$I$228, 'DATA INDUK'!$L$28:$L$228=_xlpm.Grp)) ) ))} -> 2.50 - 3.00 m | G37: - | H37: - | I37: - | J37: - | K37: - | L37: - | M37: - | N37: - | O37: - | P37: - | Q37: - | R37: - | S37: - | T37: - | U37: - | V37: - | W37: - | X37: - | Y37: =Y36+1 -> 17 | Z37: STR TEST SUMMARY
A38: =IFERROR(SMALL('DATA INDUK'!$AM$27:AM218,ROWS($A$21:A38)),"") -> 18 | B38: =IF($A38="","",INDEX('DATA INDUK'!$H$28:$H$151,MATCH($A38,'DATA INDUK'!$AM$28:$AM$151,0))) -> 26-001-DS-019 | C38: {=IF($A38="","", _xlfn.LET( _xlpm.Grp,INDEX('DATA INDUK'!$L$28:$L$228, MATCH($A38,'DATA INDUK'!$AM$28:$AM$228,0)), _xlpm.SID,INDEX('DATA INDUK'!$C$28:$C$228, MATCH($A38,'DATA INDUK'!$AM$28:$AM$228,0)), IF( _xlpm.Grp="", _xlpm.SID, _xlfn.TEXTJOIN(CHAR(10),TRUE, _xlfn._xlws.FILTER('DATA INDUK'!$C$28:$C$228, 'DATA INDUK'!$L$28:$L$228=_xlpm.Grp)) ) ))} -> BH-07-R-DS 01 | D38: =IF($A38="","",INDEX('DATA INDUK'!$D$28:$D$151,MATCH($A38,'DATA INDUK'!$AM$28:$AM$151,0))) -> Disturbed Sample | E38: {=IF($A38="","", _xlfn.LET( _xlpm.Grp,INDEX('DATA INDUK'!$L$28:$L$228, MATCH($A38,'DATA INDUK'!$AM$28:$AM$228,0)), IF( _xlpm.Grp="", INDEX('DATA INDUK'!$I$28:$I$228, MATCH($A38,'DATA INDUK'!$AM$28:$AM$228,0)), _xlfn.TEXTJOIN(CHAR(10),TRUE, _xlfn._xlws.FILTER('DATA INDUK'!$I$28:$I$228, 'DATA INDUK'!$L$28:$L$228=_xlpm.Grp)) ) ))} -> 10.95 - 11.17 m | G38: - | H38: - | I38: - | J38: - | K38: - | L38: - | M38: - | N38: - | O38: - | P38: - | Q38: - | R38: - | S38: - | T38: - | U38: - | V38: - | W38: - | X38: - | Y38: =Y37+1 -> 18
A39: =IFERROR(SMALL('DATA INDUK'!$AM$27:AM219,ROWS($A$21:A39)),"") -> 19 | B39: =IF($A39="","",INDEX('DATA INDUK'!$H$28:$H$151,MATCH($A39,'DATA INDUK'!$AM$28:$AM$151,0))) -> 26-001-DS-020 | C39: {=IF($A39="","", _xlfn.LET( _xlpm.Grp,INDEX('DATA INDUK'!$L$28:$L$228, MATCH($A39,'DATA INDUK'!$AM$28:$AM$228,0)), _xlpm.SID,INDEX('DATA INDUK'!$C$28:$C$228, MATCH($A39,'DATA INDUK'!$AM$28:$AM$228,0)), IF( _xlpm.Grp="", _xlpm.SID, _xlfn.TEXTJOIN(CHAR(10),TRUE, _xlfn._xlws.FILTER('DATA INDUK'!$C$28:$C$228, 'DATA INDUK'!$L$28:$L$228=_xlpm.Grp)) ) ))} -> BH-06-R2-DS 01 | D39: =IF($A39="","",INDEX('DATA INDUK'!$D$28:$D$151,MATCH($A39,'DATA INDUK'!$AM$28:$AM$151,0))) -> Disturbed Sample | E39: {=IF($A39="","", _xlfn.LET( _xlpm.Grp,INDEX('DATA INDUK'!$L$28:$L$228, MATCH($A39,'DATA INDUK'!$AM$28:$AM$228,0)), IF( _xlpm.Grp="", INDEX('DATA INDUK'!$I$28:$I$228, MATCH($A39,'DATA INDUK'!$AM$28:$AM$228,0)), _xlfn.TEXTJOIN(CHAR(10),TRUE, _xlfn._xlws.FILTER('DATA INDUK'!$I$28:$I$228, 'DATA INDUK'!$L$28:$L$228=_xlpm.Grp)) ) ))} -> 3.55 - 3.75 m | G39: - | H39: - | I39: - | J39: - | K39: - | L39: - | M39: - | N39: - | O39: - | P39: - | Q39: - | R39: - | S39: - | T39: - | U39: - | V39: - | W39: - | X39: - | Y39: =Y38+1 -> 19
A40: =IFERROR(SMALL('DATA INDUK'!$AM$27:AM220,ROWS($A$21:A40)),"") -> 20 | B40: =IF($A40="","",INDEX('DATA INDUK'!$H$28:$H$151,MATCH($A40,'DATA INDUK'!$AM$28:$AM$151,0))) -> 26-001-BS-021 | C40: {=IF($A40="","", _xlfn.LET( _xlpm.Grp,INDEX('DATA INDUK'!$L$28:$L$228, MATCH($A40,'DATA INDUK'!$AM$28:$AM$228,0)), _xlpm.SID,INDEX('DATA INDUK'!$C$28:$C$228, MATCH($A40,'DATA INDUK'!$AM$28:$AM$228,0)), IF( _xlpm.Grp="", _xlpm.SID, _xlfn.TEXTJOIN(CHAR(10),TRUE, _xlfn._xlws.FILTER('DATA INDUK'!$C$28:$C$228, 'DATA INDUK'!$L$28:$L$228=_xlpm.Grp)) ) ))} -> SPOT 01-01 | D40: =IF($A40="","",INDEX('DATA INDUK'!$D$28:$D$151,MATCH($A40,'DATA INDUK'!$AM$28:$AM$151,0))) -> Bulk Sample | E40: {=IF($A40="","", _xlfn.LET( _xlpm.Grp,INDEX('DATA INDUK'!$L$28:$L$228, MATCH($A40,'DATA INDUK'!$AM$28:$AM$228,0)), IF( _xlpm.Grp="", INDEX('DATA INDUK'!$I$28:$I$228, MATCH($A40,'DATA INDUK'!$AM$28:$AM$228,0)), _xlfn.TEXTJOIN(CHAR(10),TRUE, _xlfn._xlws.FILTER('DATA INDUK'!$I$28:$I$228, 'DATA INDUK'!$L$28:$L$228=_xlpm.Grp)) ) ))} -> - | G40: - | H40: - | I40: - | J40: - | K40: - | L40: - | M40: - | N40: - | O40: - | P40: - | Q40: - | R40: - | S40: - | T40: - | U40: - | V40: - | W40: - | X40: - | Y40: =Y39+1 -> 20
A41: =IFERROR(SMALL('DATA INDUK'!$AM$27:AM221,ROWS($A$21:A41)),"") -> 21 | B41: =IF($A41="","",INDEX('DATA INDUK'!$H$28:$H$151,MATCH($A41,'DATA INDUK'!$AM$28:$AM$151,0))) -> 26-001-BS-022 | C41: {=IF($A41="","", _xlfn.LET( _xlpm.Grp,INDEX('DATA INDUK'!$L$28:$L$228, MATCH($A41,'DATA INDUK'!$AM$28:$AM$228,0)), _xlpm.SID,INDEX('DATA INDUK'!$C$28:$C$228, MATCH($A41,'DATA INDUK'!$AM$28:$AM$228,0)), IF( _xlpm.Grp="", _xlpm.SID, _xlfn.TEXTJOIN(CHAR(10),TRUE, _xlfn._xlws.FILTER('DATA INDUK'!$C$28:$C$228, 'DATA INDUK'!$L$28:$L$228=_xlpm.Grp)) ) ))} -> SPOT 02-01 | D41: =IF($A41="","",INDEX('DATA INDUK'!$D$28:$D$151,MATCH($A41,'DATA INDUK'!$AM$28:$AM$151,0))) -> Bulk Sample | E41: {=IF($A41="","", _xlfn.LET( _xlpm.Grp,INDEX('DATA INDUK'!$L$28:$L$228, MATCH($A41,'DATA INDUK'!$AM$28:$AM$228,0)), IF( _xlpm.Grp="", INDEX('DATA INDUK'!$I$28:$I$228, MATCH($A41,'DATA INDUK'!$AM$28:$AM$228,0)), _xlfn.TEXTJOIN(CHAR(10),TRUE, _xlfn._xlws.FILTER('DATA INDUK'!$I$28:$I$228, 'DATA INDUK'!$L$28:$L$228=_xlpm.Grp)) ) ))} -> - | G41: - | H41: - | I41: - | J41: - | K41: - | L41: - | M41: - | N41: - | O41: - | P41: - | Q41: - | R41: - | S41: - | T41: - | U41: - | V41: - | W41: - | X41: - | Y41: =Y40+1 -> 21
A42: =IFERROR(SMALL('DATA INDUK'!$AM$27:AM222,ROWS($A$21:A42)),"") -> 22 | B42: =IF($A42="","",INDEX('DATA INDUK'!$H$28:$H$151,MATCH($A42,'DATA INDUK'!$AM$28:$AM$151,0))) -> 26-001-BS-023 | C42: {=IF($A42="","", _xlfn.LET( _xlpm.Grp,INDEX('DATA INDUK'!$L$28:$L$228, MATCH($A42,'DATA INDUK'!$AM$28:$AM$228,0)), _xlpm.SID,INDEX('DATA INDUK'!$C$28:$C$228, MATCH($A42,'DATA INDUK'!$AM$28:$AM$228,0)), IF( _xlpm.Grp="", _xlpm.SID, _xlfn.TEXTJOIN(CHAR(10),TRUE, _xlfn._xlws.FILTER('DATA INDUK'!$C$28:$C$228, 'DATA INDUK'!$L$28:$L$228=_xlpm.Grp)) ) ))} -> SPOT 03-01 | D42: =IF($A42="","",INDEX('DATA INDUK'!$D$28:$D$151,MATCH($A42,'DATA INDUK'!$AM$28:$AM$151,0))) -> Bulk Sample | E42: {=IF($A42="","", _xlfn.LET( _xlpm.Grp,INDEX('DATA INDUK'!$L$28:$L$228, MATCH($A42,'DATA INDUK'!$AM$28:$AM$228,0)), IF( _xlpm.Grp="", INDEX('DATA INDUK'!$I$28:$I$228, MATCH($A42,'DATA INDUK'!$AM$28:$AM$228,0)), _xlfn.TEXTJOIN(CHAR(10),TRUE, _xlfn._xlws.FILTER('DATA INDUK'!$I$28:$I$228, 'DATA INDUK'!$L$28:$L$228=_xlpm.Grp)) ) ))} -> - | G42: - | H42: - | I42: - | J42: - | K42: - | L42: - | M42: - | N42: - | O42: - | P42: - | Q42: - | R42: - | S42: - | T42: - | U42: - | V42: - | W42: - | X42: - | Y42: =Y41+1 -> 22
A43: =IFERROR(SMALL('DATA INDUK'!$AM$27:AM223,ROWS($A$21:A43)),"") -> 23 | B43: =IF($A43="","",INDEX('DATA INDUK'!$H$28:$H$151,MATCH($A43,'DATA INDUK'!$AM$28:$AM$151,0))) -> 26-001-BS-024 | C43: {=IF($A43="","", _xlfn.LET( _xlpm.Grp,INDEX('DATA INDUK'!$L$28:$L$228, MATCH($A43,'DATA INDUK'!$AM$28:$AM$228,0)), _xlpm.SID,INDEX('DATA INDUK'!$C$28:$C$228, MATCH($A43,'DATA INDUK'!$AM$28:$AM$228,0)), IF( _xlpm.Grp="", _xlpm.SID, _xlfn.TEXTJOIN(CHAR(10),TRUE, _xlfn._xlws.FILTER('DATA INDUK'!$C$28:$C$228, 'DATA INDUK'!$L$28:$L$228=_xlpm.Grp)) ) ))} -> SPOT 04-01 | D43: =IF($A43="","",INDEX('DATA INDUK'!$D$28:$D$151,MATCH($A43,'DATA INDUK'!$AM$28:$AM$151,0))) -> Bulk Sample | E43: {=IF($A43="","", _xlfn.LET( _xlpm.Grp,INDEX('DATA INDUK'!$L$28:$L$228, MATCH($A43,'DATA INDUK'!$AM$28:$AM$228,0)), IF( _xlpm.Grp="", INDEX('DATA INDUK'!$I$28:$I$228, MATCH($A43,'DATA INDUK'!$AM$28:$AM$228,0)), _xlfn.TEXTJOIN(CHAR(10),TRUE, _xlfn._xlws.FILTER('DATA INDUK'!$I$28:$I$228, 'DATA INDUK'!$L$28:$L$228=_xlpm.Grp)) ) ))} -> - | G43: - | H43: - | I43: - | J43: - | K43: - | L43: - | M43: - | N43: - | O43: - | P43: - | Q43: - | R43: - | S43: - | T43: - | U43: - | V43: - | W43: - | X43: - | Y43: =Y42+1 -> 23
A44: =IFERROR(SMALL('DATA INDUK'!$AM$27:AM224,ROWS($A$21:A44)),"") -> 24 | B44: =IF($A44="","",INDEX('DATA INDUK'!$H$28:$H$151,MATCH($A44,'DATA INDUK'!$AM$28:$AM$151,0))) -> 26-001-BS-025 | C44: {=IF($A44="","", _xlfn.LET( _xlpm.Grp,INDEX('DATA INDUK'!$L$28:$L$228, MATCH($A44,'DATA INDUK'!$AM$28:$AM$228,0)), _xlpm.SID,INDEX('DATA INDUK'!$C$28:$C$228, MATCH($A44,'DATA INDUK'!$AM$28:$AM$228,0)), IF( _xlpm.Grp="", _xlpm.SID, _xlfn.TEXTJOIN(CHAR(10),TRUE, _xlfn._xlws.FILTER('DATA INDUK'!$C$28:$C$228, 'DATA INDUK'!$L$28:$L$228=_xlpm.Grp)) ) ))} -> SPOT 05-01 | D44: =IF($A44="","",INDEX('DATA INDUK'!$D$28:$D$151,MATCH($A44,'DATA INDUK'!$AM$28:$AM$151,0))) -> Bulk Sample | E44: {=IF($A44="","", _xlfn.LET( _xlpm.Grp,INDEX('DATA INDUK'!$L$28:$L$228, MATCH($A44,'DATA INDUK'!$AM$28:$AM$228,0)), IF( _xlpm.Grp="", INDEX('DATA INDUK'!$I$28:$I$228, MATCH($A44,'DATA INDUK'!$AM$28:$AM$228,0)), _xlfn.TEXTJOIN(CHAR(10),TRUE, _xlfn._xlws.FILTER('DATA INDUK'!$I$28:$I$228, 'DATA INDUK'!$L$28:$L$228=_xlpm.Grp)) ) ))} -> - | G44: - | H44: - | I44: - | J44: - | K44: - | L44: - | M44: - | N44: - | O44: - | P44: - | Q44: - | R44: - | S44: - | T44: - | U44: - | V44: - | W44: - | X44: - | Y44: =Y43+1 -> 24
A45: =IFERROR(SMALL('DATA INDUK'!$AM$27:AM225,ROWS($A$21:A45)),"") | B45: =IF($A45="","",INDEX('DATA INDUK'!$H$28:$H$151,MATCH($A45,'DATA INDUK'!$AM$28:$AM$151,0))) | C45: {=IF($A45="","", _xlfn.LET( _xlpm.Grp,INDEX('DATA INDUK'!$L$28:$L$228, MATCH($A45,'DATA INDUK'!$AM$28:$AM$228,0)), _xlpm.SID,INDEX('DATA INDUK'!$C$28:$C$228, MATCH($A45,'DATA INDUK'!$AM$28:$AM$228,0)), IF( _xlpm.Grp="", _xlpm.SID, _xlfn.TEXTJOIN(CHAR(10),TRUE, _xlfn._xlws.FILTER('DATA INDUK'!$C$28:$C$228, 'DATA INDUK'!$L$28:$L$228=_xlpm.Grp)) ) ))} | D45: =IF($A45="","",INDEX('DATA INDUK'!$D$28:$D$151,MATCH($A45,'DATA INDUK'!$AM$28:$AM$151,0))) | E45: {=IF($A45="","", _xlfn.LET( _xlpm.Grp,INDEX('DATA INDUK'!$L$28:$L$228, MATCH($A45,'DATA INDUK'!$AM$28:$AM$228,0)), IF( _xlpm.Grp="", INDEX('DATA INDUK'!$I$28:$I$228, MATCH($A45,'DATA INDUK'!$AM$28:$AM$228,0)), _xlfn.TEXTJOIN(CHAR(10),TRUE, _xlfn._xlws.FILTER('DATA INDUK'!$I$28:$I$228, 'DATA INDUK'!$L$28:$L$228=_xlpm.Grp)) ) ))} | G45: - | H45: - | I45: - | J45: - | K45: - | L45: - | M45: - | N45: - | O45: - | P45: - | Q45: - | R45: - | S45: - | T45: - | U45: - | V45: - | W45: - | X45: - | Y45: =Y44+1 -> 25
A46: =IFERROR(SMALL('DATA INDUK'!$AM$27:AM226,ROWS($A$21:A46)),"") | B46: =IF($A46="","",INDEX('DATA INDUK'!$H$28:$H$151,MATCH($A46,'DATA INDUK'!$AM$28:$AM$151,0))) | C46: {=IF($A46="","", _xlfn.LET( _xlpm.Grp,INDEX('DATA INDUK'!$L$28:$L$228, MATCH($A46,'DATA INDUK'!$AM$28:$AM$228,0)), _xlpm.SID,INDEX('DATA INDUK'!$C$28:$C$228, MATCH($A46,'DATA INDUK'!$AM$28:$AM$228,0)), IF( _xlpm.Grp="", _xlpm.SID, _xlfn.TEXTJOIN(CHAR(10),TRUE, _xlfn._xlws.FILTER('DATA INDUK'!$C$28:$C$228, 'DATA INDUK'!$L$28:$L$228=_xlpm.Grp)) ) ))} | D46: =IF($A46="","",INDEX('DATA INDUK'!$D$28:$D$151,MATCH($A46,'DATA INDUK'!$AM$28:$AM$151,0))) | E46: {=IF($A46="","", _xlfn.LET( _xlpm.Grp,INDEX('DATA INDUK'!$L$28:$L$228, MATCH($A46,'DATA INDUK'!$AM$28:$AM$228,0)), IF( _xlpm.Grp="", INDEX('DATA INDUK'!$I$28:$I$228, MATCH($A46,'DATA INDUK'!$AM$28:$AM$228,0)), _xlfn.TEXTJOIN(CHAR(10),TRUE, _xlfn._xlws.FILTER('DATA INDUK'!$I$28:$I$228, 'DATA INDUK'!$L$28:$L$228=_xlpm.Grp)) ) ))} | G46: - | H46: - | I46: - | J46: - | K46: - | L46: - | M46: - | N46: - | O46: - | P46: - | Q46: - | R46: - | S46: - | T46: - | U46: - | V46: - | W46: - | X46: - | Y46: =Y45+1 -> 26
A47: =IFERROR(SMALL('DATA INDUK'!$AM$27:AM227,ROWS($A$21:A47)),"") | B47: =IF($A47="","",INDEX('DATA INDUK'!$H$28:$H$151,MATCH($A47,'DATA INDUK'!$AM$28:$AM$151,0))) | C47: {=IF($A47="","", _xlfn.LET( _xlpm.Grp,INDEX('DATA INDUK'!$L$28:$L$228, MATCH($A47,'DATA INDUK'!$AM$28:$AM$228,0)), _xlpm.SID,INDEX('DATA INDUK'!$C$28:$C$228, MATCH($A47,'DATA INDUK'!$AM$28:$AM$228,0)), IF( _xlpm.Grp="", _xlpm.SID, _xlfn.TEXTJOIN(CHAR(10),TRUE, _xlfn._xlws.FILTER('DATA INDUK'!$C$28:$C$228, 'DATA INDUK'!$L$28:$L$228=_xlpm.Grp)) ) ))} | D47: =IF($A47="","",INDEX('DATA INDUK'!$D$28:$D$151,MATCH($A47,'DATA INDUK'!$AM$28:$AM$151,0))) | E47: {=IF($A47="","", _xlfn.LET( _xlpm.Grp,INDEX('DATA INDUK'!$L$28:$L$228, MATCH($A47,'DATA INDUK'!$AM$28:$AM$228,0)), IF( _xlpm.Grp="", INDEX('DATA INDUK'!$I$28:$I$228, MATCH($A47,'DATA INDUK'!$AM$28:$AM$228,0)), _xlfn.TEXTJOIN(CHAR(10),TRUE, _xlfn._xlws.FILTER('DATA INDUK'!$I$28:$I$228, 'DATA INDUK'!$L$28:$L$228=_xlpm.Grp)) ) ))} | G47: - | H47: - | I47: - | J47: - | K47: - | L47: - | M47: - | N47: - | O47: - | P47: - | Q47: - | R47: - | S47: - | T47: - | U47: - | V47: - | W47: - | X47: - | Y47: =Y46+1 -> 27
A48: =IFERROR(SMALL('DATA INDUK'!$AM$27:AM228,ROWS($A$21:A48)),"") | B48: =IF($A48="","",INDEX('DATA INDUK'!$H$28:$H$151,MATCH($A48,'DATA INDUK'!$AM$28:$AM$151,0))) | C48: {=IF($A48="","", _xlfn.LET( _xlpm.Grp,INDEX('DATA INDUK'!$L$28:$L$228, MATCH($A48,'DATA INDUK'!$AM$28:$AM$228,0)), _xlpm.SID,INDEX('DATA INDUK'!$C$28:$C$228, MATCH($A48,'DATA INDUK'!$AM$28:$AM$228,0)), IF( _xlpm.Grp="", _xlpm.SID, _xlfn.TEXTJOIN(CHAR(10),TRUE, _xlfn._xlws.FILTER('DATA INDUK'!$C$28:$C$228, 'DATA INDUK'!$L$28:$L$228=_xlpm.Grp)) ) ))} | D48: =IF($A48="","",INDEX('DATA INDUK'!$D$28:$D$151,MATCH($A48,'DATA INDUK'!$AM$28:$AM$151,0))) | E48: {=IF($A48="","", _xlfn.LET( _xlpm.Grp,INDEX('DATA INDUK'!$L$28:$L$228, MATCH($A48,'DATA INDUK'!$AM$28:$AM$228,0)), IF( _xlpm.Grp="", INDEX('DATA INDUK'!$I$28:$I$228, MATCH($A48,'DATA INDUK'!$AM$28:$AM$228,0)), _xlfn.TEXTJOIN(CHAR(10),TRUE, _xlfn._xlws.FILTER('DATA INDUK'!$I$28:$I$228, 'DATA INDUK'!$L$28:$L$228=_xlpm.Grp)) ) ))} | G48: - | H48: - | I48: - | J48: - | K48: - | L48: - | M48: - | N48: - | O48: - | P48: - | Q48: - | R48: - | S48: - | T48: - | U48: - | V48: - | W48: - | X48: - | Y48: =Y47+1 -> 28
A49: =IFERROR(SMALL('DATA INDUK'!$AM$27:AM229,ROWS($A$21:A49)),"") | B49: =IF($A49="","",INDEX('DATA INDUK'!$H$28:$H$151,MATCH($A49,'DATA INDUK'!$AM$28:$AM$151,0))) | C49: {=IF($A49="","", _xlfn.LET( _xlpm.Grp,INDEX('DATA INDUK'!$L$28:$L$228, MATCH($A49,'DATA INDUK'!$AM$28:$AM$228,0)), _xlpm.SID,INDEX('DATA INDUK'!$C$28:$C$228, MATCH($A49,'DATA INDUK'!$AM$28:$AM$228,0)), IF( _xlpm.Grp="", _xlpm.SID, _xlfn.TEXTJOIN(CHAR(10),TRUE, _xlfn._xlws.FILTER('DATA INDUK'!$C$28:$C$228, 'DATA INDUK'!$L$28:$L$228=_xlpm.Grp)) ) ))} | D49: =IF($A49="","",INDEX('DATA INDUK'!$D$28:$D$151,MATCH($A49,'DATA INDUK'!$AM$28:$AM$151,0))) | E49: {=IF($A49="","", _xlfn.LET( _xlpm.Grp,INDEX('DATA INDUK'!$L$28:$L$228, MATCH($A49,'DATA INDUK'!$AM$28:$AM$228,0)), IF( _xlpm.Grp="", INDEX('DATA INDUK'!$I$28:$I$228, MATCH($A49,'DATA INDUK'!$AM$28:$AM$228,0)), _xlfn.TEXTJOIN(CHAR(10),TRUE, _xlfn._xlws.FILTER('DATA INDUK'!$I$28:$I$228, 'DATA INDUK'!$L$28:$L$228=_xlpm.Grp)) ) ))} | G49: - | H49: - | I49: - | J49: - | K49: - | L49: - | M49: - | N49: - | O49: - | P49: - | Q49: - | R49: - | S49: - | T49: - | U49: - | V49: - | W49: - | X49: - | Y49: =Y48+1 -> 29
... A89: =IFERROR(SMALL('DATA INDUK'!$AM$27:AM269,ROWS($A$21:A89)),"") | B89: =IF($A89="","",INDEX('DATA INDUK'!$H$28:$H$151,MATCH($A89,'DATA INDUK'!$AM$28:$AM$151,0))) | C89: {=IF($A89="","", _xlfn.LET( _xlpm.Grp,INDEX('DATA INDUK'!$L$28:$L$228, MATCH($A89,'DATA INDUK'!$AM$28:$AM$228,0)), _xlpm.SID,INDEX('DATA INDUK'!$C$28:$C$228, MATCH($A89,'DATA INDUK'!$AM$28:$AM$228,0)), IF( _xlpm.Grp="", _xlpm.SID, _xlfn.TEXTJOIN(CHAR(10),TRUE, _xlfn._xlws.FILTER('DATA INDUK'!$C$28:$C$228, 'DATA INDUK'!$L$28:$L$228=_xlpm.Grp)) ) ))} | D89: =IF($A89="","",INDEX('DATA INDUK'!$D$28:$D$151,MATCH($A89,'DATA INDUK'!$AM$28:$AM$151,0))) | E89: {=IF($A89="","", _xlfn.LET( _xlpm.Grp,INDEX('DATA INDUK'!$L$28:$L$228, MATCH($A89,'DATA INDUK'!$AM$28:$AM$228,0)), IF( _xlpm.Grp="", INDEX('DATA INDUK'!$I$28:$I$228, MATCH($A89,'DATA INDUK'!$AM$28:$AM$228,0)), _xlfn.TEXTJOIN(CHAR(10),TRUE, _xlfn._xlws.FILTER('DATA INDUK'!$I$28:$I$228, 'DATA INDUK'!$L$28:$L$228=_xlpm.Grp)) ) ))} | G89: - | H89: - | I89: - | J89: - | K89: - | L89: - | M89: - | N89: - | O89: - | P89: - | Q89: - | R89: - | S89: - | T89: - | U89: - | V89: - | W89: - | X89: - | Y89: =Y88+1 -> 69
A90: =IFERROR(SMALL('DATA INDUK'!$AM$27:AM270,ROWS($A$21:A90)),"") | B90: =IF($A90="","",INDEX('DATA INDUK'!$H$28:$H$151,MATCH($A90,'DATA INDUK'!$AM$28:$AM$151,0))) | C90: {=IF($A90="","", _xlfn.LET( _xlpm.Grp,INDEX('DATA INDUK'!$L$28:$L$228, MATCH($A90,'DATA INDUK'!$AM$28:$AM$228,0)), _xlpm.SID,INDEX('DATA INDUK'!$C$28:$C$228, MATCH($A90,'DATA INDUK'!$AM$28:$AM$228,0)), IF( _xlpm.Grp="", _xlpm.SID, _xlfn.TEXTJOIN(CHAR(10),TRUE, _xlfn._xlws.FILTER('DATA INDUK'!$C$28:$C$228, 'DATA INDUK'!$L$28:$L$228=_xlpm.Grp)) ) ))} | D90: =IF($A90="","",INDEX('DATA INDUK'!$D$28:$D$151,MATCH($A90,'DATA INDUK'!$AM$28:$AM$151,0))) | E90: {=IF($A90="","", _xlfn.LET( _xlpm.Grp,INDEX('DATA INDUK'!$L$28:$L$228, MATCH($A90,'DATA INDUK'!$AM$28:$AM$228,0)), IF( _xlpm.Grp="", INDEX('DATA INDUK'!$I$28:$I$228, MATCH($A90,'DATA INDUK'!$AM$28:$AM$228,0)), _xlfn.TEXTJOIN(CHAR(10),TRUE, _xlfn._xlws.FILTER('DATA INDUK'!$I$28:$I$228, 'DATA INDUK'!$L$28:$L$228=_xlpm.Grp)) ) ))} | Y90: =Y89+1 -> 70
A92: =IF( OR( COUNTIF($G$21:$X$90,"-")>0, COUNTIF($G$21:$X$90,"ND")>0 ), "Catatan / Notes: "&_xlfn.TEXTJOIN( "; ", TRUE, IF(COUNTIF($G$21:$X$90,"-")>0, "- : Pengujian tidak dilakukan / Test not performed", ""), IF(COUNTIF($G$21:$X$40,"ND")>0, "ND : Tidak dapat ditentukan / Non Determined", "") ), "" ) -> Catatan / Notes: - : Pengujian tidak dilakukan / Test not performed | Y92: =Y90+1 -> 71
A93: =IF($Z$18=1, "Parameter atau hasil tambahan yang diminta secara khusus oleh pelanggan dapat dilihat pada Laporan Hasil Uji (LHU) terkait. / Additional client-specific parameters or results shall refer to the corresponding Test Report.", "") -> Parameter atau hasil tambahan yang diminta secara khusus oleh pelanggan dapat dilihat pada Laporan Hasil Uji (LHU) terkait. / Additional client-specific parameters or results shall refer to the corresponding Test Report. | Y93: =Y92+1 -> 72
V94: SCAN FOR VERIFICATION
C96: Summary ini merupakan ringkasan hasil pengujian yang disusun berdasarkan Laporan Hasil Uji (LHU) terkait. Metode dan standar pengujian yang digunakan mengacu pada SNI atau standar lain yang tercantum dalam LHU masing-masing. Untuk informasi lengkap mengenai metode, standar, data, dan hasil pengujian, mengacu pada LHU yang bersangkutan. Apabila terdapat perbedaan data atau interpretasi, maka informasi yang tercantum dalam LHU yang bersangkutan menjadi acuan utama. | K96: This summary presents a compilation of test results derived from the corresponding Test Reports (LHU). The test methods and standards applied refer to the SNI or other standards specified in each respective Test Report. For complete information regarding test methods, standards, data, and test results, refer to the corresponding Test Report. In the event of any discrepancy in data or interpretation, the information stated in the respective Test Report shall prevail.
A97: KETERANGAN / REMARK

Sheet summary of compression
D2: PT. TERRAFORMA GEOTEKNIK INDONESIA | P2: RINGKASAN LAPORAN HASIL UJI
D3: " GROUND TRUTH THROUGH TESTING" | P3: TEST REPORT SUMMARY
B7: Nomor Laporan / Report Number | D7: =": "& IF('DATA INDUK'!$P$17="","",'DATA INDUK'!$P$17) -> : QMS/SUM-001/VI/2026
B8: Revisi / Revision | D8: =": "& IF('DATA INDUK'!$P$18="","",'DATA INDUK'!$P$18) -> : R0
B9: Tgl Revisi / Revision date | D9: =": "& IF('DATA INDUK'!$P$19="","",'DATA INDUK'!$P$19) -> : - | H9: Tgl Laporan / Report Date | J9: =": "& IF('DATA INDUK'!$P$20="","",TEXT('DATA INDUK'!$P$20,"dd mmmm yyyy")) -> : 20 June 2026 | Q9: Halaman /Pages | R9: =": 1 dari X" -> : 1 dari X
B14: RINGKASAN HASIL UJI KONSOLIDASI, PERMEABILITAS DAN SWELLING PRESSURE
B15: CONSOLIDATION, PERMEABILITY AND SWELLING PRESSURE TEST SUMMARY
C17: No. | D17: LAB. ID | E17: SAMPLE ID | F17: SAMPLE TYPE | G17: DEPTH INTERVAL | I17: CONSOLIDATION | M17: PERMEABILITY | O17: SWELLING PRESSURE
I18: Initial Void Ratio | J18: Preconsolidation Pressure | K18: Compression Index | L18: Recompression Index | M18: Permeability | N18: Corrected Permeability (20°C) | O18: Swelling Pressure | P18: Swelling Potential
I19: e₀ | J19: Pc | K19: Cc | L19: Cr | M19: k | N19: k20 | O19: Ps | P19: SP
I20: - | J20: kPa | K20: - | L20: - | M20: cm/s | N20: cm/s | O20: kPa | P20: % | T20: Spesial Request | U20: 1
